sparse_idx,i,j,label_i,label_j,source,g_i,g_j,E_pn_eV
0,0,1,1S,2S,CCC,2,2,10.20435
1,0,2,1S,2P,CCC,2,6,10.20435
2,0,3,1S,3S,CCC,2,2,12.09404444
3,0,4,1S,3P,CCC,2,6,12.09404444
4,0,5,1S,3D,CCC,2,10,12.09404444
5,0,6,1S,4S,CCC,2,2,12.7554375
6,0,7,1S,4P,CCC,2,6,12.7554375
7,0,8,1S,4D,CCC,2,10,12.7554375
8,0,9,1S,4F,CCC,2,14,12.7554375
9,0,10,1S,5S,CCC,2,2,13.061568
10,0,11,1S,5P,CCC,2,6,13.061568
11,0,12,1S,5D,CCC,2,10,13.061568
12,0,13,1S,5F,CCC,2,14,13.061568
13,0,14,1S,5G,CCC,2,18,13.061568
14,0,15,1S,6S,CCC,2,2,13.22786111
15,0,16,1S,6P,CCC,2,6,13.22786111
16,0,17,1S,6D,CCC,2,10,13.22786111
17,0,18,1S,6F,CCC,2,14,13.22786111
18,0,19,1S,6G,CCC,2,18,13.22786111
19,0,20,1S,6H,CCC,2,22,13.22786111
20,0,21,1S,7S,CCC,2,2,13.32813061
21,0,22,1S,7P,CCC,2,6,13.32813061
22,0,23,1S,7D,CCC,2,10,13.32813061
23,0,24,1S,7F,CCC,2,14,13.32813061
24,0,25,1S,7G,CCC,2,18,13.32813061
25,0,26,1S,7H,CCC,2,22,13.32813061
26,0,27,1S,7I,CCC,2,26,13.32813061
27,0,28,1S,8S,CCC,2,2,13.39320937
28,0,29,1S,8P,CCC,2,6,13.39320937
29,0,30,1S,8D,CCC,2,10,13.39320937
30,0,31,1S,8F,CCC,2,14,13.39320937
31,0,32,1S,8G,CCC,2,18,13.39320937
32,0,33,1S,8H,CCC,2,22,13.39320937
33,0,34,1S,8I,CCC,2,26,13.39320937
34,0,35,1S,8J,CCC,2,30,13.39320937
35,1,3,2S,3S,CCC,2,2,1.88969444
36,1,4,2S,3P,CCC,2,6,1.88969444
37,1,5,2S,3D,CCC,2,10,1.88969444
38,1,6,2S,4S,CCC,2,2,2.5510875
39,1,7,2S,4P,CCC,2,6,2.5510875
40,1,8,2S,4D,CCC,2,10,2.5510875
41,1,9,2S,4F,CCC,2,14,2.5510875
42,1,10,2S,5S,CCC,2,2,2.857218
43,1,11,2S,5P,CCC,2,6,2.857218
44,1,12,2S,5D,CCC,2,10,2.857218
45,1,13,2S,5F,CCC,2,14,2.857218
46,1,14,2S,5G,CCC,2,18,2.857218
47,1,15,2S,6S,CCC,2,2,3.02351111
48,1,16,2S,6P,CCC,2,6,3.02351111
49,1,17,2S,6D,CCC,2,10,3.02351111
50,1,18,2S,6F,CCC,2,14,3.02351111
51,1,19,2S,6G,CCC,2,18,3.02351111
52,1,20,2S,6H,CCC,2,22,3.02351111
53,1,21,2S,7S,CCC,2,2,3.12378061
54,1,22,2S,7P,CCC,2,6,3.12378061
55,1,23,2S,7D,CCC,2,10,3.12378061
56,1,24,2S,7F,CCC,2,14,3.12378061
57,1,25,2S,7G,CCC,2,18,3.12378061
58,1,26,2S,7H,CCC,2,22,3.12378061
59,1,27,2S,7I,CCC,2,26,3.12378061
60,1,28,2S,8S,CCC,2,2,3.18885938
61,1,29,2S,8P,CCC,2,6,3.18885938
62,1,30,2S,8D,CCC,2,10,3.18885938
63,1,31,2S,8F,CCC,2,14,3.18885938
64,1,32,2S,8G,CCC,2,18,3.18885938
65,1,33,2S,8H,CCC,2,22,3.18885938
66,1,34,2S,8I,CCC,2,26,3.18885938
67,1,35,2S,8J,CCC,2,30,3.18885938
68,2,3,2P,3S,CCC,6,2,1.88969444
69,2,4,2P,3P,CCC,6,6,1.88969444
70,2,5,2P,3D,CCC,6,10,1.88969444
71,2,6,2P,4S,CCC,6,2,2.5510875
72,2,7,2P,4P,CCC,6,6,2.5510875
73,2,8,2P,4D,CCC,6,10,2.5510875
74,2,9,2P,4F,CCC,6,14,2.5510875
75,2,10,2P,5S,CCC,6,2,2.857218
76,2,11,2P,5P,CCC,6,6,2.857218
77,2,12,2P,5D,CCC,6,10,2.857218
78,2,13,2P,5F,CCC,6,14,2.857218
79,2,14,2P,5G,CCC,6,18,2.857218
80,2,15,2P,6S,CCC,6,2,3.02351111
81,2,16,2P,6P,CCC,6,6,3.02351111
82,2,17,2P,6D,CCC,6,10,3.02351111
83,2,18,2P,6F,CCC,6,14,3.02351111
84,2,19,2P,6G,CCC,6,18,3.02351111
85,2,20,2P,6H,CCC,6,22,3.02351111
86,2,21,2P,7S,CCC,6,2,3.12378061
87,2,22,2P,7P,CCC,6,6,3.12378061
88,2,23,2P,7D,CCC,6,10,3.12378061
89,2,24,2P,7F,CCC,6,14,3.12378061
90,2,25,2P,7G,CCC,6,18,3.12378061
91,2,26,2P,7H,CCC,6,22,3.12378061
92,2,27,2P,7I,CCC,6,26,3.12378061
93,2,28,2P,8S,CCC,6,2,3.18885938
94,2,29,2P,8P,CCC,6,6,3.18885938
95,2,30,2P,8D,CCC,6,10,3.18885938
96,2,31,2P,8F,CCC,6,14,3.18885938
97,2,32,2P,8G,CCC,6,18,3.18885938
98,2,33,2P,8H,CCC,6,22,3.18885938
99,2,34,2P,8I,CCC,6,26,3.18885938
100,2,35,2P,8J,CCC,6,30,3.18885938
101,3,6,3S,4S,CCC,2,2,0.66139306
102,3,7,3S,4P,CCC,2,6,0.66139306
103,3,8,3S,4D,CCC,2,10,0.66139306
104,3,9,3S,4F,CCC,2,14,0.66139306
105,3,10,3S,5S,CCC,2,2,0.96752356
106,3,11,3S,5P,CCC,2,6,0.96752356
107,3,12,3S,5D,CCC,2,10,0.96752356
108,3,13,3S,5F,CCC,2,14,0.96752356
109,3,14,3S,5G,CCC,2,18,0.96752356
110,3,15,3S,6S,CCC,2,2,1.13381667
111,3,16,3S,6P,CCC,2,6,1.13381667
112,3,17,3S,6D,CCC,2,10,1.13381667
113,3,18,3S,6F,CCC,2,14,1.13381667
114,3,19,3S,6G,CCC,2,18,1.13381667
115,3,20,3S,6H,CCC,2,22,1.13381667
116,3,21,3S,7S,CCC,2,2,1.23408617
117,3,22,3S,7P,CCC,2,6,1.23408617
118,3,23,3S,7D,CCC,2,10,1.23408617
119,3,24,3S,7F,CCC,2,14,1.23408617
120,3,25,3S,7G,CCC,2,18,1.23408617
121,3,26,3S,7H,CCC,2,22,1.23408617
122,3,27,3S,7I,CCC,2,26,1.23408617
123,3,28,3S,8S,CCC,2,2,1.29916493
124,3,29,3S,8P,CCC,2,6,1.29916493
125,3,30,3S,8D,CCC,2,10,1.29916493
126,3,31,3S,8F,CCC,2,14,1.29916493
127,3,32,3S,8G,CCC,2,18,1.29916493
128,3,33,3S,8H,CCC,2,22,1.29916493
129,3,34,3S,8I,CCC,2,26,1.29916493
130,3,35,3S,8J,CCC,2,30,1.29916493
131,4,6,3P,4S,CCC,6,2,0.66139306
132,4,7,3P,4P,CCC,6,6,0.66139306
133,4,8,3P,4D,CCC,6,10,0.66139306
134,4,9,3P,4F,CCC,6,14,0.66139306
135,4,10,3P,5S,CCC,6,2,0.96752356
136,4,11,3P,5P,CCC,6,6,0.96752356
137,4,12,3P,5D,CCC,6,10,0.96752356
138,4,13,3P,5F,CCC,6,14,0.96752356
139,4,14,3P,5G,CCC,6,18,0.96752356
140,4,15,3P,6S,CCC,6,2,1.13381667
141,4,16,3P,6P,CCC,6,6,1.13381667
142,4,17,3P,6D,CCC,6,10,1.13381667
143,4,18,3P,6F,CCC,6,14,1.13381667
144,4,19,3P,6G,CCC,6,18,1.13381667
145,4,20,3P,6H,CCC,6,22,1.13381667
146,4,21,3P,7S,CCC,6,2,1.23408617
147,4,22,3P,7P,CCC,6,6,1.23408617
148,4,23,3P,7D,CCC,6,10,1.23408617
149,4,24,3P,7F,CCC,6,14,1.23408617
150,4,25,3P,7G,CCC,6,18,1.23408617
151,4,26,3P,7H,CCC,6,22,1.23408617
152,4,27,3P,7I,CCC,6,26,1.23408617
153,4,28,3P,8S,CCC,6,2,1.29916493
154,4,29,3P,8P,CCC,6,6,1.29916493
155,4,30,3P,8D,CCC,6,10,1.29916493
156,4,31,3P,8F,CCC,6,14,1.29916493
157,4,32,3P,8G,CCC,6,18,1.29916493
158,4,33,3P,8H,CCC,6,22,1.29916493
159,4,34,3P,8I,CCC,6,26,1.29916493
160,4,35,3P,8J,CCC,6,30,1.29916493
161,5,6,3D,4S,CCC,10,2,0.66139306
162,5,7,3D,4P,CCC,10,6,0.66139306
163,5,8,3D,4D,CCC,10,10,0.66139306
164,5,9,3D,4F,CCC,10,14,0.66139306
165,5,10,3D,5S,CCC,10,2,0.96752356
166,5,11,3D,5P,CCC,10,6,0.96752356
167,5,12,3D,5D,CCC,10,10,0.96752356
168,5,13,3D,5F,CCC,10,14,0.96752356
169,5,14,3D,5G,CCC,10,18,0.96752356
170,5,15,3D,6S,CCC,10,2,1.13381667
171,5,16,3D,6P,CCC,10,6,1.13381667
172,5,17,3D,6D,CCC,10,10,1.13381667
173,5,18,3D,6F,CCC,10,14,1.13381667
174,5,19,3D,6G,CCC,10,18,1.13381667
175,5,20,3D,6H,CCC,10,22,1.13381667
176,5,21,3D,7S,CCC,10,2,1.23408617
177,5,22,3D,7P,CCC,10,6,1.23408617
178,5,23,3D,7D,CCC,10,10,1.23408617
179,5,24,3D,7F,CCC,10,14,1.23408617
180,5,25,3D,7G,CCC,10,18,1.23408617
181,5,26,3D,7H,CCC,10,22,1.23408617
182,5,27,3D,7I,CCC,10,26,1.23408617
183,5,28,3D,8S,CCC,10,2,1.29916493
184,5,29,3D,8P,CCC,10,6,1.29916493
185,5,30,3D,8D,CCC,10,10,1.29916493
186,5,31,3D,8F,CCC,10,14,1.29916493
187,5,32,3D,8G,CCC,10,18,1.29916493
188,5,33,3D,8H,CCC,10,22,1.29916493
189,5,34,3D,8I,CCC,10,26,1.29916493
190,5,35,3D,8J,CCC,10,30,1.29916493
191,6,10,4S,5S,CCC,2,2,0.3061305
192,6,11,4S,5P,CCC,2,6,0.3061305
193,6,12,4S,5D,CCC,2,10,0.3061305
194,6,13,4S,5F,CCC,2,14,0.3061305
195,6,14,4S,5G,CCC,2,18,0.3061305
196,6,15,4S,6S,CCC,2,2,0.47242361
197,6,16,4S,6P,CCC,2,6,0.47242361
198,6,17,4S,6D,CCC,2,10,0.47242361
199,6,18,4S,6F,CCC,2,14,0.47242361
200,6,19,4S,6G,CCC,2,18,0.47242361
201,6,20,4S,6H,CCC,2,22,0.47242361
202,6,21,4S,7S,CCC,2,2,0.57269311
203,6,22,4S,7P,CCC,2,6,0.57269311
204,6,23,4S,7D,CCC,2,10,0.57269311
205,6,24,4S,7F,CCC,2,14,0.57269311
206,6,25,4S,7G,CCC,2,18,0.57269311
207,6,26,4S,7H,CCC,2,22,0.57269311
208,6,27,4S,7I,CCC,2,26,0.57269311
209,6,28,4S,8S,CCC,2,2,0.63777187
210,6,29,4S,8P,CCC,2,6,0.63777187
211,6,30,4S,8D,CCC,2,10,0.63777187
212,6,31,4S,8F,CCC,2,14,0.63777187
213,6,32,4S,8G,CCC,2,18,0.63777187
214,6,33,4S,8H,CCC,2,22,0.63777187
215,6,34,4S,8I,CCC,2,26,0.63777187
216,6,35,4S,8J,CCC,2,30,0.63777187
217,7,10,4P,5S,CCC,6,2,0.3061305
218,7,11,4P,5P,CCC,6,6,0.3061305
219,7,12,4P,5D,CCC,6,10,0.3061305
220,7,13,4P,5F,CCC,6,14,0.3061305
221,7,14,4P,5G,CCC,6,18,0.3061305
222,7,15,4P,6S,CCC,6,2,0.47242361
223,7,16,4P,6P,CCC,6,6,0.47242361
224,7,17,4P,6D,CCC,6,10,0.47242361
225,7,18,4P,6F,CCC,6,14,0.47242361
226,7,19,4P,6G,CCC,6,18,0.47242361
227,7,20,4P,6H,CCC,6,22,0.47242361
228,7,21,4P,7S,CCC,6,2,0.57269311
229,7,22,4P,7P,CCC,6,6,0.57269311
230,7,23,4P,7D,CCC,6,10,0.57269311
231,7,24,4P,7F,CCC,6,14,0.57269311
232,7,25,4P,7G,CCC,6,18,0.57269311
233,7,26,4P,7H,CCC,6,22,0.57269311
234,7,27,4P,7I,CCC,6,26,0.57269311
235,7,28,4P,8S,CCC,6,2,0.63777187
236,7,29,4P,8P,CCC,6,6,0.63777187
237,7,30,4P,8D,CCC,6,10,0.63777187
238,7,31,4P,8F,CCC,6,14,0.63777187
239,7,32,4P,8G,CCC,6,18,0.63777187
240,7,33,4P,8H,CCC,6,22,0.63777187
241,7,34,4P,8I,CCC,6,26,0.63777187
242,7,35,4P,8J,CCC,6,30,0.63777187
243,8,10,4D,5S,CCC,10,2,0.3061305
244,8,11,4D,5P,CCC,10,6,0.3061305
245,8,12,4D,5D,CCC,10,10,0.3061305
246,8,13,4D,5F,CCC,10,14,0.3061305
247,8,14,4D,5G,CCC,10,18,0.3061305
248,8,15,4D,6S,CCC,10,2,0.47242361
249,8,16,4D,6P,CCC,10,6,0.47242361
250,8,17,4D,6D,CCC,10,10,0.47242361
251,8,18,4D,6F,CCC,10,14,0.47242361
252,8,19,4D,6G,CCC,10,18,0.47242361
253,8,20,4D,6H,CCC,10,22,0.47242361
254,8,21,4D,7S,CCC,10,2,0.57269311
255,8,22,4D,7P,CCC,10,6,0.57269311
256,8,23,4D,7D,CCC,10,10,0.57269311
257,8,24,4D,7F,CCC,10,14,0.57269311
258,8,25,4D,7G,CCC,10,18,0.57269311
259,8,26,4D,7H,CCC,10,22,0.57269311
260,8,27,4D,7I,CCC,10,26,0.57269311
261,8,28,4D,8S,CCC,10,2,0.63777187
262,8,29,4D,8P,CCC,10,6,0.63777187
263,8,30,4D,8D,CCC,10,10,0.63777187
264,8,31,4D,8F,CCC,10,14,0.63777187
265,8,32,4D,8G,CCC,10,18,0.63777187
266,8,33,4D,8H,CCC,10,22,0.63777187
267,8,34,4D,8I,CCC,10,26,0.63777187
268,8,35,4D,8J,CCC,10,30,0.63777187
269,9,10,4F,5S,CCC,14,2,0.3061305
270,9,11,4F,5P,CCC,14,6,0.3061305
271,9,12,4F,5D,CCC,14,10,0.3061305
272,9,13,4F,5F,CCC,14,14,0.3061305
273,9,14,4F,5G,CCC,14,18,0.3061305
274,9,15,4F,6S,CCC,14,2,0.47242361
275,9,16,4F,6P,CCC,14,6,0.47242361
276,9,17,4F,6D,CCC,14,10,0.47242361
277,9,18,4F,6F,CCC,14,14,0.47242361
278,9,19,4F,6G,CCC,14,18,0.47242361
279,9,20,4F,6H,CCC,14,22,0.47242361
280,9,21,4F,7S,CCC,14,2,0.57269311
281,9,22,4F,7P,CCC,14,6,0.57269311
282,9,23,4F,7D,CCC,14,10,0.57269311
283,9,24,4F,7F,CCC,14,14,0.57269311
284,9,25,4F,7G,CCC,14,18,0.57269311
285,9,26,4F,7H,CCC,14,22,0.57269311
286,9,27,4F,7I,CCC,14,26,0.57269311
287,9,28,4F,8S,CCC,14,2,0.63777187
288,9,29,4F,8P,CCC,14,6,0.63777187
289,9,30,4F,8D,CCC,14,10,0.63777187
290,9,31,4F,8F,CCC,14,14,0.63777187
291,9,32,4F,8G,CCC,14,18,0.63777187
292,9,33,4F,8H,CCC,14,22,0.63777187
293,9,34,4F,8I,CCC,14,26,0.63777187
294,9,35,4F,8J,CCC,14,30,0.63777187
295,10,15,5S,6S,CCC,2,2,0.16629311
296,10,16,5S,6P,CCC,2,6,0.16629311
297,10,17,5S,6D,CCC,2,10,0.16629311
298,10,18,5S,6F,CCC,2,14,0.16629311
299,10,19,5S,6G,CCC,2,18,0.16629311
300,10,20,5S,6H,CCC,2,22,0.16629311
301,10,21,5S,7S,CCC,2,2,0.26656261
302,10,22,5S,7P,CCC,2,6,0.26656261
303,10,23,5S,7D,CCC,2,10,0.26656261
304,10,24,5S,7F,CCC,2,14,0.26656261
305,10,25,5S,7G,CCC,2,18,0.26656261
306,10,26,5S,7H,CCC,2,22,0.26656261
307,10,27,5S,7I,CCC,2,26,0.26656261
308,10,28,5S,8S,CCC,2,2,0.33164138
309,10,29,5S,8P,CCC,2,6,0.33164138
310,10,30,5S,8D,CCC,2,10,0.33164138
311,10,31,5S,8F,CCC,2,14,0.33164138
312,10,32,5S,8G,CCC,2,18,0.33164138
313,10,33,5S,8H,CCC,2,22,0.33164138
314,10,34,5S,8I,CCC,2,26,0.33164138
315,10,35,5S,8J,CCC,2,30,0.33164138
316,11,15,5P,6S,CCC,6,2,0.16629311
317,11,16,5P,6P,CCC,6,6,0.16629311
318,11,17,5P,6D,CCC,6,10,0.16629311
319,11,18,5P,6F,CCC,6,14,0.16629311
320,11,19,5P,6G,CCC,6,18,0.16629311
321,11,20,5P,6H,CCC,6,22,0.16629311
322,11,21,5P,7S,CCC,6,2,0.26656261
323,11,22,5P,7P,CCC,6,6,0.26656261
324,11,23,5P,7D,CCC,6,10,0.26656261
325,11,24,5P,7F,CCC,6,14,0.26656261
326,11,25,5P,7G,CCC,6,18,0.26656261
327,11,26,5P,7H,CCC,6,22,0.26656261
328,11,27,5P,7I,CCC,6,26,0.26656261
329,11,28,5P,8S,CCC,6,2,0.33164138
330,11,29,5P,8P,CCC,6,6,0.33164138
331,11,30,5P,8D,CCC,6,10,0.33164138
332,11,31,5P,8F,CCC,6,14,0.33164138
333,11,32,5P,8G,CCC,6,18,0.33164138
334,11,33,5P,8H,CCC,6,22,0.33164138
335,11,34,5P,8I,CCC,6,26,0.33164138
336,11,35,5P,8J,CCC,6,30,0.33164138
337,12,15,5D,6S,CCC,10,2,0.16629311
338,12,16,5D,6P,CCC,10,6,0.16629311
339,12,17,5D,6D,CCC,10,10,0.16629311
340,12,18,5D,6F,CCC,10,14,0.16629311
341,12,19,5D,6G,CCC,10,18,0.16629311
342,12,20,5D,6H,CCC,10,22,0.16629311
343,12,21,5D,7S,CCC,10,2,0.26656261
344,12,22,5D,7P,CCC,10,6,0.26656261
345,12,23,5D,7D,CCC,10,10,0.26656261
346,12,24,5D,7F,CCC,10,14,0.26656261
347,12,25,5D,7G,CCC,10,18,0.26656261
348,12,26,5D,7H,CCC,10,22,0.26656261
349,12,27,5D,7I,CCC,10,26,0.26656261
350,12,28,5D,8S,CCC,10,2,0.33164138
351,12,29,5D,8P,CCC,10,6,0.33164138
352,12,30,5D,8D,CCC,10,10,0.33164138
353,12,31,5D,8F,CCC,10,14,0.33164138
354,12,32,5D,8G,CCC,10,18,0.33164138
355,12,33,5D,8H,CCC,10,22,0.33164138
356,12,34,5D,8I,CCC,10,26,0.33164138
357,12,35,5D,8J,CCC,10,30,0.33164138
358,13,15,5F,6S,CCC,14,2,0.16629311
359,13,16,5F,6P,CCC,14,6,0.16629311
360,13,17,5F,6D,CCC,14,10,0.16629311
361,13,18,5F,6F,CCC,14,14,0.16629311
362,13,19,5F,6G,CCC,14,18,0.16629311
363,13,20,5F,6H,CCC,14,22,0.16629311
364,13,21,5F,7S,CCC,14,2,0.26656261
365,13,22,5F,7P,CCC,14,6,0.26656261
366,13,23,5F,7D,CCC,14,10,0.26656261
367,13,24,5F,7F,CCC,14,14,0.26656261
368,13,25,5F,7G,CCC,14,18,0.26656261
369,13,26,5F,7H,CCC,14,22,0.26656261
370,13,27,5F,7I,CCC,14,26,0.26656261
371,13,28,5F,8S,CCC,14,2,0.33164138
372,13,29,5F,8P,CCC,14,6,0.33164138
373,13,30,5F,8D,CCC,14,10,0.33164138
374,13,31,5F,8F,CCC,14,14,0.33164138
375,13,32,5F,8G,CCC,14,18,0.33164138
376,13,33,5F,8H,CCC,14,22,0.33164138
377,13,34,5F,8I,CCC,14,26,0.33164138
378,13,35,5F,8J,CCC,14,30,0.33164138
379,14,15,5G,6S,CCC,18,2,0.16629311
380,14,16,5G,6P,CCC,18,6,0.16629311
381,14,17,5G,6D,CCC,18,10,0.16629311
382,14,18,5G,6F,CCC,18,14,0.16629311
383,14,19,5G,6G,CCC,18,18,0.16629311
384,14,20,5G,6H,CCC,18,22,0.16629311
385,14,21,5G,7S,CCC,18,2,0.26656261
386,14,22,5G,7P,CCC,18,6,0.26656261
387,14,23,5G,7D,CCC,18,10,0.26656261
388,14,24,5G,7F,CCC,18,14,0.26656261
389,14,25,5G,7G,CCC,18,18,0.26656261
390,14,26,5G,7H,CCC,18,22,0.26656261
391,14,27,5G,7I,CCC,18,26,0.26656261
392,14,28,5G,8S,CCC,18,2,0.33164138
393,14,29,5G,8P,CCC,18,6,0.33164138
394,14,30,5G,8D,CCC,18,10,0.33164138
395,14,31,5G,8F,CCC,18,14,0.33164138
396,14,32,5G,8G,CCC,18,18,0.33164138
397,14,33,5G,8H,CCC,18,22,0.33164138
398,14,34,5G,8I,CCC,18,26,0.33164138
399,14,35,5G,8J,CCC,18,30,0.33164138
400,15,21,6S,7S,CCC,2,2,0.1002695
401,15,22,6S,7P,CCC,2,6,0.1002695
402,15,23,6S,7D,CCC,2,10,0.1002695
403,15,24,6S,7F,CCC,2,14,0.1002695
404,15,25,6S,7G,CCC,2,18,0.1002695
405,15,26,6S,7H,CCC,2,22,0.1002695
406,15,27,6S,7I,CCC,2,26,0.1002695
407,15,28,6S,8S,CCC,2,2,0.16534826
408,15,29,6S,8P,CCC,2,6,0.16534826
409,15,30,6S,8D,CCC,2,10,0.16534826
410,15,31,6S,8F,CCC,2,14,0.16534826
411,15,32,6S,8G,CCC,2,18,0.16534826
412,15,33,6S,8H,CCC,2,22,0.16534826
413,15,34,6S,8I,CCC,2,26,0.16534826
414,15,35,6S,8J,CCC,2,30,0.16534826
415,16,21,6P,7S,CCC,6,2,0.1002695
416,16,22,6P,7P,CCC,6,6,0.1002695
417,16,23,6P,7D,CCC,6,10,0.1002695
418,16,24,6P,7F,CCC,6,14,0.1002695
419,16,25,6P,7G,CCC,6,18,0.1002695
420,16,26,6P,7H,CCC,6,22,0.1002695
421,16,27,6P,7I,CCC,6,26,0.1002695
422,16,28,6P,8S,CCC,6,2,0.16534826
423,16,29,6P,8P,CCC,6,6,0.16534826
424,16,30,6P,8D,CCC,6,10,0.16534826
425,16,31,6P,8F,CCC,6,14,0.16534826
426,16,32,6P,8G,CCC,6,18,0.16534826
427,16,33,6P,8H,CCC,6,22,0.16534826
428,16,34,6P,8I,CCC,6,26,0.16534826
429,16,35,6P,8J,CCC,6,30,0.16534826
430,17,21,6D,7S,CCC,10,2,0.1002695
431,17,22,6D,7P,CCC,10,6,0.1002695
432,17,23,6D,7D,CCC,10,10,0.1002695
433,17,24,6D,7F,CCC,10,14,0.1002695
434,17,25,6D,7G,CCC,10,18,0.1002695
435,17,26,6D,7H,CCC,10,22,0.1002695
436,17,27,6D,7I,CCC,10,26,0.1002695
437,17,28,6D,8S,CCC,10,2,0.16534826
438,17,29,6D,8P,CCC,10,6,0.16534826
439,17,30,6D,8D,CCC,10,10,0.16534826
440,17,31,6D,8F,CCC,10,14,0.16534826
441,17,32,6D,8G,CCC,10,18,0.16534826
442,17,33,6D,8H,CCC,10,22,0.16534826
443,17,34,6D,8I,CCC,10,26,0.16534826
444,17,35,6D,8J,CCC,10,30,0.16534826
445,18,21,6F,7S,CCC,14,2,0.1002695
446,18,22,6F,7P,CCC,14,6,0.1002695
447,18,23,6F,7D,CCC,14,10,0.1002695
448,18,24,6F,7F,CCC,14,14,0.1002695
449,18,25,6F,7G,CCC,14,18,0.1002695
450,18,26,6F,7H,CCC,14,22,0.1002695
451,18,27,6F,7I,CCC,14,26,0.1002695
452,18,28,6F,8S,CCC,14,2,0.16534826
453,18,29,6F,8P,CCC,14,6,0.16534826
454,18,30,6F,8D,CCC,14,10,0.16534826
455,18,31,6F,8F,CCC,14,14,0.16534826
456,18,32,6F,8G,CCC,14,18,0.16534826
457,18,33,6F,8H,CCC,14,22,0.16534826
458,18,34,6F,8I,CCC,14,26,0.16534826
459,18,35,6F,8J,CCC,14,30,0.16534826
460,19,21,6G,7S,CCC,18,2,0.1002695
461,19,22,6G,7P,CCC,18,6,0.1002695
462,19,23,6G,7D,CCC,18,10,0.1002695
463,19,24,6G,7F,CCC,18,14,0.1002695
464,19,25,6G,7G,CCC,18,18,0.1002695
465,19,26,6G,7H,CCC,18,22,0.1002695
466,19,27,6G,7I,CCC,18,26,0.1002695
467,19,28,6G,8S,CCC,18,2,0.16534826
468,19,29,6G,8P,CCC,18,6,0.16534826
469,19,30,6G,8D,CCC,18,10,0.16534826
470,19,31,6G,8F,CCC,18,14,0.16534826
471,19,32,6G,8G,CCC,18,18,0.16534826
472,19,33,6G,8H,CCC,18,22,0.16534826
473,19,34,6G,8I,CCC,18,26,0.16534826
474,19,35,6G,8J,CCC,18,30,0.16534826
475,20,21,6H,7S,CCC,22,2,0.1002695
476,20,22,6H,7P,CCC,22,6,0.1002695
477,20,23,6H,7D,CCC,22,10,0.1002695
478,20,24,6H,7F,CCC,22,14,0.1002695
479,20,25,6H,7G,CCC,22,18,0.1002695
480,20,26,6H,7H,CCC,22,22,0.1002695
481,20,27,6H,7I,CCC,22,26,0.1002695
482,20,28,6H,8S,CCC,22,2,0.16534826
483,20,29,6H,8P,CCC,22,6,0.16534826
484,20,30,6H,8D,CCC,22,10,0.16534826
485,20,31,6H,8F,CCC,22,14,0.16534826
486,20,32,6H,8G,CCC,22,18,0.16534826
487,20,33,6H,8H,CCC,22,22,0.16534826
488,20,34,6H,8I,CCC,22,26,0.16534826
489,20,35,6H,8J,CCC,22,30,0.16534826
490,21,28,7S,8S,CCC,2,2,0.06507876
491,21,29,7S,8P,CCC,2,6,0.06507876
492,21,30,7S,8D,CCC,2,10,0.06507876
493,21,31,7S,8F,CCC,2,14,0.06507876
494,21,32,7S,8G,CCC,2,18,0.06507876
495,21,33,7S,8H,CCC,2,22,0.06507876
496,21,34,7S,8I,CCC,2,26,0.06507876
497,21,35,7S,8J,CCC,2,30,0.06507876
498,22,28,7P,8S,CCC,6,2,0.06507876
499,22,29,7P,8P,CCC,6,6,0.06507876
500,22,30,7P,8D,CCC,6,10,0.06507876
501,22,31,7P,8F,CCC,6,14,0.06507876
502,22,32,7P,8G,CCC,6,18,0.06507876
503,22,33,7P,8H,CCC,6,22,0.06507876
504,22,34,7P,8I,CCC,6,26,0.06507876
505,22,35,7P,8J,CCC,6,30,0.06507876
506,23,28,7D,8S,CCC,10,2,0.06507876
507,23,29,7D,8P,CCC,10,6,0.06507876
508,23,30,7D,8D,CCC,10,10,0.06507876
509,23,31,7D,8F,CCC,10,14,0.06507876
510,23,32,7D,8G,CCC,10,18,0.06507876
511,23,33,7D,8H,CCC,10,22,0.06507876
512,23,34,7D,8I,CCC,10,26,0.06507876
513,23,35,7D,8J,CCC,10,30,0.06507876
514,24,28,7F,8S,CCC,14,2,0.06507876
515,24,29,7F,8P,CCC,14,6,0.06507876
516,24,30,7F,8D,CCC,14,10,0.06507876
517,24,31,7F,8F,CCC,14,14,0.06507876
518,24,32,7F,8G,CCC,14,18,0.06507876
519,24,33,7F,8H,CCC,14,22,0.06507876
520,24,34,7F,8I,CCC,14,26,0.06507876
521,24,35,7F,8J,CCC,14,30,0.06507876
522,25,28,7G,8S,CCC,18,2,0.06507876
523,25,29,7G,8P,CCC,18,6,0.06507876
524,25,30,7G,8D,CCC,18,10,0.06507876
525,25,31,7G,8F,CCC,18,14,0.06507876
526,25,32,7G,8G,CCC,18,18,0.06507876
527,25,33,7G,8H,CCC,18,22,0.06507876
528,25,34,7G,8I,CCC,18,26,0.06507876
529,25,35,7G,8J,CCC,18,30,0.06507876
530,26,28,7H,8S,CCC,22,2,0.06507876
531,26,29,7H,8P,CCC,22,6,0.06507876
532,26,30,7H,8D,CCC,22,10,0.06507876
533,26,31,7H,8F,CCC,22,14,0.06507876
534,26,32,7H,8G,CCC,22,18,0.06507876
535,26,33,7H,8H,CCC,22,22,0.06507876
536,26,34,7H,8I,CCC,22,26,0.06507876
537,26,35,7H,8J,CCC,22,30,0.06507876
538,27,28,7I,8S,CCC,26,2,0.06507876
539,27,29,7I,8P,CCC,26,6,0.06507876
540,27,30,7I,8D,CCC,26,10,0.06507876
541,27,31,7I,8F,CCC,26,14,0.06507876
542,27,32,7I,8G,CCC,26,18,0.06507876
543,27,33,7I,8H,CCC,26,22,0.06507876
544,27,34,7I,8I,CCC,26,26,0.06507876
545,27,35,7I,8J,CCC,26,30,0.06507876
546,0,36,1S,n9,CCC_n9,2,162,13.43782716
547,1,36,2S,n9,CCC_n9,2,162,3.23347716
548,2,36,2P,n9,CCC_n9,6,162,3.23347716
549,3,36,3S,n9,CCC_n9,2,162,1.34378272
550,4,36,3P,n9,CCC_n9,6,162,1.34378272
551,5,36,3D,n9,CCC_n9,10,162,1.34378272
552,6,36,4S,n9,CCC_n9,2,162,0.68238966
553,7,36,4P,n9,CCC_n9,6,162,0.68238966
554,8,36,4D,n9,CCC_n9,10,162,0.68238966
555,9,36,4F,n9,CCC_n9,14,162,0.68238966
556,10,36,5S,n9,CCC_n9,2,162,0.37625916
557,11,36,5P,n9,CCC_n9,6,162,0.37625916
558,12,36,5D,n9,CCC_n9,10,162,0.37625916
559,13,36,5F,n9,CCC_n9,14,162,0.37625916
560,14,36,5G,n9,CCC_n9,18,162,0.37625916
561,15,36,6S,n9,CCC_n9,2,162,0.20996605
562,16,36,6P,n9,CCC_n9,6,162,0.20996605
563,17,36,6D,n9,CCC_n9,10,162,0.20996605
564,18,36,6F,n9,CCC_n9,14,162,0.20996605
565,19,36,6G,n9,CCC_n9,18,162,0.20996605
566,20,36,6H,n9,CCC_n9,22,162,0.20996605
567,21,36,7S,n9,CCC_n9,2,162,0.10969655
568,22,36,7P,n9,CCC_n9,6,162,0.10969655
569,23,36,7D,n9,CCC_n9,10,162,0.10969655
570,24,36,7F,n9,CCC_n9,14,162,0.10969655
571,25,36,7G,n9,CCC_n9,18,162,0.10969655
572,26,36,7H,n9,CCC_n9,22,162,0.10969655
573,27,36,7I,n9,CCC_n9,26,162,0.10969655
574,28,36,8S,n9,CCC_n9,2,162,0.04461779
575,29,36,8P,n9,CCC_n9,6,162,0.04461779
576,30,36,8D,n9,CCC_n9,10,162,0.04461779
577,31,36,8F,n9,CCC_n9,14,162,0.04461779
578,32,36,8G,n9,CCC_n9,18,162,0.04461779
579,33,36,8H,n9,CCC_n9,22,162,0.04461779
580,34,36,8I,n9,CCC_n9,26,162,0.04461779
581,35,36,8J,n9,CCC_n9,30,162,0.04461779
582,0,37,1S,n10,CCC_n10,2,200,13.469742
583,1,37,2S,n10,CCC_n10,2,200,3.265392
584,2,37,2P,n10,CCC_n10,6,200,3.265392
585,3,37,3S,n10,CCC_n10,2,200,1.37569756
586,4,37,3P,n10,CCC_n10,6,200,1.37569756
587,5,37,3D,n10,CCC_n10,10,200,1.37569756
588,6,37,4S,n10,CCC_n10,2,200,0.7143045
589,7,37,4P,n10,CCC_n10,6,200,0.7143045
590,8,37,4D,n10,CCC_n10,10,200,0.7143045
591,9,37,4F,n10,CCC_n10,14,200,0.7143045
592,10,37,5S,n10,CCC_n10,2,200,0.408174
593,11,37,5P,n10,CCC_n10,6,200,0.408174
594,12,37,5D,n10,CCC_n10,10,200,0.408174
595,13,37,5F,n10,CCC_n10,14,200,0.408174
596,14,37,5G,n10,CCC_n10,18,200,0.408174
597,15,37,6S,n10,CCC_n10,2,200,0.24188089
598,16,37,6P,n10,CCC_n10,6,200,0.24188089
599,17,37,6D,n10,CCC_n10,10,200,0.24188089
600,18,37,6F,n10,CCC_n10,14,200,0.24188089
601,19,37,6G,n10,CCC_n10,18,200,0.24188089
602,20,37,6H,n10,CCC_n10,22,200,0.24188089
603,21,37,7S,n10,CCC_n10,2,200,0.14161139
604,22,37,7P,n10,CCC_n10,6,200,0.14161139
605,23,37,7D,n10,CCC_n10,10,200,0.14161139
606,24,37,7F,n10,CCC_n10,14,200,0.14161139
607,25,37,7G,n10,CCC_n10,18,200,0.14161139
608,26,37,7H,n10,CCC_n10,22,200,0.14161139
609,27,37,7I,n10,CCC_n10,26,200,0.14161139
610,28,37,8S,n10,CCC_n10,2,200,0.07653262
611,29,37,8P,n10,CCC_n10,6,200,0.07653262
612,30,37,8D,n10,CCC_n10,10,200,0.07653262
613,31,37,8F,n10,CCC_n10,14,200,0.07653262
614,32,37,8G,n10,CCC_n10,18,200,0.07653262
615,33,37,8H,n10,CCC_n10,22,200,0.07653262
616,34,37,8I,n10,CCC_n10,26,200,0.07653262
617,35,37,8J,n10,CCC_n10,30,200,0.07653262
618,0,38,1S,n11,VS,2,242,13.49335537
619,1,38,2S,n11,VS,2,242,3.28900537
620,2,38,2P,n11,VS,6,242,3.28900537
621,3,38,3S,n11,VS,2,242,1.39931093
622,4,38,3P,n11,VS,6,242,1.39931093
623,5,38,3D,n11,VS,10,242,1.39931093
624,6,38,4S,n11,VS,2,242,0.73791787
625,7,38,4P,n11,VS,6,242,0.73791787
626,8,38,4D,n11,VS,10,242,0.73791787
627,9,38,4F,n11,VS,14,242,0.73791787
628,10,38,5S,n11,VS,2,242,0.43178737
629,11,38,5P,n11,VS,6,242,0.43178737
630,12,38,5D,n11,VS,10,242,0.43178737
631,13,38,5F,n11,VS,14,242,0.43178737
632,14,38,5G,n11,VS,18,242,0.43178737
633,15,38,6S,n11,VS,2,242,0.26549426
634,16,38,6P,n11,VS,6,242,0.26549426
635,17,38,6D,n11,VS,10,242,0.26549426
636,18,38,6F,n11,VS,14,242,0.26549426
637,19,38,6G,n11,VS,18,242,0.26549426
638,20,38,6H,n11,VS,22,242,0.26549426
639,21,38,7S,n11,VS,2,242,0.16522476
640,22,38,7P,n11,VS,6,242,0.16522476
641,23,38,7D,n11,VS,10,242,0.16522476
642,24,38,7F,n11,VS,14,242,0.16522476
643,25,38,7G,n11,VS,18,242,0.16522476
644,26,38,7H,n11,VS,22,242,0.16522476
645,27,38,7I,n11,VS,26,242,0.16522476
646,28,38,8S,n11,VS,2,242,0.100146
647,29,38,8P,n11,VS,6,242,0.100146
648,30,38,8D,n11,VS,10,242,0.100146
649,31,38,8F,n11,VS,14,242,0.100146
650,32,38,8G,n11,VS,18,242,0.100146
651,33,38,8H,n11,VS,22,242,0.100146
652,34,38,8I,n11,VS,26,242,0.100146
653,35,38,8J,n11,VS,30,242,0.100146
654,0,39,1S,n12,VS,2,288,13.51131528
655,1,39,2S,n12,VS,2,288,3.30696528
656,2,39,2P,n12,VS,6,288,3.30696528
657,3,39,3S,n12,VS,2,288,1.41727083
658,4,39,3P,n12,VS,6,288,1.41727083
659,5,39,3D,n12,VS,10,288,1.41727083
660,6,39,4S,n12,VS,2,288,0.75587778
661,7,39,4P,n12,VS,6,288,0.75587778
662,8,39,4D,n12,VS,10,288,0.75587778
663,9,39,4F,n12,VS,14,288,0.75587778
664,10,39,5S,n12,VS,2,288,0.44974728
665,11,39,5P,n12,VS,6,288,0.44974728
666,12,39,5D,n12,VS,10,288,0.44974728
667,13,39,5F,n12,VS,14,288,0.44974728
668,14,39,5G,n12,VS,18,288,0.44974728
669,15,39,6S,n12,VS,2,288,0.28345417
670,16,39,6P,n12,VS,6,288,0.28345417
671,17,39,6D,n12,VS,10,288,0.28345417
672,18,39,6F,n12,VS,14,288,0.28345417
673,19,39,6G,n12,VS,18,288,0.28345417
674,20,39,6H,n12,VS,22,288,0.28345417
675,21,39,7S,n12,VS,2,288,0.18318467
676,22,39,7P,n12,VS,6,288,0.18318467
677,23,39,7D,n12,VS,10,288,0.18318467
678,24,39,7F,n12,VS,14,288,0.18318467
679,25,39,7G,n12,VS,18,288,0.18318467
680,26,39,7H,n12,VS,22,288,0.18318467
681,27,39,7I,n12,VS,26,288,0.18318467
682,28,39,8S,n12,VS,2,288,0.1181059
683,29,39,8P,n12,VS,6,288,0.1181059
684,30,39,8D,n12,VS,10,288,0.1181059
685,31,39,8F,n12,VS,14,288,0.1181059
686,32,39,8G,n12,VS,18,288,0.1181059
687,33,39,8H,n12,VS,22,288,0.1181059
688,34,39,8I,n12,VS,26,288,0.1181059
689,35,39,8J,n12,VS,30,288,0.1181059
690,0,40,1S,n13,VS,2,338,13.52529231
691,1,40,2S,n13,VS,2,338,3.32094231
692,2,40,2P,n13,VS,6,338,3.32094231
693,3,40,3S,n13,VS,2,338,1.43124786
694,4,40,3P,n13,VS,6,338,1.43124786
695,5,40,3D,n13,VS,10,338,1.43124786
696,6,40,4S,n13,VS,2,338,0.76985481
697,7,40,4P,n13,VS,6,338,0.76985481
698,8,40,4D,n13,VS,10,338,0.76985481
699,9,40,4F,n13,VS,14,338,0.76985481
700,10,40,5S,n13,VS,2,338,0.46372431
701,11,40,5P,n13,VS,6,338,0.46372431
702,12,40,5D,n13,VS,10,338,0.46372431
703,13,40,5F,n13,VS,14,338,0.46372431
704,14,40,5G,n13,VS,18,338,0.46372431
705,15,40,6S,n13,VS,2,338,0.2974312
706,16,40,6P,n13,VS,6,338,0.2974312
707,17,40,6D,n13,VS,10,338,0.2974312
708,18,40,6F,n13,VS,14,338,0.2974312
709,19,40,6G,n13,VS,18,338,0.2974312
710,20,40,6H,n13,VS,22,338,0.2974312
711,21,40,7S,n13,VS,2,338,0.1971617
712,22,40,7P,n13,VS,6,338,0.1971617
713,23,40,7D,n13,VS,10,338,0.1971617
714,24,40,7F,n13,VS,14,338,0.1971617
715,25,40,7G,n13,VS,18,338,0.1971617
716,26,40,7H,n13,VS,22,338,0.1971617
717,27,40,7I,n13,VS,26,338,0.1971617
718,28,40,8S,n13,VS,2,338,0.13208293
719,29,40,8P,n13,VS,6,338,0.13208293
720,30,40,8D,n13,VS,10,338,0.13208293
721,31,40,8F,n13,VS,14,338,0.13208293
722,32,40,8G,n13,VS,18,338,0.13208293
723,33,40,8H,n13,VS,22,338,0.13208293
724,34,40,8I,n13,VS,26,338,0.13208293
725,35,40,8J,n13,VS,30,338,0.13208293
726,0,41,1S,n14,VS,2,392,13.53638265
727,1,41,2S,n14,VS,2,392,3.33203265
728,2,41,2P,n14,VS,6,392,3.33203265
729,3,41,3S,n14,VS,2,392,1.44233821
730,4,41,3P,n14,VS,6,392,1.44233821
731,5,41,3D,n14,VS,10,392,1.44233821
732,6,41,4S,n14,VS,2,392,0.78094515
733,7,41,4P,n14,VS,6,392,0.78094515
734,8,41,4D,n14,VS,10,392,0.78094515
735,9,41,4F,n14,VS,14,392,0.78094515
736,10,41,5S,n14,VS,2,392,0.47481465
737,11,41,5P,n14,VS,6,392,0.47481465
738,12,41,5D,n14,VS,10,392,0.47481465
739,13,41,5F,n14,VS,14,392,0.47481465
740,14,41,5G,n14,VS,18,392,0.47481465
741,15,41,6S,n14,VS,2,392,0.30852154
742,16,41,6P,n14,VS,6,392,0.30852154
743,17,41,6D,n14,VS,10,392,0.30852154
744,18,41,6F,n14,VS,14,392,0.30852154
745,19,41,6G,n14,VS,18,392,0.30852154
746,20,41,6H,n14,VS,22,392,0.30852154
747,21,41,7S,n14,VS,2,392,0.20825204
748,22,41,7P,n14,VS,6,392,0.20825204
749,23,41,7D,n14,VS,10,392,0.20825204
750,24,41,7F,n14,VS,14,392,0.20825204
751,25,41,7G,n14,VS,18,392,0.20825204
752,26,41,7H,n14,VS,22,392,0.20825204
753,27,41,7I,n14,VS,26,392,0.20825204
754,28,41,8S,n14,VS,2,392,0.14317328
755,29,41,8P,n14,VS,6,392,0.14317328
756,30,41,8D,n14,VS,10,392,0.14317328
757,31,41,8F,n14,VS,14,392,0.14317328
758,32,41,8G,n14,VS,18,392,0.14317328
759,33,41,8H,n14,VS,22,392,0.14317328
760,34,41,8I,n14,VS,26,392,0.14317328
761,35,41,8J,n14,VS,30,392,0.14317328
762,0,42,1S,n15,VS,2,450,13.54532978
763,1,42,2S,n15,VS,2,450,3.34097978
764,2,42,2P,n15,VS,6,450,3.34097978
765,3,42,3S,n15,VS,2,450,1.45128533
766,4,42,3P,n15,VS,6,450,1.45128533
767,5,42,3D,n15,VS,10,450,1.45128533
768,6,42,4S,n15,VS,2,450,0.78989228
769,7,42,4P,n15,VS,6,450,0.78989228
770,8,42,4D,n15,VS,10,450,0.78989228
771,9,42,4F,n15,VS,14,450,0.78989228
772,10,42,5S,n15,VS,2,450,0.48376178
773,11,42,5P,n15,VS,6,450,0.48376178
774,12,42,5D,n15,VS,10,450,0.48376178
775,13,42,5F,n15,VS,14,450,0.48376178
776,14,42,5G,n15,VS,18,450,0.48376178
777,15,42,6S,n15,VS,2,450,0.31746867
778,16,42,6P,n15,VS,6,450,0.31746867
779,17,42,6D,n15,VS,10,450,0.31746867
780,18,42,6F,n15,VS,14,450,0.31746867
781,19,42,6G,n15,VS,18,450,0.31746867
782,20,42,6H,n15,VS,22,450,0.31746867
783,21,42,7S,n15,VS,2,450,0.21719917
784,22,42,7P,n15,VS,6,450,0.21719917
785,23,42,7D,n15,VS,10,450,0.21719917
786,24,42,7F,n15,VS,14,450,0.21719917
787,25,42,7G,n15,VS,18,450,0.21719917
788,26,42,7H,n15,VS,22,450,0.21719917
789,27,42,7I,n15,VS,26,450,0.21719917
790,28,42,8S,n15,VS,2,450,0.1521204
791,29,42,8P,n15,VS,6,450,0.1521204
792,30,42,8D,n15,VS,10,450,0.1521204
793,31,42,8F,n15,VS,14,450,0.1521204
794,32,42,8G,n15,VS,18,450,0.1521204
795,33,42,8H,n15,VS,22,450,0.1521204
796,34,42,8I,n15,VS,26,450,0.1521204
797,35,42,8J,n15,VS,30,450,0.1521204
798,36,37,n9,n10,VS,162,200,0.03191484
799,36,38,n9,n11,VS,162,242,0.05552821
800,36,39,n9,n12,VS,162,288,0.07348812
801,36,40,n9,n13,VS,162,338,0.08746515
802,36,41,n9,n14,VS,162,392,0.09855549
803,36,42,n9,n15,VS,162,450,0.10750262
804,37,38,n10,n11,VS,200,242,0.02361337
805,37,39,n10,n12,VS,200,288,0.04157328
806,37,40,n10,n13,VS,200,338,0.05555031
807,37,41,n10,n14,VS,200,392,0.06664065
808,37,42,n10,n15,VS,200,450,0.07558778
809,38,39,n11,n12,VS,242,288,0.01795991
810,38,40,n11,n13,VS,242,338,0.03193694
811,38,41,n11,n14,VS,242,392,0.04302728
812,38,42,n11,n15,VS,242,450,0.05197441
813,39,40,n12,n13,VS,288,338,0.01397703
814,39,41,n12,n14,VS,288,392,0.02506738
815,39,42,n12,n15,VS,288,450,0.0340145
816,40,41,n13,n14,VS,338,392,0.01109035
817,40,42,n13,n15,VS,338,450,0.02003747
818,41,42,n14,n15,VS,392,450,0.00894712
