i,j,Te,ups_2000,ups_2002,pct
2,1,0.5,0.26,0.26,0.0
2,1,1.0,0.296,0.296,0.0
2,1,3.0,0.325,0.326,0.3076923076922977
2,1,5.0,0.337,0.339,0.5934718100890191
2,1,10.0,0.356,0.373,4.7752808988763995
2,1,15.0,0.368,0.406,10.326086956521753
2,1,20.0,0.375,0.436,16.266666666666673
2,1,25.0,0.38,0.461,21.31578947368422
3,1,0.5,0.427,0.429,0.4683840749414525
3,1,1.0,0.536,0.529,-1.3059701492537323
3,1,3.0,0.857,0.853,-0.4667444574095736
3,1,5.0,1.15,1.15,0.0
3,1,10.0,1.75,1.81,3.4285714285714253
3,1,15.0,2.13,2.35,10.328638497652598
3,1,20.0,2.35,2.81,19.57446808510639
3,1,25.0,2.46,3.2,30.08130081300815
4,1,0.5,0.0645,0.0651,0.9302325581395321
4,1,1.0,0.0689,0.0696,1.0159651669085612
4,1,3.0,0.0772,0.0776,0.5181347150259086
4,1,5.0,0.0806,0.0813,0.8684863523573005
4,1,10.0,0.0833,0.087,4.441776710684264
4,1,15.0,0.0841,0.0921,9.512485136741988
4,1,20.0,0.0845,0.0966,14.319526627218938
4,1,25.0,0.0846,0.101,19.385342789598113
5,1,0.5,0.111,0.112,0.9009009009008917
5,1,1.0,0.126,0.126,0.0
5,1,3.0,0.186,0.186,0.0
5,1,5.0,0.24,0.243,1.2499999999999956
5,1,10.0,0.313,0.354,13.09904153354633
5,1,15.0,0.329,0.438,33.130699088145896
5,1,20.0,0.32,0.507,58.43750000000001
5,1,25.0,0.304,0.566,86.18421052631578
6,1,0.5,0.0617,0.0621,0.6482982171799101
6,1,1.0,0.0656,0.0658,0.304878048780477
6,1,3.0,0.0781,0.0782,0.1280409731114096
6,1,5.0,0.0898,0.0897,-0.11135857461024301
6,1,10.0,0.11,0.109,-0.909090909090915
6,1,15.0,0.122,0.12,-1.6393442622950838
6,1,20.0,0.129,0.126,-2.3255813953488413
6,1,25.0,0.135,0.13,-3.703703703703709
7,1,0.5,0.0213,0.0223,4.694835680751175
7,1,1.0,0.0251,0.0255,1.5936254980079667
7,1,3.0,0.0318,0.0319,0.3144654088050203
7,1,5.0,0.0338,0.034,0.5917159763313862
7,1,10.0,0.0348,0.0361,3.735632183908044
7,1,15.0,0.0348,0.0376,8.045977011494255
7,1,20.0,0.0347,0.039,12.391930835734865
7,1,25.0,0.0346,0.0402,16.184971098265887
8,1,0.5,0.0381,0.0403,5.774278215223094
8,1,1.0,0.047,0.0479,1.9148936170212627
8,1,3.0,0.0739,0.074,0.13531799729364913
8,1,5.0,0.0941,0.0946,0.5313496280552554
8,1,10.0,0.123,0.133,8.130081300813007
8,1,15.0,0.133,0.161,21.052631578947366
8,1,20.0,0.132,0.184,39.393939393939384
8,1,25.0,0.128,0.204,59.37499999999998
9,1,0.5,0.0287,0.03,4.529616724738683
9,1,1.0,0.0312,0.0319,2.2435897435897356
9,1,3.0,0.0402,0.0404,0.4975124378109319
9,1,5.0,0.0472,0.0472,0.0
9,1,10.0,0.0574,0.0569,-0.8710801393728262
9,1,15.0,0.0628,0.0615,-2.07006369426751
9,1,20.0,0.066,0.0641,-2.8787878787878807
9,1,25.0,0.0682,0.0656,-3.8123167155425075
10,1,0.5,0.0118,0.0123,4.237288135593231
10,1,1.0,0.0111,0.0114,2.7027027027026973
10,1,3.0,0.0105,0.0105,0.0
10,1,5.0,0.0106,0.0105,-0.9433962264150941
10,1,10.0,0.0111,0.0106,-4.504504504504503
10,1,15.0,0.0116,0.0104,-10.344827586206895
10,1,20.0,0.0118,0.0101,-14.406779661016955
10,1,25.0,0.012,0.0098,-18.333333333333336
11,1,0.5,0.014,0.0145,3.571428571428581
11,1,1.0,0.0169,0.0172,1.775147928994092
11,1,3.0,0.0191,0.0192,0.5235602094240788
11,1,5.0,0.0192,0.0193,0.5208333333333481
11,1,10.0,0.0188,0.0194,3.1914893617021267
11,1,15.0,0.0185,0.0197,6.486486486486487
11,1,20.0,0.0183,0.0202,10.382513661202175
11,1,25.0,0.0182,0.0207,13.736263736263732
12,1,0.5,0.026,0.0269,3.4615384615384714
12,1,1.0,0.0312,0.0315,0.9615384615384581
12,1,3.0,0.0404,0.0404,0.0
12,1,5.0,0.0474,0.0477,0.6329113924050667
12,1,10.0,0.0571,0.0634,11.033274956217154
12,1,15.0,0.0582,0.0759,30.4123711340206
12,1,20.0,0.0558,0.0865,55.017921146953384
12,1,25.0,0.0523,0.0957,82.98279158699809
13,1,0.5,0.0201,0.0208,3.482587064676612
13,1,1.0,0.0218,0.0222,1.8348623853211121
13,1,3.0,0.0247,0.0247,0.0
13,1,5.0,0.0275,0.0275,0.0
13,1,10.0,0.0315,0.0313,-0.6349206349206327
13,1,15.0,0.0335,0.033,-1.4925373134328401
13,1,20.0,0.0346,0.0339,-2.023121387283233
13,1,25.0,0.0353,0.0344,-2.5495750708215192
14,1,0.5,0.00879,0.00919,4.550625711035283
14,1,1.0,0.00887,0.00914,3.0439684329199634
14,1,3.0,0.00942,0.00952,1.0615711252654148
14,1,5.0,0.00995,0.00992,-0.3015075376884502
14,1,10.0,0.0109,0.0103,-5.5045871559633035
14,1,15.0,0.0114,0.0102,-10.526315789473683
14,1,20.0,0.0117,0.00996,-14.871794871794874
14,1,25.0,0.0119,0.00966,-18.823529411764707
15,1,0.5,0.00436,0.00466,6.8807339449541205
15,1,1.0,0.00386,0.00403,4.404145077720201
15,1,3.0,0.00279,0.00285,2.1505376344086002
15,1,5.0,0.00235,0.00235,0.0
15,1,10.0,0.00188,0.00176,-6.382978723404253
15,1,15.0,0.00165,0.00147,-10.909090909090914
15,1,20.0,0.00151,0.00129,-14.569536423841068
15,1,25.0,0.00142,0.00115,-19.014084507042263
4,2,0.5,1.39,1.38,-0.7194244604316502
4,2,1.0,1.47,1.45,-1.3605442176870763
4,2,3.0,2.29,2.28,-0.4366812227074357
4,2,5.0,3.06,3.09,0.9803921568627416
4,2,10.0,4.26,4.5,5.633802816901423
4,2,15.0,4.89,5.4,10.429447852760742
4,2,20.0,5.28,6.03,14.204545454545459
4,2,25.0,5.54,6.5,17.32851985559567
5,2,0.5,2.42,2.46,1.6528925619834656
5,2,1.0,3.07,3.05,-0.6514657980456029
5,2,3.0,5.31,5.28,-0.5649717514124131
5,2,5.0,7.79,7.74,-0.6418485237483895
5,2,10.0,13.8,13.5,-2.1739130434782705
5,2,15.0,19.1,18.4,-3.664921465968596
5,2,20.0,23.6,22.4,-5.084745762711873
5,2,25.0,27.6,25.8,-6.521739130434789
6,2,0.5,2.05,2.09,1.9512195121951237
6,2,1.0,3.1,3.08,-0.6451612903225823
6,2,3.0,6.59,6.56,-0.4552352048558417
6,2,5.0,9.3,9.38,0.8602150537634357
6,2,10.0,13.5,14.2,5.185185185185182
6,2,15.0,15.7,17.2,9.554140127388532
6,2,20.0,17.1,19.3,12.86549707602338
6,2,25.0,18.0,20.8,15.555555555555568
7,2,0.5,0.375,0.392,4.533333333333345
7,2,1.0,0.38,0.388,2.1052631578947434
7,2,3.0,0.505,0.508,0.5940594059405946
7,2,5.0,0.629,0.638,1.4308426073131875
7,2,10.0,0.823,0.88,6.925880923450789
7,2,15.0,0.927,1.04,12.189859762675304
7,2,20.0,0.991,1.16,17.053481331987875
7,2,25.0,1.03,1.25,21.359223300970864
8,2,0.5,0.728,0.77,5.769230769230771
8,2,1.0,0.889,0.903,1.5748031496062964
8,2,3.0,1.45,1.45,0.0
8,2,5.0,1.95,1.95,0.0
8,2,10.0,3.06,3.01,-1.6339869281045805
8,2,15.0,3.98,3.85,-3.2663316582914548
8,2,20.0,4.76,4.54,-4.621848739495793
8,2,25.0,5.43,5.13,-5.524861878453036
9,2,0.5,0.63,0.654,3.809523809523818
9,2,1.0,0.745,0.754,1.2080536912751683
9,2,3.0,1.12,1.12,0.0
9,2,5.0,1.4,1.41,0.7142857142857117
9,2,10.0,1.83,1.93,5.464480874316924
9,2,15.0,2.05,2.25,9.756097560975618
9,2,20.0,2.19,2.48,13.242009132420085
9,2,25.0,2.28,2.65,16.228070175438614
10,2,0.5,0.543,0.565,4.051565377532218
10,2,1.0,0.733,0.738,0.6821282401091366
10,2,3.0,1.29,1.29,0.0
10,2,5.0,1.63,1.62,-0.6134969325153228
10,2,10.0,2.09,2.04,-2.392344497607646
10,2,15.0,2.31,2.21,-4.329004329004338
10,2,20.0,2.44,2.3,-5.737704918032794
10,2,25.0,2.52,2.34,-7.142857142857151
11,2,0.5,0.19,0.201,5.789473684210522
11,2,1.0,0.207,0.213,2.898550724637694
11,2,3.0,0.231,0.233,0.8658008658008587
11,2,5.0,0.259,0.264,1.9305019305019266
11,2,10.0,0.313,0.337,7.667731629392982
11,2,15.0,0.345,0.392,13.623188405797105
11,2,20.0,0.365,0.434,18.904109589041095
11,2,25.0,0.378,0.466,23.28042328042328
12,2,0.5,0.401,0.42,4.738154613466317
12,2,1.0,0.51,0.518,1.5686274509803866
12,2,3.0,0.713,0.714,0.14025245441795509
12,2,5.0,0.875,0.868,-0.8000000000000007
12,2,10.0,1.28,1.21,-5.46875
12,2,15.0,1.64,1.49,-9.14634146341463
12,2,20.0,1.97,1.73,-12.182741116751272
12,2,25.0,2.25,1.93,-14.222222222222225
13,2,0.5,0.416,0.435,4.567307692307687
13,2,1.0,0.476,0.487,2.310924369747891
13,2,3.0,0.552,0.556,0.7246376811594235
13,2,5.0,0.602,0.609,1.1627906976744207
13,2,10.0,0.681,0.718,5.433186490455211
13,2,15.0,0.723,0.796,10.096818810511765
13,2,20.0,0.75,0.855,13.99999999999999
13,2,25.0,0.767,0.901,17.470664928292056
14,2,0.5,0.375,0.391,4.266666666666663
14,2,1.0,0.455,0.461,1.318681318681314
14,2,3.0,0.675,0.676,0.1481481481481417
14,2,5.0,0.816,0.814,-0.2450980392156854
14,2,10.0,0.992,0.977,-1.5120967741935498
14,2,15.0,1.07,1.04,-2.8037383177570097
14,2,20.0,1.12,1.07,-4.464285714285721
14,2,25.0,1.15,1.09,-5.217391304347807
15,2,0.5,0.228,0.235,3.0701754385964897
15,2,1.0,0.249,0.254,2.008032128514059
15,2,3.0,0.25,0.252,0.8000000000000007
15,2,5.0,0.247,0.247,0.0
15,2,10.0,0.246,0.236,-4.0650406504065035
15,2,15.0,0.245,0.224,-8.571428571428562
15,2,20.0,0.245,0.214,-12.653061224489793
15,2,25.0,0.245,0.205,-16.326530612244905
4,3,0.5,2.0,2.04,2.0000000000000018
4,3,1.0,2.18,2.22,1.8348623853211121
4,3,3.0,2.26,2.28,0.8849557522123908
4,3,5.0,2.33,2.35,0.8583690987124415
4,3,10.0,2.64,2.68,1.5151515151515138
4,3,15.0,2.96,3.02,2.0270270270270396
4,3,20.0,3.26,3.34,2.4539877300613577
4,3,25.0,3.54,3.62,2.259887005649719
5,3,0.5,7.18,7.26,1.1142061281337101
5,3,1.0,7.9,7.92,0.25316455696202667
5,3,3.0,10.7,10.7,0.0
5,3,5.0,13.2,13.3,0.7575757575757791
5,3,10.0,17.1,17.7,3.50877192982455
5,3,15.0,19.2,20.4,6.25
5,3,20.0,20.5,22.3,8.780487804878057
5,3,25.0,21.3,23.7,11.267605633802802
6,3,0.5,13.1,13.2,0.7633587786259444
6,3,1.0,18.1,17.8,-1.6574585635359185
6,3,3.0,37.3,36.9,-1.072386058981234
6,3,5.0,56.4,55.8,-1.0638297872340496
6,3,10.0,98.1,94.4,-3.771661569826701
6,3,15.0,132.0,123.0,-6.818181818181824
6,3,20.0,159.0,146.0,-8.176100628930815
6,3,25.0,183.0,165.0,-9.836065573770492
7,3,0.5,0.692,0.736,6.358381502890187
7,3,1.0,0.743,0.771,3.7685060565275874
7,3,3.0,0.747,0.758,1.4725568942436373
7,3,5.0,0.733,0.742,1.2278308321964637
7,3,10.0,0.735,0.751,2.176870748299331
7,3,15.0,0.761,0.784,3.0223390275952777
7,3,20.0,0.793,0.821,3.5308953341740112
7,3,25.0,0.826,0.857,3.7530266343825724
8,3,0.5,2.06,2.16,4.854368932038833
8,3,1.0,2.2,2.26,2.7272727272727115
8,3,3.0,2.67,2.69,0.7490636704119868
8,3,5.0,3.05,3.08,0.9836065573770592
8,3,10.0,3.63,3.77,3.8567493112947604
8,3,15.0,3.94,4.21,6.852791878172582
8,3,20.0,4.13,4.53,9.685230024213087
8,3,25.0,4.25,4.76,11.99999999999999
9,3,0.5,3.4,3.54,4.117647058823537
9,3,1.0,4.3,4.31,0.23255813953488857
9,3,3.0,7.65,7.62,-0.39215686274509665
9,3,5.0,10.7,10.6,-0.9345794392523366
9,3,10.0,16.9,16.3,-3.5502958579881505
9,3,15.0,21.6,20.4,-5.55555555555557
9,3,20.0,25.3,23.4,-7.509881422924913
9,3,25.0,28.4,26.0,-8.450704225352112
10,3,0.5,2.62,2.72,3.8167938931297662
10,3,1.0,3.18,3.21,0.943396226415083
10,3,3.0,4.93,4.93,0.0
10,3,5.0,6.1,6.09,-0.16393442622950616
10,3,10.0,7.71,7.62,-1.1673151750972721
10,3,15.0,8.52,8.33,-2.230046948356801
10,3,20.0,9.01,8.72,-3.2186459489456087
10,3,25.0,9.32,8.95,-3.9699570815450724
11,3,0.5,0.448,0.463,3.3482142857142794
11,3,1.0,0.5,0.51,2.0000000000000018
11,3,3.0,0.471,0.475,0.849256900212314
11,3,5.0,0.434,0.438,0.9216589861751112
11,3,10.0,0.387,0.403,4.134366925064592
11,3,15.0,0.364,0.397,9.065934065934078
11,3,20.0,0.347,0.401,15.56195965417868
11,3,25.0,0.335,0.407,21.492537313432813
12,3,0.5,1.26,1.32,4.761904761904767
12,3,1.0,1.37,1.4,2.1897810218977964
12,3,3.0,1.36,1.37,0.7352941176470562
12,3,5.0,1.38,1.4,1.449275362318847
12,3,10.0,1.46,1.53,4.794520547945202
12,3,15.0,1.52,1.65,8.552631578947366
12,3,20.0,1.56,1.74,11.538461538461542
12,3,25.0,1.59,1.81,13.83647798742138
13,3,0.5,1.99,2.07,4.020100502512558
13,3,1.0,2.46,2.48,0.8130081300812941
13,3,3.0,3.45,3.44,-0.28985507246377384
13,3,5.0,4.31,4.27,-0.9280742459396807
13,3,10.0,6.16,5.9,-4.220779220779214
13,3,15.0,7.59,7.08,-6.719367588932801
13,3,20.0,8.75,8.01,-8.457142857142863
13,3,25.0,9.72,8.77,-9.773662551440342
14,3,0.5,1.65,1.71,3.6363636363636376
14,3,1.0,1.99,2.02,1.5075376884422065
14,3,3.0,2.9,2.9,0.0
14,3,5.0,3.48,3.47,-0.2873563218390718
14,3,10.0,4.23,4.17,-1.4184397163120699
14,3,15.0,4.59,4.46,-2.8322440087145906
14,3,20.0,4.8,4.6,-4.166666666666674
14,3,25.0,4.93,4.68,-5.070993914807298
15,3,0.5,0.813,0.844,3.8130381303812966
15,3,1.0,0.889,0.909,2.249718785151855
15,3,3.0,0.91,0.915,0.5494505494505475
15,3,5.0,0.89,0.888,-0.22471910112359383
15,3,10.0,0.846,0.814,-3.78250591016549
15,3,15.0,0.818,0.751,-8.190709046454758
15,3,20.0,0.799,0.701,-12.265331664580737
15,3,25.0,0.786,0.661,-15.903307888040707
7,4,0.5,2.57,2.62,1.945525291828809
7,4,1.0,4.38,4.31,-1.5981735159817378
7,4,3.0,10.9,10.8,-0.917431192660545
7,4,5.0,15.2,15.4,1.3157894736842257
7,4,10.0,21.2,22.2,4.716981132075482
7,4,15.0,24.2,26.2,8.264462809917351
7,4,20.0,25.9,28.8,11.196911196911197
7,4,25.0,27.1,30.7,13.284132841328411
8,4,0.5,4.32,4.5,4.166666666666652
8,4,1.0,6.09,5.95,-2.298850574712641
8,4,3.0,15.4,15.2,-1.2987012987013102
8,4,5.0,25.8,25.7,-0.3875968992248069
8,4,10.0,48.9,48.8,-0.2044989775051187
8,4,15.0,67.2,67.1,-0.14880952380953438
8,4,20.0,82.3,82.1,-0.243013365735123
8,4,25.0,95.0,94.6,-0.42105263157895534
9,4,0.5,6.21,6.41,3.2206119162640823
9,4,1.0,10.2,10.1,-0.9803921568627416
9,4,3.0,23.0,22.9,-0.43478260869566077
9,4,5.0,32.2,32.4,0.6211180124223503
9,4,10.0,45.5,47.2,3.736263736263745
9,4,15.0,52.4,55.6,6.106870229007644
9,4,20.0,56.5,61.2,8.318584070796465
9,4,25.0,59.3,65.1,9.780775716694778
10,4,0.5,6.63,6.84,3.1674208144796268
10,4,1.0,10.6,10.6,0.0
10,4,3.0,19.7,19.6,-0.50761421319796
10,4,5.0,24.8,24.8,0.0
10,4,10.0,31.4,31.7,0.9554140127388644
10,4,15.0,34.7,35.3,1.7291066282420609
10,4,20.0,36.7,37.5,2.179836512261568
10,4,25.0,37.9,39.0,2.902374670184704
11,4,0.5,0.987,1.04,5.369807497467072
11,4,1.0,1.57,1.59,1.273885350318471
11,4,3.0,2.91,2.91,0.0
11,4,5.0,3.55,3.58,0.8450704225352101
11,4,10.0,4.31,4.53,5.104408352668233
11,4,15.0,4.66,5.1,9.4420600858369
11,4,20.0,4.87,5.5,12.936344969199176
11,4,25.0,5.0,5.8,15.999999999999993
12,4,0.5,2.5,2.61,4.400000000000004
12,4,1.0,3.43,3.46,0.8746355685131046
12,4,3.0,5.57,5.57,0.0
12,4,5.0,7.34,7.36,0.2724795640327127
12,4,10.0,11.1,11.2,0.9009009009008917
12,4,15.0,14.1,14.2,0.7092198581560183
12,4,20.0,16.6,16.7,0.6024096385542022
12,4,25.0,18.7,18.7,0.0
13,4,0.5,3.22,3.38,4.968944099378869
13,4,1.0,4.17,4.26,2.1582733812949506
13,4,3.0,6.12,6.14,0.32679738562091387
13,4,5.0,7.07,7.14,0.990099009900991
13,4,10.0,8.29,8.66,4.463208685162856
13,4,15.0,8.9,9.61,7.977528089887631
13,4,20.0,9.26,10.3,11.23110151187905
13,4,25.0,9.49,10.8,13.804004214963129
14,4,0.5,2.8,2.94,5.000000000000004
14,4,1.0,3.33,3.41,2.402402402402415
14,4,3.0,4.1,4.12,0.4878048780487809
14,4,5.0,4.45,4.45,0.0
14,4,10.0,4.81,4.73,-1.663201663201641
14,4,15.0,4.95,4.79,-3.232323232323231
14,4,20.0,5.02,4.78,-4.7808764940238895
14,4,25.0,5.07,4.76,-6.114398422090739
15,4,0.5,3.63,3.77,3.8567493112947604
15,4,1.0,4.77,4.82,1.048218029350112
15,4,3.0,6.72,6.71,-0.14880952380952328
15,4,5.0,7.87,7.83,-0.5082592121982255
15,4,10.0,9.38,9.16,-2.3454157782516027
15,4,15.0,10.1,9.67,-4.2574257425742505
15,4,20.0,10.5,9.89,-5.809523809523808
15,4,25.0,10.8,9.99,-7.500000000000007
7,5,0.5,3.9,4.07,4.358974358974366
7,5,1.0,4.83,4.88,1.0351966873705987
7,5,3.0,7.63,7.63,0.0
7,5,5.0,9.72,9.79,0.7201646090534863
7,5,10.0,13.6,14.1,3.6764705882353033
7,5,15.0,16.6,17.5,5.421686746987953
7,5,20.0,19.0,20.3,6.842105263157894
7,5,25.0,21.1,22.7,7.582938388625582
8,5,0.5,13.7,14.1,2.9197080291970767
8,5,1.0,20.8,20.7,-0.48076923076924016
8,5,3.0,45.1,44.9,-0.44345898004435336
8,5,5.0,61.6,61.9,0.48701298701299134
8,5,10.0,84.2,87.0,3.325415676959609
8,5,15.0,95.4,101.0,5.870020964360578
8,5,20.0,102.0,110.0,7.843137254901955
8,5,25.0,106.0,116.0,9.433962264150942
9,5,0.5,20.6,21.3,3.398058252427183
9,5,1.0,32.1,31.3,-2.492211838006231
9,5,3.0,83.3,82.4,-1.080432172869139
9,5,5.0,135.0,134.0,-0.7407407407407418
9,5,10.0,242.0,238.0,-1.6528925619834656
9,5,15.0,325.0,317.0,-2.4615384615384595
9,5,20.0,391.0,379.0,-3.069053708439895
9,5,25.0,446.0,430.0,-3.58744394618834
10,5,0.5,24.7,25.4,2.8340080971659853
10,5,1.0,41.3,40.9,-0.9685230024213065
10,5,3.0,88.3,87.9,-0.45300113250281715
10,5,5.0,119.0,119.0,0.0
10,5,10.0,162.0,167.0,3.0864197530864113
10,5,15.0,183.0,194.0,6.0109289617486406
10,5,20.0,196.0,212.0,8.163265306122458
10,5,25.0,205.0,224.0,9.268292682926838
11,5,0.5,2.14,2.25,5.1401869158878455
11,5,1.0,2.52,2.58,2.3809523809523725
11,5,3.0,2.99,3.01,0.6688963210702115
11,5,5.0,3.23,3.24,0.3095975232198178
11,5,10.0,3.72,3.77,1.3440860215053752
11,5,15.0,4.15,4.22,1.6867469879517927
11,5,20.0,4.52,4.62,2.212389380530988
11,5,25.0,4.84,4.96,2.4793388429751984
12,5,0.5,7.11,7.47,5.063291139240489
12,5,1.0,9.6,9.77,1.7708333333333437
12,5,3.0,13.9,14.0,0.7194244604316502
12,5,5.0,15.8,15.9,0.6329113924050667
12,5,10.0,18.2,18.8,3.296703296703307
12,5,15.0,19.3,20.6,6.735751295336789
12,5,20.0,20.0,21.8,9.000000000000007
12,5,25.0,20.5,22.7,10.731707317073159
13,5,0.5,11.0,11.5,4.545454545454541
13,5,1.0,15.2,15.3,0.657894736842124
13,5,3.0,26.7,26.7,0.0
13,5,5.0,35.5,35.6,0.28169014084507005
13,5,10.0,51.8,52.1,0.5791505791505891
13,5,15.0,63.6,64.1,0.7861635220125729
13,5,20.0,72.9,73.6,0.9602194787379892
13,5,25.0,80.7,81.3,0.743494423791824
14,5,0.5,9.95,10.4,4.522613065326642
14,5,1.0,12.3,12.5,1.6260162601625883
14,5,3.0,16.4,16.5,0.6097560975609762
14,5,5.0,18.2,18.3,0.5494505494505475
14,5,10.0,20.1,20.4,1.492537313432818
14,5,15.0,20.8,21.4,2.8846153846153744
14,5,20.0,21.2,22.0,3.7735849056603765
14,5,25.0,21.5,22.4,4.1860465116279055
15,5,0.5,14.2,14.7,3.5211267605633756
15,5,1.0,18.4,18.6,1.0869565217391353
15,5,3.0,24.7,24.7,0.0
15,5,5.0,28.7,28.6,-0.34843205574912606
15,5,10.0,34.3,33.6,-2.0408163265306034
15,5,15.0,37.1,35.7,-3.7735849056603765
15,5,20.0,38.8,36.7,-5.412371134020599
15,5,25.0,39.9,37.2,-6.766917293233076
7,6,0.5,3.97,4.21,6.045340050377823
7,6,1.0,4.13,4.27,3.3898305084745672
7,6,3.0,4.3,4.35,1.1627906976744207
7,6,5.0,4.54,4.56,0.4405286343612147
7,6,10.0,4.94,4.93,-0.2024291497975894
7,6,15.0,5.16,5.12,-0.7751937984496138
7,6,20.0,5.3,5.23,-1.3207547169811207
7,6,25.0,5.38,5.29,-1.6728624535315983
8,6,0.5,13.1,13.7,4.580152671755733
8,6,1.0,15.2,15.5,1.9736842105263275
8,6,3.0,19.6,19.7,0.5102040816326481
8,6,5.0,21.7,21.9,0.9216589861751112
8,6,10.0,24.3,25.2,3.703703703703698
8,6,15.0,25.7,27.4,6.6147859922178975
8,6,20.0,26.6,29.1,9.398496240601496
8,6,25.0,27.3,30.5,11.721611721611724
9,6,0.5,33.1,34.4,3.92749244712991
9,6,1.0,45.8,46.1,0.6550218340611424
9,6,3.0,83.1,83.0,-0.12033694344163459
9,6,5.0,107.0,107.0,0.0
9,6,10.0,140.0,141.0,0.7142857142857117
9,6,15.0,156.0,158.0,1.2820512820512775
9,6,20.0,165.0,169.0,2.4242424242424176
9,6,25.0,171.0,176.0,2.923976608187129
10,6,0.5,63.8,65.4,2.5078369905956244
10,6,1.0,115.0,112.0,-2.608695652173909
10,6,3.0,330.0,327.0,-0.9090909090909038
10,6,5.0,522.0,518.0,-0.7662835249042099
10,6,10.0,889.0,871.0,-2.0247469066366652
10,6,15.0,1150.0,1120.0,-2.608695652173909
10,6,20.0,1360.0,1310.0,-3.676470588235292
10,6,25.0,1530.0,1460.0,-4.575163398692805
11,6,0.5,2.64,2.78,5.303030303030298
11,6,1.0,2.83,2.92,3.180212014134276
11,6,3.0,2.5,2.53,1.200000000000001
11,6,5.0,2.25,2.27,0.8888888888888946
11,6,10.0,1.96,1.95,-0.5102040816326481
11,6,15.0,1.84,1.81,-1.6304347826086918
11,6,20.0,1.77,1.73,-2.259887005649719
11,6,25.0,1.73,1.68,-2.8901734104046284
12,6,0.5,7.81,8.21,5.121638924455851
12,6,1.0,8.63,8.88,2.8968713789107703
12,6,3.0,8.67,8.76,1.038062283737018
12,6,5.0,8.46,8.51,0.5910165484633412
12,6,10.0,8.31,8.32,0.12033694344162349
12,6,15.0,8.38,8.34,-0.4773269689737569
12,6,20.0,8.5,8.42,-0.9411764705882342
12,6,25.0,8.64,8.51,-1.504629629629639
13,6,0.5,16.1,16.9,4.968944099378869
13,6,1.0,20.6,21.0,1.9417475728155331
13,6,3.0,27.2,27.3,0.3676470588235281
13,6,5.0,29.3,29.4,0.3412969283276279
13,6,10.0,31.6,32.0,1.2658227848101111
13,6,15.0,32.6,33.3,2.1472392638036686
13,6,20.0,33.2,34.2,3.0120481927710774
13,6,25.0,33.7,34.8,3.264094955489605
14,6,0.5,27.5,28.5,3.6363636363636376
14,6,1.0,40.0,40.1,0.24999999999999467
14,6,3.0,78.3,78.1,-0.25542784163473664
14,6,5.0,106.0,106.0,0.0
14,6,10.0,150.0,150.0,0.0
14,6,15.0,178.0,179.0,0.561797752808979
14,6,20.0,199.0,200.0,0.5025125628140614
14,6,25.0,215.0,217.0,0.9302325581395321
15,6,0.5,28.8,29.8,3.472222222222232
15,6,1.0,38.4,38.7,0.7812500000000222
15,6,3.0,53.3,53.2,-0.18761726078798668
15,6,5.0,61.9,61.8,-0.1615508885298933
15,6,10.0,74.8,74.3,-0.6684491978609652
15,6,15.0,81.6,80.6,-1.225490196078427
15,6,20.0,85.8,84.2,-1.8648018648018572
15,6,25.0,88.6,86.6,-2.257336343115124
11,7,0.5,6.62,6.73,1.6616314199395799
11,7,1.0,16.1,15.8,-1.8633540372670843
11,7,3.0,43.5,43.4,-0.22988505747126853
11,7,5.0,57.2,57.6,0.6993006993006867
11,7,10.0,72.0,75.1,4.30555555555554
11,7,15.0,78.3,84.3,7.662835249042144
11,7,20.0,81.8,90.4,10.513447432762856
11,7,25.0,84.0,94.8,12.857142857142856
12,7,0.5,9.63,9.81,1.869158878504673
12,7,1.0,17.7,17.3,-2.259887005649708
12,7,3.0,42.8,42.5,-0.7009345794392496
12,7,5.0,62.7,63.0,0.4784688995215225
12,7,10.0,101.0,106.0,4.950495049504955
12,7,15.0,131.0,142.0,8.3969465648855
12,7,20.0,156.0,173.0,10.897435897435903
12,7,25.0,178.0,201.0,12.921348314606739
13,7,0.5,13.9,14.3,2.877697841726623
13,7,1.0,25.6,25.4,-0.7812500000000111
13,7,3.0,61.8,61.6,-0.3236245954692518
13,7,5.0,83.8,84.3,0.5966587112171906
13,7,10.0,111.0,115.0,3.603603603603611
13,7,15.0,124.0,132.0,6.451612903225801
13,7,20.0,131.0,142.0,8.3969465648855
13,7,25.0,135.0,150.0,11.111111111111116
14,7,0.5,21.6,22.2,2.777777777777768
14,7,1.0,34.7,34.8,0.28818443804032867
14,7,3.0,63.1,63.0,-0.15847860538827918
14,7,5.0,76.4,76.3,-0.13089005235603635
14,7,10.0,90.8,90.8,0.0
14,7,15.0,96.9,96.9,0.0
14,7,20.0,100.0,100.0,0.0
14,7,25.0,102.0,102.0,0.0
15,7,0.5,19.6,20.3,3.5714285714285587
15,7,1.0,27.4,27.6,0.7299270072992803
15,7,3.0,41.2,41.2,0.0
15,7,5.0,47.5,47.4,-0.21052631578947212
15,7,10.0,54.7,54.0,-1.2797074954296161
15,7,15.0,57.9,56.5,-2.4179620034542326
15,7,20.0,59.8,57.7,-3.5117056856187157
15,7,25.0,61.0,58.3,-4.426229508196721
11,8,0.5,10.7,11.0,2.8037383177570208
11,8,1.0,18.0,18.1,0.5555555555555536
11,8,3.0,29.5,29.5,0.0
11,8,5.0,34.0,34.5,1.4705882352941124
11,8,10.0,41.0,44.6,8.780487804878057
11,8,15.0,46.5,53.7,15.48387096774193
11,8,20.0,51.3,61.9,20.662768031189096
11,8,25.0,55.6,69.3,24.640287769784173
12,8,0.5,38.3,39.2,2.349869451697151
12,8,1.0,76.0,75.4,-0.7894736842105177
12,8,3.0,176.0,175.0,-0.5681818181818232
12,8,5.0,225.0,227.0,0.8888888888888946
12,8,10.0,279.0,289.0,3.584229390680993
12,8,15.0,302.0,321.0,6.29139072847682
12,8,20.0,315.0,342.0,8.571428571428562
12,8,25.0,323.0,357.0,10.526315789473696
13,8,0.5,40.0,41.2,3.0000000000000027
13,8,1.0,71.7,70.5,-1.673640167364021
13,8,3.0,188.0,186.0,-1.0638297872340385
13,8,5.0,280.0,279.0,-0.3571428571428559
13,8,10.0,448.0,455.0,1.5625
13,8,15.0,571.0,592.0,3.677758318739044
13,8,20.0,670.0,705.0,5.223880597014929
13,8,25.0,753.0,801.0,6.374501992031867
14,8,0.5,67.4,69.1,2.52225519287832
14,8,1.0,115.0,115.0,0.0
14,8,3.0,242.0,241.0,-0.4132231404958664
14,8,5.0,314.0,315.0,0.31847133757962887
14,8,10.0,402.0,414.0,2.9850746268656803
14,8,15.0,442.0,465.0,5.203619909502266
14,8,20.0,465.0,498.0,7.096774193548394
14,8,25.0,480.0,521.0,8.54166666666667
15,8,0.5,67.1,69.6,3.7257824143070106
15,8,1.0,98.6,99.4,0.8113590263691739
15,8,3.0,163.0,163.0,0.0
15,8,5.0,195.0,195.0,0.0
15,8,10.0,233.0,232.0,-0.42918454935622075
15,8,15.0,250.0,247.0,-1.200000000000001
15,8,20.0,259.0,255.0,-1.5444015444015413
15,8,25.0,266.0,260.0,-2.2556390977443663
11,9,0.5,12.1,12.7,4.958677685950419
11,9,1.0,15.7,16.0,1.9108280254777066
11,9,3.0,18.9,19.0,0.5291005291005346
11,9,5.0,20.1,20.2,0.4975124378109319
11,9,10.0,21.7,21.8,0.4608294930875667
11,9,15.0,22.4,22.6,0.8928571428571619
11,9,20.0,22.9,23.1,0.8733624454148492
11,9,25.0,23.2,23.4,0.8620689655172376
12,9,0.5,40.4,41.9,3.712871287128716
12,9,1.0,59.8,60.5,1.17056856187292
12,9,3.0,83.9,84.1,0.23837902264598476
12,9,5.0,89.0,90.0,1.1235955056179803
12,9,10.0,92.1,97.7,6.080347448425627
12,9,15.0,93.5,105.0,12.299465240641716
12,9,20.0,94.8,111.0,17.08860759493671
12,9,25.0,96.3,117.0,21.495327102803753
13,9,0.5,87.5,89.7,2.5142857142857133
13,9,1.0,160.0,159.0,-0.6249999999999978
13,9,3.0,336.0,335.0,-0.29761904761904656
13,9,5.0,417.0,418.0,0.23980815347721673
13,9,10.0,502.0,510.0,1.5936254980079667
13,9,15.0,536.0,553.0,3.171641791044766
13,9,20.0,554.0,578.0,4.332129963898912
13,9,25.0,565.0,596.0,5.486725663716818
14,9,0.5,105.0,107.0,1.904761904761898
14,9,1.0,200.0,195.0,-2.500000000000002
14,9,3.0,543.0,537.0,-1.104972375690605
14,9,5.0,815.0,810.0,-0.6134969325153339
14,9,10.0,1300.0,1300.0,0.0
14,9,15.0,1650.0,1670.0,1.21212121212122
14,9,20.0,1920.0,1960.0,2.083333333333326
14,9,25.0,2150.0,2210.0,2.7906976744185963
15,9,0.5,165.0,170.0,3.0303030303030276
15,9,1.0,261.0,261.0,0.0
15,9,3.0,481.0,479.0,-0.4158004158004158
15,9,5.0,609.0,611.0,0.3284072249589487
15,9,10.0,773.0,792.0,2.4579560155239433
15,9,15.0,850.0,888.0,4.470588235294115
15,9,20.0,895.0,950.0,6.145251396648055
15,9,25.0,924.0,993.0,7.467532467532467
11,10,0.5,9.63,10.1,4.880581516095517
11,10,1.0,10.5,10.8,2.857142857142869
11,10,3.0,9.45,9.56,1.1640211640211673
11,10,5.0,8.68,8.72,0.4608294930875667
11,10,10.0,7.81,7.69,-1.5364916773367376
11,10,15.0,7.43,7.15,-3.7685060565275874
11,10,20.0,7.22,6.8,-5.8171745152354575
11,10,25.0,7.09,6.54,-7.7574047954866
12,10,0.5,33.3,34.8,4.504504504504503
12,10,1.0,39.6,40.5,2.2727272727272707
12,10,3.0,39.4,39.7,0.7614213197969733
12,10,5.0,36.9,37.0,0.27100271002711285
12,10,10.0,33.5,33.2,-0.8955223880596885
12,10,15.0,31.9,31.1,-2.507836990595602
12,10,20.0,31.0,29.8,-3.8709677419354827
12,10,25.0,30.4,28.9,-4.934210526315786
13,10,0.5,72.4,75.1,3.7292817679557944
13,10,1.0,102.0,103.0,0.9803921568627416
13,10,3.0,131.0,132.0,0.7633587786259444
13,10,5.0,130.0,132.0,1.538461538461533
13,10,10.0,116.0,126.0,8.62068965517242
13,10,15.0,104.0,122.0,17.307692307692314
13,10,20.0,94.6,122.0,28.964059196617352
13,10,25.0,87.6,122.0,39.26940639269407
14,10,0.5,162.0,167.0,3.0864197530864113
14,10,1.0,270.0,271.0,0.37037037037037646
14,10,3.0,529.0,528.0,-0.1890359168241984
14,10,5.0,652.0,650.0,-0.30674846625766694
14,10,10.0,776.0,764.0,-1.546391752577314
14,10,15.0,824.0,801.0,-2.7912621359223344
14,10,20.0,850.0,815.0,-4.117647058823525
14,10,25.0,865.0,821.0,-5.086705202312136
15,10,0.5,381.0,387.0,1.5748031496062964
15,10,1.0,745.0,733.0,-1.6107382550335614
15,10,3.0,1770.0,1760.0,-0.5649717514124242
15,10,5.0,2470.0,2460.0,-0.4048582995951455
15,10,10.0,3620.0,3640.0,0.5524861878453136
15,10,15.0,4420.0,4480.0,1.3574660633484115
15,10,20.0,5030.0,5140.0,2.1868787276341894
15,10,25.0,5530.0,5690.0,2.893309222423146
