i_table,j_table,label,n_lower,l_lower,n_upper,l_upper,Te,K_CCC,K_Anderson,Upsilon,dE_eV,ratio,pct_err,class
2,1,1Sâ†’2S,1,0,2,0,1.0,3.9603317671148737e-13,4.3875585825013597e-13,0.296,10.20435,0.9026276669922153,-9.73723330077847,ground_exc
2,1,1Sâ†’2S,1,0,2,0,3.0,2.25185822459277e-10,2.504470276053744e-10,0.325,10.20435,0.8991355362144642,-10.086446378553582,ground_exc
2,1,1Sâ†’2S,1,0,2,0,5.0,6.956406807108656e-10,7.842064914767504e-10,0.337,10.20435,0.8870631501671132,-11.293684983288676,ground_exc
2,1,1Sâ†’2S,1,0,2,0,10.0,1.4625427093233444e-09,1.6251925464651047e-09,0.356,10.20435,0.899919651061941,-10.008034893805895,ground_exc
3,1,1Sâ†’2P,1,0,2,1,1.0,6.796180930819731e-13,7.94503851425922e-13,0.536,10.20435,0.8553993688793834,-14.460063112061661,ground_exc
3,1,1Sâ†’2P,1,0,2,1,3.0,5.887355498319722e-10,6.604095466394025e-10,0.857,10.20435,0.8914703805053172,-10.852961949468277,ground_exc
3,1,1Sâ†’2P,1,0,2,1,5.0,2.4398352599049132e-09,2.6760755643865365e-09,1.15,10.20435,0.911721362570799,-8.827863742920094,ground_exc
3,1,1Sâ†’2P,1,0,2,1,10.0,7.81702249749311e-09,7.989008304252622e-09,1.75,10.20435,0.9784721957707865,-2.152780422921352,ground_exc
4,1,1Sâ†’3S,1,0,3,0,1.0,1.3770837351447825e-14,1.543357615798619e-14,0.0689,12.094044444444444,0.8922648393659579,-10.773516063404209,ground_exc
4,1,1Sâ†’3S,1,0,3,0,3.0,2.6841085587321936e-11,3.168754045605681e-11,0.0772,12.094044444444444,0.8470548739667639,-15.294512603323607,ground_exc
4,1,1Sâ†’3S,1,0,3,0,5.0,1.043532182806189e-10,1.285283108449567e-10,0.0806,12.094044444444444,0.8119084238685736,-18.809157613142634,ground_exc
4,1,1Sâ†’3S,1,0,3,0,10.0,2.542753455572686e-10,3.1479761861307835e-10,0.0833,12.094044444444444,0.8077422779674887,-19.225772203251136,ground_exc
5,1,1Sâ†’3P,1,0,3,1,1.0,2.4507666314106157e-14,2.8223956399220024e-14,0.126,12.094044444444444,0.868328520900898,-13.167147909910204,ground_exc
5,1,1Sâ†’3P,1,0,3,1,3.0,6.26148798261307e-11,7.634562855992962e-11,0.186,12.094044444444444,0.8201501645504092,-17.98498354495908,ground_exc
5,1,1Sâ†’3P,1,0,3,1,5.0,3.119147491501247e-10,3.827145732356031e-10,0.24,12.094044444444444,0.8150061977339617,-18.499380226603833,ground_exc
5,1,1Sâ†’3P,1,0,3,1,10.0,1.1242837336605247e-09,1.182852996709406e-09,0.313,12.094044444444444,0.9504847489824889,-4.951525101751109,ground_exc
6,1,1Sâ†’3D,1,0,3,2,1.0,1.272974988191033e-14,1.469437729991138e-14,0.0656,12.094044444444444,0.8663007368122433,-13.369926318775672,ground_exc
6,1,1Sâ†’3D,1,0,3,2,3.0,2.7807671102864645e-11,3.2056954787798404e-11,0.0781,12.094044444444444,0.8674458097139304,-13.255419028606962,ground_exc
6,1,1Sâ†’3D,1,0,3,2,5.0,1.2123859931917678e-10,1.431990361523215e-10,0.0898,12.094044444444444,0.8466439619762154,-15.335603802378461,ground_exc
6,1,1Sâ†’3D,1,0,3,2,10.0,3.388063228916002e-10,4.156991362237529e-10,0.11,12.094044444444444,0.8150277288746527,-18.49722711253473,ground_exc
7,1,1Sâ†’4S,1,0,4,0,1.0,2.8404857249288236e-15,2.9018951357441185e-15,0.0251,12.755437500000001,0.9788381702498881,-2.116182975011194,ground_exc
7,1,1Sâ†’4S,1,0,4,0,3.0,8.39018328998898e-12,1.04701257882929e-11,0.0318,12.755437500000001,0.8013450324895244,-19.865496751047562,ground_exc
7,1,1Sâ†’4S,1,0,4,0,5.0,3.5397928019793697e-11,4.7220718133659476e-11,0.0338,12.755437500000001,0.7496270581823626,-25.037294181763738,ground_exc
7,1,1Sâ†’4S,1,0,4,0,10.0,9.076433756041984e-11,1.2309537775746346e-10,0.0348,12.755437500000001,0.737349681311788,-26.265031868821197,ground_exc
8,1,1Sâ†’4P,1,0,4,1,1.0,4.844585116728412e-15,5.433827545018867e-15,0.047,12.755437500000001,0.891560336906421,-10.8439663093579,ground_exc
8,1,1Sâ†’4P,1,0,4,1,3.0,1.807057198801232e-11,2.4331518734429095e-11,0.0739,12.755437500000001,0.7426816297513917,-25.731837024860827,ground_exc
8,1,1Sâ†’4P,1,0,4,1,5.0,9.609087963042673e-11,1.3146359693424134e-10,0.0941,12.755437500000001,0.7309314659821137,-26.906853401788634,ground_exc
8,1,1Sâ†’4P,1,0,4,1,10.0,3.643866163575785e-10,4.3507849034965535e-10,0.123,12.755437500000001,0.8375192624777552,-16.248073752224478,ground_exc
9,1,1Sâ†’4D,1,0,4,2,1.0,3.039747375111123e-15,3.607136583076354e-15,0.0312,12.755437500000001,0.8427037083576879,-15.729629164231207,ground_exc
9,1,1Sâ†’4D,1,0,4,2,3.0,1.0567011953160144e-11,1.3235819392747629e-11,0.0402,12.755437500000001,0.7983647736195449,-20.163522638045507,ground_exc
9,1,1Sâ†’4D,1,0,4,2,5.0,5.067298690323315e-11,6.594135786712211e-11,0.0472,12.755437500000001,0.7684553145742596,-23.154468542574037,ground_exc
9,1,1Sâ†’4D,1,0,4,2,10.0,1.506425725075134e-10,2.0303662882983917e-10,0.0574,12.755437500000001,0.74194776270524,-25.805223729476,ground_exc
10,1,1Sâ†’4F,1,0,4,3,1.0,8.339238093200734e-16,1.283308207440626e-15,0.0111,12.755437500000001,0.6498234831546934,-35.01765168453066,ground_exc
10,1,1Sâ†’4F,1,0,4,3,3.0,2.02342512122052e-12,3.4571170055684107e-12,0.0105,12.755437500000001,0.5852926348634918,-41.47073651365082,ground_exc
10,1,1Sâ†’4F,1,0,4,3,5.0,7.909330737202285e-12,1.4808864266768948e-11,0.0106,12.755437500000001,0.5340943501623417,-46.59056498376582,ground_exc
10,1,1Sâ†’4F,1,0,4,3,10.0,1.7806652010408957e-11,3.9263180836432313e-11,0.0111,12.755437500000001,0.4535203626163207,-54.647963738367935,ground_exc
11,1,1Sâ†’5S,1,0,5,0,1.0,7.907415244131734e-16,1.4386127690441548e-15,0.0169,13.061568,0.5496555719705999,-45.03444280294001,ground_exc
11,1,1Sâ†’5S,1,0,5,0,3.0,3.310175617513252e-12,5.678599209319856e-12,0.0191,13.061568,0.5829211563444222,-41.70788436555778,ground_exc
11,1,1Sâ†’5S,1,0,5,0,5.0,1.509328596231902e-11,2.523056398978928e-11,0.0192,13.061568,0.5982143708094365,-40.17856291905635,ground_exc
11,1,1Sâ†’5S,1,0,5,0,10.0,4.1166887603084975e-11,6.449488490513655e-11,0.0188,13.061568,0.6382969387981082,-36.170306120189174,ground_exc
12,1,1Sâ†’5P,1,0,5,1,1.0,1.4505968438859242e-15,2.6559004966969013e-15,0.0312,13.061568,0.5461789120827407,-45.382108791725926,ground_exc
12,1,1Sâ†’5P,1,0,5,1,3.0,7.402714396734456e-12,1.201127790871844e-11,0.0404,13.061568,0.6163136389810082,-38.36863610189918,ground_exc
12,1,1Sâ†’5P,1,0,5,1,5.0,4.145519186545436e-11,6.228795484979229e-11,0.0474,13.061568,0.6655410659319889,-33.445893406801105,ground_exc
12,1,1Sâ†’5P,1,0,5,1,10.0,1.6297182097466353e-10,1.9588606000443067e-10,0.0571,13.061568,0.8319725302095378,-16.802746979046223,ground_exc
13,1,1Sâ†’5D,1,0,5,2,1.0,1.049979810425426e-15,1.8557253470510403e-15,0.0218,13.061568,0.5658056091619182,-43.41943908380818,ground_exc
13,1,1Sâ†’5D,1,0,5,2,3.0,4.895904580271474e-12,7.343528820429344e-12,0.0247,13.061568,0.6666964479871452,-33.33035520128548,ground_exc
13,1,1Sâ†’5D,1,0,5,2,5.0,2.4857071911200134e-11,3.6137526547875276e-11,0.0275,13.061568,0.6878465209363261,-31.215347906367384,ground_exc
13,1,1Sâ†’5D,1,0,5,2,10.0,7.652008178233637e-11,1.0806323800594688e-10,0.0315,13.061568,0.7081046542222376,-29.189534577776243,ground_exc
14,1,1Sâ†’5F,1,0,5,3,1.0,4.174183741689406e-16,7.550588912083819e-16,0.00887,13.061568,0.5528288972280191,-44.71711027719809,ground_exc
14,1,1Sâ†’5F,1,0,5,3,3.0,1.3994477936036347e-12,2.8006494529734577e-12,0.00942,13.061568,0.4996868823114713,-50.03131176885287,ground_exc
14,1,1Sâ†’5F,1,0,5,3,5.0,5.818114217728393e-12,1.307521415095851e-11,0.00995,13.061568,0.444972766836242,-55.5027233163758,ground_exc
14,1,1Sâ†’5F,1,0,5,3,10.0,1.3521926175890444e-11,3.739331092904194e-11,0.0109,13.061568,0.3616135035902501,-63.838649640974985,ground_exc
15,1,1Sâ†’5G,1,0,5,4,1.0,6.8573017925158e-17,3.285825614503218e-16,0.00386,13.061568,0.20869341824619475,-79.13065817538052,ground_exc
15,1,1Sâ†’5G,1,0,5,4,3.0,1.6288077157899985e-13,8.294917169634764e-13,0.00279,13.061568,0.19636214352478182,-80.36378564752182,ground_exc
15,1,1Sâ†’5G,1,0,5,4,5.0,5.768533011034339e-13,3.088115905000251e-12,0.00235,13.061568,0.18679781421720537,-81.32021857827947,ground_exc
15,1,1Sâ†’5G,1,0,5,4,10.0,1.1099188985195858e-12,6.449488490513655e-12,0.00188,13.061568,0.17209409709810783,-82.79059029018921,ground_exc
4,2,2Sâ†’3S,2,0,3,0,1.0,8.592607432273628e-09,8.897286564576886e-09,1.47,1.8896944444444446,0.9657559492894959,-3.424405071050407,excited_exc
4,2,2Sâ†’3S,2,0,3,0,3.0,2.7350543548049287e-08,2.8205751713143496e-08,2.29,1.8896944444444446,0.9696796535050085,-3.032034649499149,excited_exc
4,2,2Sâ†’3S,2,0,3,0,5.0,3.5935750592404174e-08,3.7559842625435446e-08,3.06,1.8896944444444446,0.9567598818443547,-4.324011815564532,excited_exc
4,2,2Sâ†’3S,2,0,3,0,10.0,4.308401664047328e-08,4.466479300981898e-08,4.26,1.8896944444444446,0.9646079996609817,-3.539200033901835,excited_exc
5,2,2Sâ†’3P,2,0,3,1,1.0,1.7759544927401344e-08,1.858140799540887e-08,3.07,1.8896944444444446,0.955769602163055,-4.423039783694504,excited_exc
5,2,2Sâ†’3P,2,0,3,1,3.0,6.390122996644885e-08,6.540285659248557e-08,5.31,1.8896944444444446,0.9770403510752885,-2.2959648924711473,excited_exc
5,2,2Sâ†’3P,2,0,3,1,5.0,9.62979862114729e-08,9.561803073599416e-08,7.79,1.8896944444444446,1.0071111637652959,0.7111163765295858,excited_exc
5,2,2Sâ†’3P,2,0,3,1,10.0,1.5414939955316046e-07,1.44688766088146e-07,13.8,1.8896944444444446,1.0653860954156658,6.538609541566576,excited_exc
6,2,2Sâ†’3D,2,0,3,2,1.0,1.7802849955458378e-08,1.876298527223697e-08,3.1,1.8896944444444446,0.9488282220101043,-5.1171777989895695,excited_exc
6,2,2Sâ†’3D,2,0,3,2,3.0,7.736552278082935e-08,8.116851693869678e-08,6.59,1.8896944444444446,0.9531469305920708,-4.6853069407929215,excited_exc
6,2,2Sâ†’3D,2,0,3,2,5.0,1.092786026585771e-07,1.1415246288122539e-07,9.3,1.8896944444444446,0.9573039415915231,-4.2696058408476905,excited_exc
6,2,2Sâ†’3D,2,0,3,2,10.0,1.4140535886441085e-07,1.4154335812970805e-07,13.5,1.8896944444444446,0.9990250389200831,-0.09749610799169028,excited_exc
7,2,2Sâ†’4S,2,0,4,0,1.0,1.0548265844319967e-09,1.1870922947758424e-09,0.38,2.5510875,0.8885800953085781,-11.141990469142193,excited_exc
7,2,2Sâ†’4S,2,0,4,0,3.0,4.4841942599830754e-09,4.989386216442153e-09,0.505,2.5510875,0.898746672527724,-10.1253327472276,excited_exc
7,2,2Sâ†’4S,2,0,4,0,5.0,6.174763939006915e-09,6.764023565727228e-09,0.629,2.5510875,0.9128832682212928,-8.711673177870715,excited_exc
7,2,2Sâ†’4S,2,0,4,0,10.0,7.76079495739841e-09,8.076656753044062e-09,0.823,2.5510875,0.9608920119668817,-3.9107988033118324,excited_exc
8,2,2Sâ†’4P,2,0,4,1,1.0,2.766077339903285e-09,2.7771711843571682e-09,0.889,2.5510875,0.9960053436689927,-0.39946563310072625,excited_exc
8,2,2Sâ†’4P,2,0,4,1,3.0,1.2828550236960133e-08,1.4325960423447764e-08,1.45,2.5510875,0.89547575574502,-10.452424425497997,excited_exc
8,2,2Sâ†’4P,2,0,4,1,5.0,1.8641678808927224e-08,2.0969548415211597e-08,1.95,2.5510875,0.8889880907213192,-11.101190927868076,excited_exc
8,2,2Sâ†’4P,2,0,4,1,10.0,2.7779969359100807e-08,3.0029853784100644e-08,3.06,2.5510875,0.925078408933478,-7.492159106652196,excited_exc
9,2,2Sâ†’4D,2,0,4,2,1.0,2.320654800531356e-09,2.327325683178954e-09,0.745,2.5510875,0.9971336703342326,-0.28663296657673865,excited_exc
9,2,2Sâ†’4D,2,0,4,2,3.0,9.710375639170846e-09,1.1065569430525171e-08,1.12,2.5510875,0.8775305871186416,-12.246941288135837,excited_exc
9,2,2Sâ†’4D,2,0,4,2,5.0,1.276022996735974e-08,1.5055060400664736e-08,1.4,2.5510875,0.8475708252088001,-15.242917479119988,excited_exc
9,2,2Sâ†’4D,2,0,4,2,10.0,1.564358039826317e-08,1.795903020421705e-08,1.83,2.5510875,0.8710704431350541,-12.89295568649459,excited_exc
10,2,2Sâ†’4F,2,0,4,3,1.0,2.0504040255614202e-09,2.2898385580807696e-09,0.733,2.5510875,0.895436063964251,-10.456393603574899,excited_exc
10,2,2Sâ†’4F,2,0,4,3,3.0,1.0856032394171743e-08,1.2745164790515597e-08,1.29,2.5510875,0.8517765421323023,-14.822345786769775,excited_exc
10,2,2Sâ†’4F,2,0,4,3,5.0,1.4757289376044845e-08,1.7528391752202515e-08,1.63,2.5510875,0.8419077793711753,-15.809222062882466,excited_exc
10,2,2Sâ†’4F,2,0,4,3,10.0,1.6938201659035404e-08,2.0510586408094883e-08,2.09,2.5510875,0.8258272738779633,-17.41727261220367,excited_exc
11,2,2Sâ†’5S,2,0,5,0,1.0,3.1139393950146974e-10,4.761244105520927e-10,0.207,2.857218,0.6540180099995108,-34.59819900004892,excited_exc
11,2,2Sâ†’5S,2,0,5,0,3.0,1.563212527880884e-09,2.060870941787057e-09,0.231,2.857218,0.7585203402040134,-24.147965979598663,excited_exc
11,2,2Sâ†’5S,2,0,5,0,5.0,2.2003659310718625e-09,2.6197754815132644e-09,0.259,2.857218,0.8399062998333209,-16.009370016667912,excited_exc
11,2,2Sâ†’5S,2,0,5,0,10.0,2.8342956754521562e-09,2.9790723454515084e-09,0.313,2.857218,0.9514020966223263,-4.859790337767366,excited_exc
12,2,2Sâ†’5P,2,0,5,1,1.0,7.906004766764293e-10,1.1730601419399388e-09,0.51,2.857218,0.6739641459209245,-32.60358540790755,excited_exc
12,2,2Sâ†’5P,2,0,5,1,3.0,4.613805741013643e-09,6.361043209931477e-09,0.713,2.857218,0.7253221820298473,-27.467781797015267,excited_exc
12,2,2Sâ†’5P,2,0,5,1,5.0,6.832508134812007e-09,8.850592842950217e-09,0.875,2.857218,0.7719831039628402,-22.801689603715978,excited_exc
12,2,2Sâ†’5P,2,0,5,1,10.0,1.0129578781236892e-08,1.2182787866383166e-08,1.28,2.857218,0.8314664009859484,-16.853359901405163,excited_exc
13,2,2Sâ†’5D,2,0,5,2,1.0,6.93144305867681e-10,1.094856132477276e-09,0.476,2.857218,0.6330916778073281,-36.690832219267186,excited_exc
13,2,2Sâ†’5D,2,0,5,2,3.0,3.461840832170696e-09,4.924678614140499e-09,0.552,2.857218,0.7029577163128012,-29.704228368719875,excited_exc
13,2,2Sâ†’5D,2,0,5,2,5.0,4.5413136031797565e-09,6.089207875949749e-09,0.602,2.857218,0.7457971045981799,-25.420289540182004,excited_exc
13,2,2Sâ†’5D,2,0,5,2,10.0,5.367010520957074e-09,6.481623857036669e-09,0.681,2.857218,0.8280348627652108,-17.196513723478922,excited_exc
14,2,2Sâ†’5F,2,0,5,3,1.0,6.317041470953312e-10,1.0465536560444552e-09,0.455,2.857218,0.6036041663481588,-39.639583365184116,excited_exc
14,2,2Sâ†’5F,2,0,5,3,3.0,3.97855983541179e-09,6.022025479247893e-09,0.675,2.857218,0.6606680508280883,-33.933194917191166,excited_exc
14,2,2Sâ†’5F,2,0,5,3,5.0,5.592906627055898e-09,8.253810011254144e-09,0.816,2.857218,0.6776151400904454,-32.23848599095545,excited_exc
14,2,2Sâ†’5F,2,0,5,3,10.0,6.720164795056079e-09,9.441660596446954e-09,0.992,2.857218,0.7117566583133674,-28.824334168663256,excited_exc
15,2,2Sâ†’5G,2,0,5,4,1.0,2.4354562900342337e-10,5.727293634177348e-10,0.249,2.857218,0.4252368475575909,-57.47631524424091,excited_exc
15,2,2Sâ†’5G,2,0,5,4,3.0,1.283504079876568e-09,2.230379807128849e-09,0.25,2.857218,0.5754643562384171,-42.45356437615829,excited_exc
15,2,2Sâ†’5G,2,0,5,4,5.0,1.5897062326932461e-09,2.4983959225242326e-09,0.247,2.857218,0.6362907569458007,-36.370924305419926,excited_exc
15,2,2Sâ†’5G,2,0,5,4,10.0,1.5444094008473672e-09,2.3413795430705148e-09,0.246,2.857218,0.6596151424565746,-34.03848575434254,excited_exc
4,3,2Pâ†’3S,2,1,3,0,1.0,4.269803068631582e-09,4.398205149836193e-09,2.18,1.8896944444444446,0.970805799904674,-2.919420009532603,excited_exc
4,3,2Pâ†’3S,2,1,3,0,3.0,9.097461507162213e-09,9.278748016259721e-09,2.26,1.8896944444444446,0.9804621799428297,-1.9537820057170308,excited_exc
4,3,2Pâ†’3S,2,1,3,0,5.0,9.519679738926121e-09,9.533162670725991e-09,2.33,1.8896944444444446,0.9985856811358865,-0.1414318864113473,excited_exc
4,3,2Pâ†’3S,2,1,3,0,10.0,9.642591589088195e-09,9.226530011418007e-09,2.64,1.8896944444444446,1.045094046966227,4.50940469662271,excited_exc
5,3,2Pâ†’3P,2,1,3,1,1.0,1.557414580746369e-08,1.5938449854910977e-08,7.9,1.8896944444444446,0.9771430690711095,-2.2856930928890518,excited_exc
5,3,2Pâ†’3P,2,1,3,1,3.0,4.237336729321319e-08,4.393035565220311e-08,10.7,1.8896944444444446,0.9645578020966504,-3.544219790334957,excited_exc
5,3,2Pâ†’3P,2,1,3,1,5.0,5.1157196433679707e-08,5.4007616847031365e-08,13.2,1.8896944444444446,0.947221881287133,-5.277811871286698,excited_exc
5,3,2Pâ†’3P,2,1,3,1,10.0,5.720095229709376e-08,5.976275121032118e-08,17.1,1.8896944444444446,0.9571338524190133,-4.286614758098672,excited_exc
6,3,2Pâ†’3D,2,1,3,2,1.0,3.40668918486952e-08,3.651720789542895e-08,18.1,1.8896944444444446,0.9328996879019202,-6.710031209807976,excited_exc
6,3,2Pâ†’3D,2,1,3,2,3.0,1.4642975776340153e-07,1.53140398675437e-07,37.3,1.8896944444444446,0.9561798129685042,-4.382018703149582,excited_exc
6,3,2Pâ†’3D,2,1,3,2,5.0,2.2283523919313645e-07,2.3075981743731584e-07,56.4,1.8896944444444446,0.9656587601247689,-3.4341239875231078,excited_exc
6,3,2Pâ†’3D,2,1,3,2,10.0,3.405416015147513e-07,3.4284946746973726e-07,98.1,1.8896944444444446,0.9932685736045669,-0.6731426395433115,excited_exc
7,3,2Pâ†’4S,2,1,4,0,1.0,7.77600390676339e-10,7.736926096653078e-10,0.743,2.5510875,1.0050508185837805,0.5050818583780536,excited_exc
7,3,2Pâ†’4S,2,1,4,0,3.0,2.346615243673355e-09,2.460113203750685e-09,0.747,2.5510875,0.9538647408971704,-4.613525910282956,excited_exc
7,3,2Pâ†’4S,2,1,4,0,5.0,2.504240243824322e-09,2.62746649373506e-09,0.733,2.5510875,0.953100734032362,-4.689926596763804,excited_exc
7,3,2Pâ†’4S,2,1,4,0,10.0,2.3607400460987402e-09,2.404351038269496e-09,0.735,2.5510875,0.9818616368921969,-1.8138363107803146,excited_exc
8,3,2Pâ†’4P,2,1,4,1,1.0,2.2863376568565943e-09,2.290879867111275e-09,2.2,2.5510875,0.99801726388193,-0.19827361180699832,excited_exc
8,3,2Pâ†’4P,2,1,4,1,3.0,7.970609577541317e-09,8.793175708185178e-09,2.67,2.5510875,0.9064540323152908,-9.354596768470923,excited_exc
8,3,2Pâ†’4P,2,1,4,1,5.0,9.713418981369003e-09,1.0932841481435106e-08,3.05,2.5510875,0.8884624365827689,-11.15375634172311,excited_exc
8,3,2Pâ†’4P,2,1,4,1,10.0,1.0975896646578655e-08,1.1874550025739142e-08,3.63,2.5510875,0.924321058295887,-7.5678941704113045,excited_exc
9,3,2Pâ†’4D,2,1,4,2,1.0,4.256112382889987e-09,4.477628831172037e-09,4.3,2.5510875,0.950528179839313,-4.947182016068696,excited_exc
9,3,2Pâ†’4D,2,1,4,2,3.0,2.1807501187033556e-08,2.5193930399856413e-08,7.65,2.5510875,0.8655855136901482,-13.441448630985175,excited_exc
9,3,2Pâ†’4D,2,1,4,2,5.0,3.2449770301669886e-08,3.8354558639788734e-08,10.7,2.5510875,0.8460472875317286,-15.395271246827136,excited_exc
9,3,2Pâ†’4D,2,1,4,2,10.0,4.7589564195331824e-08,5.5283717750686364e-08,16.9,2.5510875,0.8608242377972307,-13.917576220276928,excited_exc
10,3,2Pâ†’4F,2,1,4,3,1.0,3.0186732001602485e-09,3.3113627170062974e-09,3.18,2.5510875,0.9116105537629956,-8.83894462370044,excited_exc
10,3,2Pâ†’4F,2,1,4,3,3.0,1.4133285648107648e-08,1.6236088479907466e-08,4.93,2.5510875,0.8704858726039781,-12.951412739602187,excited_exc
10,3,2Pâ†’4F,2,1,4,3,5.0,1.8655465072597444e-08,2.1865682962870212e-08,6.1,2.5510875,0.853184650316023,-14.681534968397703,excited_exc
10,3,2Pâ†’4F,2,1,4,3,10.0,2.1233575702373693e-08,2.522115170756165e-08,7.71,2.5510875,0.8418955624460073,-15.810443755399273,excited_exc
11,3,2Pâ†’5S,2,1,5,0,1.0,2.385979111118988e-10,3.8335298756207147e-10,0.5,2.857218,0.6223974218363583,-37.760257816364174,excited_exc
11,3,2Pâ†’5S,2,1,5,0,3.0,9.088183340542754e-10,1.4006785188769174e-09,0.471,2.857218,0.6488414877547904,-35.11585122452095,excited_exc
11,3,2Pâ†’5S,2,1,5,0,5.0,1.008527599051654e-09,1.4632980167011028e-09,0.434,2.857218,0.6892154486242693,-31.07845513757307,excited_exc
11,3,2Pâ†’5S,2,1,5,0,10.0,9.614349285702457e-10,1.2277965896589286e-09,0.387,2.857218,0.7830571746720066,-21.694282532799335,excited_exc
12,3,2Pâ†’5P,2,1,5,1,1.0,6.709331691706644e-10,1.050387185920076e-09,1.37,2.857218,0.6387484331151349,-36.12515668848651,excited_exc
12,3,2Pâ†’5P,2,1,5,1,3.0,2.8905997530129622e-09,4.044422050260314e-09,1.36,2.857218,0.7147126875215489,-28.52873124784511,excited_exc
12,3,2Pâ†’5P,2,1,5,1,5.0,3.600205056648072e-09,4.652883094579543e-09,1.38,2.857218,0.7737579009543982,-22.62420990456018,excited_exc
12,3,2Pâ†’5P,2,1,5,1,10.0,4.1145926893454794e-09,4.6319974700311e-09,1.46,2.857218,0.8882976979082533,-11.170230209174669,excited_exc
13,3,2Pâ†’5D,2,1,5,2,1.0,1.1667618042269312e-09,1.8860966988053917e-09,2.46,2.857218,0.6186118691400765,-38.13881308599235,excited_exc
13,3,2Pâ†’5D,2,1,5,2,3.0,7.099996005163577e-09,1.0259747112792708e-08,3.45,2.857218,0.6920244648438468,-30.797553515615316,excited_exc
13,3,2Pâ†’5D,2,1,5,2,5.0,1.0740316285607956e-08,1.4531830534520167e-08,4.31,2.857218,0.7390890129150955,-26.091098708490446,excited_exc
13,3,2Pâ†’5D,2,1,5,2,10.0,1.5788391474191935e-08,1.9543222202322998e-08,6.16,2.857218,0.807870437676099,-19.2129562323901,excited_exc
14,3,2Pâ†’5F,2,1,5,3,1.0,1.0391812355017485e-09,1.5257448904970444e-09,1.99,2.857218,0.6810976343254951,-31.890236567450494,excited_exc
14,3,2Pâ†’5F,2,1,5,3,3.0,5.972808801294595e-09,8.624135254231551e-09,2.9,2.857218,0.6925690083958219,-30.74309916041781,excited_exc
14,3,2Pâ†’5F,2,1,5,3,5.0,8.156351667135322e-09,1.1733357368939718e-08,3.48,2.857218,0.6951421840032448,-30.48578159967552,excited_exc
14,3,2Pâ†’5F,2,1,5,3,10.0,9.598723534867215e-09,1.3420102259062707e-08,4.23,2.857218,0.71524965678895,-28.475034321104996,excited_exc
15,3,2Pâ†’5G,2,1,5,4,1.0,3.0468996691530094e-10,6.816016118853631e-10,0.889,2.857218,0.44702060793621773,-55.297939206378224,excited_exc
15,3,2Pâ†’5G,2,1,5,4,3.0,1.4257557746420849e-09,2.706194165983004e-09,0.91,2.857218,0.5268490312202673,-47.315096877973275,excited_exc
15,3,2Pâ†’5G,2,1,5,4,5.0,1.6976403482503865e-09,3.0007724305621694e-09,0.89,2.857218,0.5657344525563865,-43.42655474436135,excited_exc
15,3,2Pâ†’5G,2,1,5,4,10.0,1.5836784401436235e-09,2.684020451812541e-09,0.846,2.857218,0.590039632177226,-40.9960367822774,excited_exc
7,4,3Sâ†’4S,3,0,4,0,1.0,8.31064258161197e-08,9.05438317652784e-08,4.38,0.6613930555555555,0.9178585022948985,-8.214149770510149,excited_exc
7,4,3Sâ†’4S,3,0,4,0,3.0,1.6225795383673576e-07,2.0218248619142462e-07,10.9,0.6613930555555555,0.8025321920470962,-19.746780795290377,excited_exc
7,4,3Sâ†’4S,3,0,4,0,5.0,1.7914229424380145e-07,2.3852550744052364e-07,15.2,0.6613930555555555,0.7510404072338913,-24.895959276610867,excited_exc
7,4,3Sâ†’4S,3,0,4,0,10.0,1.8145447634265448e-07,2.5132520127514084e-07,21.2,0.6613930555555555,0.7219907729985475,-27.800922700145247,excited_exc
8,4,3Sâ†’4P,3,0,4,1,1.0,1.292679032763366e-07,1.2589313594761312e-07,6.09,0.6613930555555555,1.0268066031028713,2.6806603102871307,excited_exc
8,4,3Sâ†’4P,3,0,4,1,3.0,3.9868552346711876e-07,2.856523199401779e-07,15.4,0.6613930555555555,1.3957020322839058,39.570203228390575,excited_exc
8,4,3Sâ†’4P,3,0,4,1,5.0,6.344223582819425e-07,4.0486566394509934e-07,25.8,0.6613930555555555,1.5669947214095477,56.69947214095477,excited_exc
8,4,3Sâ†’4P,3,0,4,1,10.0,9.589001152795113e-07,5.797076576582258e-07,48.9,0.6613930555555555,1.6541097958806736,65.41097958806736,excited_exc
9,4,3Sâ†’4D,3,0,4,2,1.0,2.008356347510787e-07,2.1085549863147023e-07,10.2,0.6613930555555555,0.9524799497977329,-4.752005020226713,excited_exc
9,4,3Sâ†’4D,3,0,4,2,3.0,4.30587169466927e-07,4.266235947158501e-07,23.0,0.6613930555555555,1.0092905662044238,0.9290566204423811,excited_exc
9,4,3Sâ†’4D,3,0,4,2,5.0,5.21706273052743e-07,5.052974565516356e-07,32.2,0.6613930555555555,1.0324735782623724,3.2473578262372405,excited_exc
9,4,3Sâ†’4D,3,0,4,2,10.0,5.749257421898115e-07,5.394007857556088e-07,45.5,0.6613930555555555,1.065860038346882,6.586003834688192,excited_exc
10,4,3Sâ†’4F,3,0,4,3,1.0,2.0659999434873436e-07,2.1912434171505732e-07,10.6,0.6613930555555555,0.9428436509230488,-5.715634907695122,excited_exc
10,4,3Sâ†’4F,3,0,4,3,3.0,3.316418499238298e-07,3.654123833000977e-07,19.7,0.6613930555555555,0.9075824057431201,-9.24175942568799,excited_exc
10,4,3Sâ†’4F,3,0,4,3,5.0,3.476611422001822e-07,3.8917319635032805e-07,24.8,0.6613930555555555,0.8933326998378961,-10.66673001621039,excited_exc
10,4,3Sâ†’4F,3,0,4,3,10.0,3.314499200198286e-07,3.722458169829916e-07,31.4,0.6613930555555555,0.8904060298277925,-10.959397017220752,excited_exc
11,4,3Sâ†’5S,3,0,5,0,1.0,1.4208747904957441e-08,2.3896463023242627e-08,1.57,0.9675235555555554,0.5945962752369446,-40.54037247630554,excited_exc
11,4,3Sâ†’5S,3,0,5,0,3.0,3.1732928505460136e-08,4.8740849561309796e-08,2.91,0.9675235555555554,0.651054070478278,-34.8945929521722,excited_exc
11,4,3Sâ†’5S,3,0,5,0,5.0,3.588164074160541e-08,5.239977669022374e-08,3.55,0.9675235555555554,0.6847670545187624,-31.523294548123758,excited_exc
11,4,3Sâ†’5S,3,0,5,0,10.0,3.629588758018773e-08,4.955441682662368e-08,4.31,0.9675235555555554,0.7324450554463462,-26.75549445536538,excited_exc
12,4,3Sâ†’5P,3,0,5,1,1.0,3.061934674044281e-08,5.220692240109695e-08,3.43,0.9675235555555554,0.5864997462443688,-41.35002537556311,excited_exc
12,4,3Sâ†’5P,3,0,5,1,3.0,6.71677686679665e-08,9.329434091288508e-08,5.57,0.9675235555555554,0.7199554443573953,-28.004455564260468,excited_exc
12,4,3Sâ†’5P,3,0,5,1,5.0,9.717716395525847e-08,1.0834207349471612e-07,7.34,0.9675235555555554,0.8969476106620557,-10.305238933794424,excited_exc
12,4,3Sâ†’5P,3,0,5,1,10.0,1.472969962035084e-07,1.2762274403144382e-07,11.1,0.9675235555555554,1.154159451133704,15.41594511337041,excited_exc
13,4,3Sâ†’5D,3,0,5,2,1.0,3.5064478653833575e-08,6.34702234438992e-08,4.17,0.9675235555555554,0.5524555728849257,-44.75444271150742,excited_exc
13,4,3Sâ†’5D,3,0,5,2,3.0,6.364877541269235e-08,1.0250652897430101e-07,6.12,0.9675235555555554,0.6209241113670865,-37.90758886329135,excited_exc
13,4,3Sâ†’5D,3,0,5,2,5.0,7.328045840429997e-08,1.043567383661639e-07,7.07,0.9675235555555554,0.702211084320934,-29.778891567906594,excited_exc
13,4,3Sâ†’5D,3,0,5,2,10.0,8.069751006694568e-08,9.531464396582605e-08,8.29,0.9675235555555554,0.8466433562494219,-15.335664375057812,excited_exc
14,4,3Sâ†’5F,3,0,5,3,1.0,2.9032870616453593e-08,5.068485469261016e-08,3.33,0.9675235555555554,0.5728115586506077,-42.718844134939225,excited_exc
14,4,3Sâ†’5F,3,0,5,3,3.0,4.216527153751887e-08,6.867267463964609e-08,4.1,0.9675235555555554,0.6140036303926922,-38.59963696073078,excited_exc
14,4,3Sâ†’5F,3,0,5,3,5.0,4.060588328519633e-08,6.568422711873117e-08,4.45,0.9675235555555554,0.6181983874423446,-38.18016125576554,excited_exc
14,4,3Sâ†’5F,3,0,5,3,10.0,3.4839261640437666e-08,5.530318908029232e-08,4.81,0.9675235555555554,0.6299684018195776,-37.00315981804224,excited_exc
15,4,3Sâ†’5G,3,0,5,4,1.0,4.640829206360779e-08,7.260262969481994e-08,4.77,0.9675235555555554,0.6392095198022687,-36.07904801977313,excited_exc
15,4,3Sâ†’5G,3,0,5,4,3.0,8.720035748928125e-08,1.1255618867766385e-07,6.72,0.9675235555555554,0.7747273474140447,-22.52726525859553,excited_exc
15,4,3Sâ†’5G,3,0,5,4,5.0,9.030725883410004e-08,1.1616513874705939e-07,7.87,0.9675235555555554,0.7774041318087443,-22.259586819125566,excited_exc
15,4,3Sâ†’5G,3,0,5,4,10.0,8.1459599590346e-08,1.078469674788237e-07,9.38,0.9675235555555554,0.7553258241251986,-24.467417587480146,excited_exc
7,5,3Pâ†’4S,3,1,4,0,1.0,3.353918340207876e-08,3.3282093411437956e-08,4.83,0.6613930555555555,1.0077245739161482,0.7724573916148225,excited_exc
7,5,3Pâ†’4S,3,1,4,0,3.0,5.35089364454579e-08,4.717591344466574e-08,7.63,0.6613930555555555,1.1342427213035393,13.42427213035393,excited_exc
7,5,3Pâ†’4S,3,1,4,0,5.0,6.508260285239284e-08,5.084359500705899e-08,9.72,0.6613930555555555,1.280055095304668,28.00550953046681,excited_exc
7,5,3Pâ†’4S,3,1,4,0,10.0,7.957372691944093e-08,5.37424958701559e-08,13.6,0.6613930555555555,1.4806481468909511,48.064814689095115,excited_exc
8,5,3Pâ†’4P,3,1,4,1,1.0,1.3790692836849535e-07,1.4332661344884254e-07,20.8,0.6613930555555555,0.9621864708170083,-3.7813529182991745,excited_exc
8,5,3Pâ†’4P,3,1,4,1,3.0,2.3693363344374464e-07,2.788510742273165e-07,45.1,0.6613930555555555,0.8496780372830797,-15.032196271692033,excited_exc
8,5,3Pâ†’4P,3,1,4,1,5.0,2.588131745948281e-07,3.2221866794597054e-07,61.6,0.6613930555555555,0.8032221604187928,-19.67778395812072,excited_exc
8,5,3Pâ†’4P,3,1,4,1,10.0,2.585035350852586e-07,3.3272927590199464e-07,84.2,0.6613930555555555,0.7769185154642081,-22.30814845357919,excited_exc
9,5,3Pâ†’4D,3,1,4,2,1.0,2.1556386458963088e-07,2.2119155248595413e-07,32.1,0.6613930555555555,0.9745574013425281,-2.5442598657471893,excited_exc
9,5,3Pâ†’4D,3,1,4,2,3.0,6.361478311095963e-07,5.15039788983048e-07,83.3,0.6613930555555555,1.2351430796554137,23.51430796554137,excited_exc
9,5,3Pâ†’4D,3,1,4,2,5.0,9.60509572683773e-07,7.061610417647082e-07,135.0,0.6613930555555555,1.360184881175891,36.0184881175891,excited_exc
9,5,3Pâ†’4D,3,1,4,2,10.0,1.3940247563604239e-06,9.563002941601272e-07,242.0,0.6613930555555555,1.4577269973389784,45.77269973389784,excited_exc
10,5,3Pâ†’4F,3,1,4,3,1.0,2.609367927370363e-07,2.845860161267883e-07,41.3,0.6613930555555555,0.9168995591855932,-8.310044081440681,excited_exc
10,5,3Pâ†’4F,3,1,4,3,3.0,5.054262300840855e-07,5.45954542223327e-07,88.3,0.6613930555555555,0.9257661416751011,-7.423385832489893,excited_exc
10,5,3Pâ†’4F,3,1,4,3,5.0,5.85770602819531e-07,6.224678812592613e-07,119.0,0.6613930555555555,0.9410455068533157,-5.895449314668433,excited_exc
10,5,3Pâ†’4F,3,1,4,3,10.0,6.257324739204582e-07,6.401679655121512e-07,162.0,0.6613930555555555,0.9774504624264597,-2.254953757354028,excited_exc
11,5,3Pâ†’5S,3,1,5,0,1.0,7.903554074696746e-09,1.2785368751289048e-08,2.52,0.9675235555555554,0.6181717734109071,-38.18282265890929,excited_exc
11,5,3Pâ†’5S,3,1,5,0,3.0,1.169000814401676e-08,1.669360139614162e-08,2.99,0.9675235555555554,0.7002687956068404,-29.97312043931596,excited_exc
11,5,3Pâ†’5S,3,1,5,0,5.0,1.2589662519271482e-08,1.5892138845955182e-08,3.23,0.9675235555555554,0.7921943447200478,-20.780565527995222,excited_exc
11,5,3Pâ†’5S,3,1,5,0,10.0,1.3887498005850847e-08,1.425695518909823e-08,3.72,0.9675235555555554,0.9740858284011517,-2.5914171598848346,excited_exc
12,5,3Pâ†’5P,3,1,5,1,1.0,2.6162207525450277e-08,4.8706166671577324e-08,9.6,0.9675235555555554,0.5371436373110704,-46.28563626889296,excited_exc
12,5,3Pâ†’5P,3,1,5,1,3.0,4.756364361578545e-08,7.760570548707976e-08,13.9,0.9675235555555554,0.6128884895415856,-38.71115104584144,excited_exc
12,5,3Pâ†’5P,3,1,5,1,5.0,5.213107914348286e-08,7.773863584089532e-08,15.8,0.9675235555555554,0.6705942107111004,-32.94057892888996,excited_exc
12,5,3Pâ†’5P,3,1,5,1,10.0,5.189038409192107e-08,6.975177001117951e-08,18.2,0.9675235555555554,0.7439292806993185,-25.607071930068148,excited_exc
13,5,3Pâ†’5D,3,1,5,2,1.0,4.5543718341704873e-08,7.711809722999742e-08,15.2,0.9675235555555554,0.5905710848372601,-40.942891516273995,excited_exc
13,5,3Pâ†’5D,3,1,5,2,3.0,1.0205209498884371e-07,1.490699522665489e-07,26.7,0.9675235555555554,0.6845919881047957,-31.54080118952043,excited_exc
13,5,3Pâ†’5D,3,1,5,2,5.0,1.4074224756919587e-07,1.7466592230074582e-07,35.5,0.9675235555555554,0.8057796604815736,-19.422033951842643,excited_exc
13,5,3Pâ†’5D,3,1,5,2,10.0,2.0169700976900725e-07,1.9852426849335704e-07,51.8,0.9675235555555554,1.015981629348033,1.5981629348033044,excited_exc
14,5,3Pâ†’5F,3,1,5,3,1.0,3.412515249427304e-08,6.240477604795845e-08,12.3,0.9675235555555554,0.546835589443469,-45.3164410556531,excited_exc
14,5,3Pâ†’5F,3,1,5,3,3.0,5.18560626704909e-08,9.156356618619481e-08,16.4,0.9675235555555554,0.566339482289729,-43.3660517710271,excited_exc
14,5,3Pâ†’5F,3,1,5,3,5.0,5.334319059535792e-08,8.954703622179081e-08,18.2,0.9675235555555554,0.5957002358317821,-40.42997641682179,excited_exc
14,5,3Pâ†’5F,3,1,5,3,10.0,5.18633155885244e-08,7.703354819915979e-08,20.1,0.9675235555555554,0.6732562214898739,-32.674377851012615,excited_exc
15,5,3Pâ†’5G,3,1,5,4,1.0,5.339891954182099e-08,9.33534861205232e-08,18.4,0.9675235555555554,0.57200777133144,-42.799222866856,excited_exc
15,5,3Pâ†’5G,3,1,5,4,3.0,1.0254414060242923e-07,1.3790366370725682e-07,24.7,0.9675235555555554,0.7435925764823108,-25.64074235176892,excited_exc
15,5,3Pâ†’5G,3,1,5,4,5.0,1.0868556215930956e-07,1.412087878882086e-07,28.7,0.9675235555555554,0.7696798746360826,-23.032012536391743,excited_exc
15,5,3Pâ†’5G,3,1,5,4,10.0,1.0078357016989865e-07,1.3145525886722292e-07,34.3,0.9675235555555554,0.766675833575404,-23.3324166424596,excited_exc
7,6,3Dâ†’4S,3,2,4,0,1.0,1.6887825675081155e-08,1.7075160967607294e-08,4.13,0.6613930555555555,0.9890287832201684,-1.0971216779831594,excited_exc
7,6,3Dâ†’4S,3,2,4,0,3.0,1.5654563038239646e-08,1.5952012671983957e-08,4.3,0.6613930555555555,0.9813534730782459,-1.8646526921754059,excited_exc
7,6,3Dâ†’4S,3,2,4,0,5.0,1.4031273827279255e-08,1.4248760576052333e-08,4.54,0.6613930555555555,0.9847364444358336,-1.5263555564166364,excited_exc
7,6,3Dâ†’4S,3,2,4,0,10.0,1.1607147228076259e-08,1.1712702776407509e-08,4.94,0.6613930555555555,0.9909879427194322,-0.9012057280567753,excited_exc
8,6,3Dâ†’4P,3,2,4,1,1.0,6.347709210247317e-08,6.284320743526171e-08,15.2,0.6613930555555555,1.0100867650312797,1.0086765031279699,excited_exc
8,6,3Dâ†’4P,3,2,4,1,3.0,7.184936011597692e-08,7.271149962113619e-08,19.6,0.6613930555555555,0.9881430102576422,-1.1856989742357826,excited_exc
8,6,3Dâ†’4P,3,2,4,1,5.0,6.93798142915778e-08,6.81053093613074e-08,21.7,0.6613930555555555,1.0187137382125229,1.8713738212522868,excited_exc
8,6,3Dâ†’4P,3,2,4,1,10.0,6.326247553245668e-08,5.761511689609361e-08,24.3,0.6613930555555555,1.0980186961444136,9.801869614441362,excited_exc
9,6,3Dâ†’4D,3,2,4,2,1.0,1.777679307825668e-07,1.8935650661414386e-07,45.8,0.6613930555555555,0.9388002237747691,-6.119977622523088,excited_exc
9,6,3Dâ†’4D,3,2,4,2,3.0,2.558888025915571e-07,3.0828191931206206e-07,83.1,0.6613930555555555,0.8300480390240811,-16.99519609759189,excited_exc
9,6,3Dâ†’4D,3,2,4,2,5.0,2.6189494898561974e-07,3.358188065281056e-07,107.0,0.6613930555555555,0.7798698104291578,-22.013018957084217,excited_exc
9,6,3Dâ†’4D,3,2,4,2,10.0,2.445281047295698e-07,3.319389450803747e-07,140.0,0.6613930555555555,0.7366659090585483,-26.333409094145168,excited_exc
10,6,3Dâ†’4F,3,2,4,3,1.0,4.489105614341082e-07,4.7545847730625644e-07,115.0,0.6613930555555555,0.9441635450006963,-5.583645499930368,excited_exc
10,6,3Dâ†’4F,3,2,4,3,3.0,1.3135257595411873e-06,1.224224228315048e-06,330.0,0.6613930555555555,1.072945404249227,7.294540424922702,excited_exc
10,6,3Dâ†’4F,3,2,4,3,5.0,1.9035672330430582e-06,1.6382936168941229e-06,522.0,0.6613930555555555,1.161920679793553,16.192067979355308,excited_exc
10,6,3Dâ†’4F,3,2,4,3,10.0,2.661408454826164e-06,2.1078123012603796e-06,889.0,0.6613930555555555,1.262640156922302,26.264015692230203,excited_exc
11,6,3Dâ†’5S,3,2,5,0,1.0,4.813820785877432e-09,8.614903230035238e-09,2.83,0.9675235555555554,0.5587782772874794,-44.122172271252055,excited_exc
11,6,3Dâ†’5S,3,2,5,0,3.0,4.872963670117576e-09,8.374716419469037e-09,2.5,0.9675235555555554,0.5818661105693326,-41.81338894306674,excited_exc
11,6,3Dâ†’5S,3,2,5,0,5.0,4.167028550373763e-09,6.642225214253713e-09,2.25,0.9675235555555554,0.6273543000968463,-37.264569990315366,excited_exc
11,6,3Dâ†’5S,3,2,5,0,10.0,3.2135783584749256e-09,4.507037446876215e-09,1.96,0.9675235555555554,0.7130134586971817,-28.69865413028183,excited_exc
12,6,3Dâ†’5P,3,2,5,1,1.0,1.5137362171412047e-08,2.6270888648482017e-08,8.63,0.9675235555555554,0.5762028979665563,-42.37971020334437,excited_exc
12,6,3Dâ†’5P,3,2,5,1,3.0,1.8913155482345048e-08,2.9043516542718623e-08,8.67,0.9675235555555554,0.6512006028790163,-34.87993971209838,excited_exc
12,6,3Dâ†’5P,3,2,5,1,5.0,1.7579083519410895e-08,2.4974766805593963e-08,8.46,0.9675235555555554,0.7038737801336928,-29.612621986630717,excited_exc
12,6,3Dâ†’5P,3,2,5,1,10.0,1.4799205722211952e-08,1.9108918971194567e-08,8.31,0.9675235555555554,0.7744658787093491,-22.553412129065087,excited_exc
13,6,3Dâ†’5D,3,2,5,2,1.0,3.298660951487548e-08,6.27091895896558e-08,20.6,0.9675235555555554,0.526025128545383,-47.3974871454617,excited_exc
13,6,3Dâ†’5D,3,2,5,2,3.0,5.113051808994254e-08,9.111691464382313e-08,27.2,0.9675235555555554,0.5611528692538835,-43.884713074611646,excited_exc
13,6,3Dâ†’5D,3,2,5,2,5.0,5.2943029953145746e-08,8.649653279005947e-08,29.3,0.9675235555555554,0.6120826840729756,-38.79173159270244,excited_exc
13,6,3Dâ†’5D,3,2,5,2,10.0,4.98181162443734e-08,7.266448128637163e-08,31.6,0.9675235555555554,0.685591025525106,-31.4408974474894,excited_exc
14,6,3Dâ†’5F,3,2,5,3,1.0,6.967590579519578e-08,1.217654166789433e-07,40.0,0.9675235555555554,0.5722142435475666,-42.77857564524334,excited_exc
14,6,3Dâ†’5F,3,2,5,3,3.0,1.6251801936930286e-07,2.6229611825777024e-07,78.3,0.9675235555555554,0.6195975009038794,-38.04024990961206,excited_exc
14,6,3Dâ†’5F,3,2,5,3,5.0,2.16058887531697e-07,3.129226100937305e-07,106.0,0.9675235555555554,0.6904547020970467,-30.954529790295325,excited_exc
14,6,3Dâ†’5F,3,2,5,3,10.0,2.9096922132807486e-07,3.449263352201185e-07,150.0,0.9675235555555554,0.8435691671451809,-15.643083285481907,excited_exc
15,6,3Dâ†’5G,3,2,5,4,1.0,6.300188194857887e-08,1.1689480001178555e-07,38.4,0.9675235555555554,0.5389622287922722,-46.10377712077278,excited_exc
15,6,3Dâ†’5G,3,2,5,4,3.0,1.26218705407938e-07,1.7854895406307988e-07,53.3,0.9675235555555554,0.7069137204990065,-29.308627950099353,excited_exc
15,6,3Dâ†’5G,3,2,5,4,5.0,1.4070348572238675e-07,1.8273499589435772e-07,61.9,0.9675235555555554,0.769986531773749,-23.001346822625102,excited_exc
15,6,3Dâ†’5G,3,2,5,4,10.0,1.4010536169559363e-07,1.7200326582976575e-07,74.8,0.9675235555555554,0.8145505901862238,-18.54494098137762,excited_exc
11,7,4Sâ†’5S,4,0,5,0,1.0,2.2417054858469496e-07,4.747874192850576e-07,16.1,0.30613049999999997,0.47214930193865395,-52.7850698061346,excited_exc
11,7,4Sâ†’5S,4,0,5,0,3.0,3.408789758708439e-07,9.083135944227532e-07,43.5,0.30613049999999997,0.3752877618081644,-62.47122381918355,excited_exc
11,7,4Sâ†’5S,4,0,5,0,5.0,3.9302155145343624e-07,9.637069317583433e-07,57.2,0.30613049999999997,0.4078226881032639,-59.217731189673614,excited_exc
11,7,4Sâ†’5S,4,0,5,0,10.0,4.715025554372785e-07,8.844260610496597e-07,72.0,0.30613049999999997,0.5331169853562288,-46.688301464377126,excited_exc
12,7,4Sâ†’5P,4,0,5,1,1.0,7.178791643261744e-07,5.219712621953738e-07,17.7,0.30613049999999997,1.3753231572689002,37.53231572689002,excited_exc
12,7,4Sâ†’5P,4,0,5,1,3.0,2.347462087636621e-06,8.936970538228468e-07,42.8,0.30613049999999997,2.6266866133162243,162.66866133162245,excited_exc
12,7,4Sâ†’5P,4,0,5,1,5.0,3.1165188079544916e-06,1.0563710598120303e-06,62.7,0.30613049999999997,2.9502122185257917,195.02122185257917,excited_exc
12,7,4Sâ†’5P,4,0,5,1,10.0,3.7317709798172067e-06,1.2406532245279948e-06,101.0,0.30613049999999997,3.007908177756081,200.7908177756081,excited_exc
13,7,4Sâ†’5D,4,0,5,2,1.0,7.034306837432699e-07,7.549414865650604e-07,25.6,0.30613049999999997,0.9317684830699109,-6.823151693008911,excited_exc
13,7,4Sâ†’5D,4,0,5,2,3.0,1.50311102542558e-06,1.2904317272488769e-06,61.8,0.30613049999999997,1.1648125148241066,16.481251482410663,excited_exc
13,7,4Sâ†’5D,4,0,5,2,5.0,1.6931231453258323e-06,1.411864351072538e-06,83.8,0.30613049999999997,1.1992109185557616,19.921091855576158,excited_exc
13,7,4Sâ†’5D,4,0,5,2,10.0,1.6650092140966913e-06,1.3634901774515588e-06,111.0,0.30613049999999997,1.221137666872444,22.113766687244407,excited_exc
14,7,4Sâ†’5F,4,0,5,3,1.0,6.587862194973317e-07,1.0232995931174844e-06,34.7,0.30613049999999997,0.6437862615486224,-35.62137384513776,excited_exc
14,7,4Sâ†’5F,4,0,5,3,3.0,8.751394069703927e-07,1.3175767312201317e-06,63.1,0.30613049999999997,0.6642037508965241,-33.5796249103476,excited_exc
14,7,4Sâ†’5F,4,0,5,3,5.0,8.983798697491004e-07,1.2871889787821229e-06,76.4,0.30613049999999997,0.6979393737500027,-30.20606262499973,excited_exc
14,7,4Sâ†’5F,4,0,5,3,10.0,8.521236105519802e-07,1.1153595325459596e-06,90.8,0.30613049999999997,0.7639900728753286,-23.60099271246714,excited_exc
15,7,4Sâ†’5G,4,0,5,4,1.0,4.801291037278052e-07,8.080233098391662e-07,27.4,0.30613049999999997,0.5942020457595127,-40.579795424048726,excited_exc
15,7,4Sâ†’5G,4,0,5,4,3.0,5.24173999466087e-07,8.60287818165918e-07,41.2,0.30613049999999997,0.609300734472324,-39.0699265527676,excited_exc
15,7,4Sâ†’5G,4,0,5,4,5.0,5.040129569246065e-07,8.002811059182046e-07,47.5,0.30613049999999997,0.6297948973146453,-37.02051026853547,excited_exc
15,7,4Sâ†’5G,4,0,5,4,10.0,4.553307398889117e-07,6.719181324918943e-07,54.7,0.30613049999999997,0.6776580625979827,-32.23419374020173,excited_exc
11,8,4Pâ†’5S,4,1,5,0,1.0,1.3602837326958203e-07,1.7693941091368605e-07,18.0,0.30613049999999997,0.7687850466278477,-23.121495337215226,excited_exc
11,8,4Pâ†’5S,4,1,5,0,3.0,2.8127588271682877e-07,2.053275941415419e-07,29.5,0.30613049999999997,1.3698883673810163,36.988836738101625,excited_exc
11,8,4Pâ†’5S,4,1,5,0,5.0,3.4238119161602113e-07,1.9094426386820323e-07,34.0,0.30613049999999997,1.7930949308450828,79.30949308450828,excited_exc
11,8,4Pâ†’5S,4,1,5,0,10.0,3.857020969676305e-07,1.6787716899553724e-07,41.0,0.30613049999999997,2.29752562111578,129.752562111578,excited_exc
12,8,4Pâ†’5P,4,1,5,1,1.0,3.945820139277372e-07,7.470775127466744e-07,76.0,0.30613049999999997,0.5281674353669584,-47.183256463304154,excited_exc
12,8,4Pâ†’5P,4,1,5,1,3.0,6.150974596923398e-07,1.2250053074207247e-06,176.0,0.30613049999999997,0.5021181997875919,-49.78818002124081,excited_exc
12,8,4Pâ†’5P,4,1,5,1,5.0,6.781871429960247e-07,1.263601746186639e-06,225.0,0.30613049999999997,0.5367095645781529,-46.32904354218471,excited_exc
12,8,4Pâ†’5P,4,1,5,1,10.0,7.294342642372234e-07,1.1423836621891438e-06,279.0,0.30613049999999997,0.63851951702409,-36.148048297591,excited_exc
13,8,4Pâ†’5D,4,1,5,2,1.0,9.298624095509865e-07,7.048086534728494e-07,71.7,0.30613049999999997,1.3193118514780076,31.931185147800754,excited_exc
13,8,4Pâ†’5D,4,1,5,2,3.0,2.906246119865398e-06,1.3085283965630469e-06,188.0,0.30613049999999997,2.2210034780283583,122.10034780283583,excited_exc
13,8,4Pâ†’5D,4,1,5,2,5.0,3.836078063712716e-06,1.572482173032262e-06,280.0,0.30613049999999997,2.4395049619643685,143.95049619643686,excited_exc
13,8,4Pâ†’5D,4,1,5,2,10.0,4.576835266168131e-06,1.8343651636585534e-06,448.0,0.30613049999999997,2.4950513435611983,149.50513435611984,excited_exc
14,8,4Pâ†’5F,4,1,5,3,1.0,8.702616106177638e-07,1.130446236392994e-06,115.0,0.30613049999999997,0.7698390092345989,-23.016099076540108,excited_exc
14,8,4Pâ†’5F,4,1,5,3,3.0,1.6012401483192204e-06,1.6843822977034964e-06,242.0,0.30613049999999997,0.9506393830559531,-4.9360616944046924,excited_exc
14,8,4Pâ†’5F,4,1,5,3,5.0,1.769387526783037e-06,1.7634264369004652e-06,314.0,0.30613049999999997,1.0033804017892856,0.33804017892855587,excited_exc
14,8,4Pâ†’5F,4,1,5,3,10.0,1.7414613114528498e-06,1.6460151691757556e-06,402.0,0.30613049999999997,1.057986186314971,5.79861863149711,excited_exc
15,8,4Pâ†’5G,4,1,5,4,1.0,5.992406579597927e-07,9.692347731160802e-07,98.6,0.30613049999999997,0.6182616168766211,-38.17383831233789,excited_exc
15,8,4Pâ†’5G,4,1,5,4,3.0,7.399976748560619e-07,1.1345219608498757e-06,163.0,0.30613049999999997,0.6522550469642088,-34.77449530357912,excited_exc
15,8,4Pâ†’5G,4,1,5,4,5.0,7.404492786487495e-07,1.095121513361754e-06,195.0,0.30613049999999997,0.6761343555161766,-32.38656444838234,excited_exc
15,8,4Pâ†’5G,4,1,5,4,10.0,6.910586975100539e-07,9.540336677063458e-07,233.0,0.30613049999999997,0.7243546228001292,-27.56453771998708,excited_exc
11,9,4Dâ†’5S,4,2,5,0,1.0,5.1278669454553464e-08,9.259829171149566e-08,15.7,0.30613049999999997,0.5537755449562732,-44.62244550437268,excited_exc
11,9,4Dâ†’5S,4,2,5,0,3.0,5.954099027594846e-08,7.892931923949441e-08,18.9,0.30613049999999997,0.7543583404702106,-24.564165952978946,excited_exc
11,9,4Dâ†’5S,4,2,5,0,5.0,5.8038053404236436e-08,6.772905359560386e-08,20.1,0.30613049999999997,0.8569151689431485,-14.308483105685156,excited_exc
11,9,4Dâ†’5S,4,2,5,0,10.0,5.1020437856528014e-08,5.331123756882671e-08,21.7,0.30613049999999997,0.9570297029900836,-4.297029700991639,excited_exc
12,9,4Dâ†’5P,4,2,5,1,1.0,2.0648831527521024e-07,3.5269922575461405e-07,59.8,0.30613049999999997,0.5854515694879121,-41.45484305120879,excited_exc
12,9,4Dâ†’5P,4,2,5,1,3.0,2.7441527587014896e-07,3.5037935895204136e-07,83.9,0.30613049999999997,0.7831947540828451,-21.68052459171549,excited_exc
12,9,4Dâ†’5P,4,2,5,1,5.0,2.909560674841939e-07,2.9989481442829566e-07,89.0,0.30613049999999997,0.9701937262198344,-2.980627378016565,excited_exc
12,9,4Dâ†’5P,4,2,5,1,10.0,2.9131937977650566e-07,2.262656672852046e-07,92.1,0.30613049999999997,1.2875103115370208,28.75103115370208,excited_exc
13,9,4Dâ†’5D,4,2,5,2,1.0,4.7618466898592757e-07,9.436768582063252e-07,160.0,0.30613049999999997,0.5046056442361276,-49.539435576387234,excited_exc
13,9,4Dâ†’5D,4,2,5,2,3.0,6.13551874068709e-07,1.4031878975910117e-06,336.0,0.30613049999999997,0.4372556769638997,-56.27443230361002,excited_exc
13,9,4Dâ†’5D,4,2,5,2,5.0,6.357988273200644e-07,1.4051251417595426e-06,417.0,0.30613049999999997,0.4524855533677924,-54.75144466322076,excited_exc
13,9,4Dâ†’5D,4,2,5,2,10.0,6.517639989243702e-07,1.233283007352581e-06,502.0,0.30613049999999997,0.5284788609254215,-47.152113907457846,excited_exc
14,9,4Dâ†’5F,4,2,5,3,1.0,1.430799402923774e-06,1.1795960727579067e-06,200.0,0.30613049999999997,1.2129570757035089,21.295707570350885,excited_exc
14,9,4Dâ†’5F,4,2,5,3,3.0,4.492457284223252e-06,2.267651870214046e-06,543.0,0.30613049999999997,1.9811053642017828,98.11053642017828,excited_exc
14,9,4Dâ†’5F,4,2,5,3,5.0,5.9533886466602e-06,2.746227795045629e-06,815.0,0.30613049999999997,2.167842251615286,116.78422516152862,excited_exc
14,9,4Dâ†’5F,4,2,5,3,10.0,7.155152045761057e-06,3.19376077601266e-06,1300.0,0.30613049999999997,2.2403531596671766,124.03531596671766,excited_exc
15,9,4Dâ†’5G,4,2,5,4,1.0,1.046610591636442e-06,1.5393728749490681e-06,261.0,0.30613049999999997,0.6798941365463973,-32.01058634536027,excited_exc
15,9,4Dâ†’5G,4,2,5,4,3.0,1.7243419247792675e-06,2.008730293872847e-06,481.0,0.30613049999999997,0.8584238162977685,-14.157618370223146,excited_exc
15,9,4Dâ†’5G,4,2,5,4,5.0,1.8733832972862838e-06,2.052089235807102e-06,609.0,0.30613049999999997,0.9129151230840448,-8.708487691595524,excited_exc
15,9,4Dâ†’5G,4,2,5,4,10.0,1.8483410950027046e-06,1.899059292198297e-06,773.0,0.30613049999999997,0.9732929891110021,-2.670701088899785,excited_exc
11,10,4Fâ†’5S,4,3,5,0,1.0,2.1162176585842865e-08,4.423485272842151e-08,10.5,0.30613049999999997,0.4784050421907671,-52.159495780923294,excited_exc
11,10,4Fâ†’5S,4,3,5,0,3.0,1.554039087711604e-08,2.8189042585533722e-08,9.45,0.30613049999999997,0.5512919010981658,-44.870809890183416,excited_exc
11,10,4Fâ†’5S,4,3,5,0,5.0,1.2590996086281716e-08,2.089154887028577e-08,8.68,0.30613049999999997,0.6026837054762368,-39.73162945237632,excited_exc
11,10,4Fâ†’5S,4,3,5,0,10.0,9.072545987238167e-09,1.370509431904334e-08,7.81,0.30613049999999997,0.6619834768033512,-33.801652319664875,excited_exc
12,10,4Fâ†’5P,4,3,5,1,1.0,8.203500800929809e-08,1.6682858743290398e-07,39.6,0.30613049999999997,0.49173231801349016,-50.82676819865098,excited_exc
12,10,4Fâ†’5P,4,3,5,1,3.0,6.504102636478807e-08,1.1752891829312472e-07,39.4,0.30613049999999997,0.5534044498101441,-44.659555018985586,excited_exc
12,10,4Fâ†’5P,4,3,5,1,5.0,5.4452451499540816e-08,8.881315130340378e-08,36.9,0.30613049999999997,0.6131124805325303,-38.68875194674697,excited_exc
12,10,4Fâ†’5P,4,3,5,1,10.0,4.105733145689533e-08,5.8786256041991284e-08,33.5,0.30613049999999997,0.698417184921045,-30.158281507895502,excited_exc
13,10,4Fâ†’5D,4,3,5,2,1.0,2.1090338743550423e-07,4.297099979332375e-07,102.0,0.30613049999999997,0.49080400374643257,-50.919599625356746,excited_exc
13,10,4Fâ†’5D,4,3,5,2,3.0,2.0863141776653534e-07,3.907687384872929e-07,131.0,0.30613049999999997,0.5338999700287429,-46.61000299712571,excited_exc
13,10,4Fâ†’5D,4,3,5,2,5.0,1.9232974209024405e-07,3.128918609605012e-07,130.0,0.30613049999999997,0.6146843880816809,-38.53156119183191,excited_exc
13,10,4Fâ†’5D,4,3,5,2,10.0,1.6476305185093576e-07,2.0355837913047727e-07,116.0,0.30613049999999997,0.8094142454599011,-19.058575454009883,excited_exc
14,10,4Fâ†’5F,4,3,5,3,1.0,5.554952336788069e-07,1.1374676415879816e-06,270.0,0.30613049999999997,0.4883613505728374,-51.16386494271625,excited_exc
14,10,4Fâ†’5F,4,3,5,3,3.0,6.144978645479653e-07,1.5779897912960148e-06,529.0,0.30613049999999997,0.3894181495580359,-61.058185044196414,excited_exc
14,10,4Fâ†’5F,4,3,5,3,5.0,5.918912834587951e-07,1.5692730257403598e-06,652.0,0.30613049999999997,0.3771754651677324,-62.28245348322676,excited_exc
14,10,4Fâ†’5F,4,3,5,3,10.0,5.535788396239991e-07,1.3617353638383651e-06,776.0,0.30613049999999997,0.40652453797161403,-59.3475462028386,excited_exc
15,10,4Fâ†’5G,4,3,5,4,1.0,2.697779992160219e-06,3.1385681221594308e-06,745.0,0.30613049999999997,0.8595575712099134,-14.044242879008662,excited_exc
15,10,4Fâ†’5G,4,3,5,4,3.0,7.641389152550077e-06,5.279852420782507e-06,1770.0,0.30613049999999997,1.4472732462127371,44.72732462127371,excited_exc
15,10,4Fâ†’5G,4,3,5,4,5.0,1.0007085884808486e-05,5.944945358249522e-06,2470.0,0.30613049999999997,1.683293164490086,68.32931644900859,excited_exc
15,10,4Fâ†’5G,4,3,5,4,10.0,1.2032655910091519e-05,6.352425279761446e-06,3620.0,0.30613049999999997,1.8941829899876264,89.41829899876264,excited_exc
