Te_eV,ne_cm3,tau_QSS_s,tau_QSS_And_s,tau_relax_s,tau_relax_And_s,pct_d_tau_QSS,pct_d_tau_relax,pct_d_M
1.0,1000000000000.0,67.2333413814378,58.91752362745895,3.887944677886894e-08,3.8633654551395694e-08,-12.368592104920628,-0.6321906504257013,-11.811069934335027
1.0,2682695795279.7275,20.260810266635623,17.057817448230857,2.4025037487764383e-08,2.3704290985118384e-08,-15.80880910611594,-1.3350509975659786,-14.669604813957694
1.0,7196856730011.528,5.858405973632576,4.819644370744434,1.4896918217645261e-08,1.4234630307498633e-08,-17.731130405837092,-4.445804833392685,-13.903445630283684
1.0,19306977288832.457,1.617193243881897,1.3156197582256377,8.884213833432743e-09,8.55105557558333e-09,-18.647956068154524,-3.750002691241905,-15.478393551660918
1.0,51794746792312.02,0.42101160910722096,0.34208795033813727,6.351380572571755e-09,6.0198904886738395e-09,-18.746195368922436,-5.219181563917708,-14.27188963780367
1.0,138949549437313.6,0.10467287786454833,0.08569420886547495,3.818484551875418e-09,3.514886481874585e-09,-18.13141033882023,-7.950747629755983,-11.060016726822708
1.0,372759372031493.8,0.024515453653572186,0.02020757713341701,2.1158322025993146e-09,2.063900856196646e-09,-17.57208567718047,-2.4544170534350873,-15.498055541917033
1.0,1000000000000000.0,0.005208701317833784,0.004313612760302293,1.865317132401266e-09,1.8401301271896298e-09,-17.18448616868944,-1.3502800555534766,-16.05093873763941
1.0481131341546857,1000000000000.0,36.01731706680782,31.666418331215638,3.8345445863554493e-08,3.81351685531126e-08,-12.080018973989048,-0.5483762301007777,-11.595228219268671
1.0481131341546857,2682695795279.7275,10.92559284897024,9.235881771365463,2.3716051967819824e-08,2.3397357258480633e-08,-15.465623705390374,-1.3437932661457541,-14.314183472856612
1.0481131341546857,7196856730011.528,3.184169476957368,2.6288247854227023,1.461423489914007e-08,1.399772080921423e-08,-17.440801928210337,-4.218586153710424,-13.804573605187109
1.0481131341546857,19306977288832.457,0.8867631682691633,0.7231278036623185,8.762716632813381e-09,8.449832022513362e-09,-18.453107939320258,-3.5706348089400985,-15.43354879594283
1.0481131341546857,51794746792312.02,0.23323895648932313,0.18973948809792524,6.238551633357044e-09,5.910287557370929e-09,-18.65017278680423,-5.2618635747264335,-14.131911094364902
1.0481131341546857,138949549437313.6,0.05865308810640872,0.048011553989129194,3.7143187772280867e-09,3.4182510867779855e-09,-18.14317789708464,-7.970982250237824,-11.053248090190671
1.0481131341546857,372759372031493.8,0.013884625280933118,0.011429676646228352,2.092215703554735e-09,2.047515323638802e-09,-17.681057897010678,-2.1365091486497123,-15.883909937335417
1.0481131341546857,1000000000000000.0,0.002983763948088074,0.002466522674138199,1.8415397265884068e-09,1.8146268828769213e-09,-17.335194169140333,-1.4614316119774151,-16.109187312987572
1.0985411419875581,1000000000000.0,19.833531623886703,17.49702445528378,3.783995076917883e-08,3.766030314776324e-08,-11.780590632628074,-0.474756488219108,-11.359765367537822
1.0985411419875581,2682695795279.7275,6.055832525297209,5.139807510928866,2.34159322255692e-08,2.310375308005661e-08,-15.126326736114393,-1.3331911901064641,-13.979509130151246
1.0985411419875581,7196856730011.528,1.7785025746117447,1.4736303402602944,1.4340630513508953e-08,1.3771965738129641e-08,-17.142074389068863,-3.965409853099744,-13.72074844679746
1.0985411419875581,19306977288832.457,0.49956313034828814,0.40837785654979125,8.647281765150193e-09,8.352511937654231e-09,-18.25300312593603,-3.4088148796530104,-15.368056855072243
1.0985411419875581,51794746792312.02,0.13271285633171578,0.10810407425643263,6.127947318279636e-09,5.803884018070126e-09,-18.542877273150914,-5.288284695967138,-13.994670600817837
1.0985411419875581,138949549437313.6,0.033744003856811845,0.027624524550098187,3.614127701058985e-09,3.32639006296325e-09,-18.135012468232425,-7.961468489655865,-11.053570511860212
1.0985411419875581,372759372031493.8,0.008071258268227494,0.006637408442021591,2.0711974205691136e-09,2.0316139276734525e-09,-17.764885951552955,-1.9111405075419863,-16.162636130181486
1.0985411419875581,1000000000000000.0,0.0017542895877529793,0.001448043056037357,1.8169796588333573e-09,1.7883096840341708e-09,-17.457011308371552,-1.5778918965771327,-16.133691624557045
1.1513953993264474,1000000000000.0,11.2161291206936,9.92799810187691,3.736212236431731e-08,3.720862803873628e-08,-11.484630793346584,-0.41082871065061255,-11.119484115920407
1.1513953993264474,2682695795279.7275,3.4456407738377717,2.9363705408415135,2.312433331592829e-08,2.2822928546839887e-08,-14.78013137245966,-1.303409551188195,-13.654698465253523
1.1513953993264474,7196856730011.528,1.019624874699252,0.8478490041924617,1.407609005111159e-08,1.355686979417966e-08,-16.846967425883687,-3.688668195831324,-13.662254465349232
1.1513953993264474,19306977288832.457,0.28877781893856047,0.23668795306823032,8.537221180879834e-09,8.258765849775058e-09,-18.03804255527418,-3.261662374736307,-15.274585591678546
1.1513953993264474,51794746792312.02,0.07745765297672473,0.06319463930740267,6.019619983336522e-09,5.700702121224878e-09,-18.413950231112675,-5.29797334374047,-13.849731996738923
1.1513953993264474,138949549437313.6,0.019906334417336673,0.016302543835891418,3.517833681370179e-09,3.2391329247974444e-09,-18.103737764531225,-7.922510892106249,-11.057237736462277
1.1513953993264474,372759372031493.8,0.004809731575927734,0.00395230590915993,2.0519020448766862e-09,2.0159326120168743e-09,-17.82689227521844,-1.752980019178918,-16.360712273183786
1.1513953993264474,1000000000000000.0,0.0010572854184701282,0.0008717433834007958,1.7917289836960589e-09,1.761301208137504e-09,-17.54890702434997,-1.6982353824397722,-16.12450366845063
1.2067926406393286,1000000000000.0,6.504077137237345,5.776363688282865,3.691107923290986e-08,3.677968353432173e-08,-11.188573468604046,-0.3559790212554481,-10.871293973232332
1.2067926406393286,2682695795279.7275,2.0101873295837698,1.7199783143863967,2.2840982766954555e-08,2.2554346517957202e-08,-14.43691395952953,-1.2549208233371134,-13.349519030319257
1.2067926406393286,7196856730011.528,0.5991519679719113,0.5000684541402854,1.3820593281157401e-08,1.335195097341316e-08,-16.537292561521046,-3.390898626495109,-13.607821362709982
1.2067926406393286,19306977288832.457,0.17106589570779943,0.14059759320040044,8.431936502559866e-09,8.168323889356038e-09,-17.81085726136927,-3.1263590887312454,-15.158404323925701
1.2067926406393286,51794746792312.02,0.04631752238566545,0.03785482534767957,5.913611707333332e-09,5.600746099620366e-09,-18.271048627171293,-5.2906011283254895,-13.705553676286685
1.2067926406393286,138949549437313.6,0.012027169130983735,0.00985560607281692,3.4253508996796803e-09,3.1563056484537584e-09,-18.055479510740003,-7.854531086175188,-11.0704829491994
1.2067926406393286,372759372031493.8,0.0029345952124439473,0.0024103958473572678,2.033735754647254e-09,2.000309238190194e-09,-17.8627485952355,-1.64360175016236,-16.490179727682253
1.2067926406393286,1000000000000000.0,0.0006523967405841926,0.0005375079363877567,1.7658826262416321e-09,1.733727270049023e-09,-17.610266429835008,-1.820922620494092,-16.082188008661014
1.264855216855296,1000000000000.0,3.8633310399564955,3.4426970651982103,3.648590914103451e-08,3.6372983872130774e-08,-10.887857406157508,-0.3095037825896707,-10.61119567556169
1.264855216855296,2682695795279.7275,1.2010782065134262,1.0318162621491407,2.25656691085419e-08,2.2297485149703177e-08,-14.092499842756368,-1.1884600343501694,-13.059243700575918
1.264855216855296,7196856730011.528,0.36050106753934413,0.3020062909502488,1.3574113742827822e-08,1.3156742119954115e-08,-16.225964873935194,-3.0747614966335046,-13.56839929451905
1.264855216855296,19306977288832.457,0.10373404621102612,0.08550484246724535,8.33091310696782e-09,8.08096378578009e-09,-17.573019090277377,-3.0002632121883033,-15.02350043481785
1.264855216855296,51794746792312.02,0.02834368422385999,0.023210343221966627,5.809955201215468e-09,5.50400426054688e-09,-18.11105769225324,-5.265977620698026,-13.559099201050795
1.264855216855296,138949549437313.6,0.007433905231343381,0.006096729490062912,3.336587954735175e-09,3.0777333030497546e-09,-17.987527412140935,-7.758064681557764,-11.089817982752093
1.264855216855296,372759372031493.8,0.0018312019959301877,0.001503900151994512,2.016300038936138e-09,1.984646914530328e-09,-17.87360677102241,-1.5698618159285194,-16.563773307525697
1.264855216855296,1000000000000000.0,0.0004116883910173035,0.00033905965278887103,1.7395367859238855e-09,1.705714417087793e-09,-17.641677495195594,-1.9443319112179114,-16.0086060193531
1.3257113655901092,1000000000000.0,2.3478776736834766,2.0992472298026192,3.6085681071223563e-08,3.5988021162858755e-08,-10.58958252670773,-0.2706334076722938,-10.346951426270545
1.3257113655901092,2682695795279.7275,0.7341275317807282,0.6332183207475997,2.2298231767907864e-08,2.2051839913659797e-08,-13.745460654276142,-1.1049838247832677,-12.781712687216896
1.3257113655901092,7196856730011.528,0.2218425974470837,0.18654918456978067,1.3336617689050621e-08,1.297079209529677e-08,-15.909213687295376,-2.743016275064969,-13.537534177974731
1.3257113655901092,19306977288832.457,0.06431959131096937,0.0531766969489823,8.23371221132206e-09,7.996501087633329e-09,-17.324261760485893,-2.8809741900202135,-14.871738518799582
1.3257113655901092,51794746792312.02,0.01773048384497723,0.014550176719996238,5.708674725306955e-09,5.410450985838201e-09,-17.936944940630728,-5.224045051064252,-13.413634182231181
1.3257113655901092,138949549437313.6,0.004695454208922223,0.0038549432749768126,3.2514501019302603e-09,3.0032421854694475e-09,-17.90052456157033,-7.633760589266347,-11.115277657510559
1.3257113655901092,372759372031493.8,0.0011673916371673612,0.0009589059737563975,1.999328115973871e-09,1.968891667257362e-09,-17.859102016256312,-1.522333851724167,-16.589312890431618
1.3257113655901092,1000000000000000.0,0.0002653912934018232,0.0002185679315882431,1.7127874733222863e-09,1.6773877222036835e-09,-17.64314164695896,-2.066791804002277,-15.905074621657544
1.3894954943731377,1000000000000.0,1.4584832453705325,1.3083555397411555,3.5709457281853504e-08,3.562426976982972e-08,-10.293413112965633,-0.23855728568318302,-10.078899777017226
1.3894954943731377,2682695795279.7275,0.4585509895840826,0.3971055149886831,2.2038552204235574e-08,2.1816925149765694e-08,-13.399921926050606,-1.0056334572980052,-12.52019574609452
1.3894954943731377,7196856730011.528,0.13947734036968604,0.11773370647462136,1.3108062997597829e-08,1.2793666618367233e-08,-15.58936658630926,-2.398496095786329,-13.515027907222088
1.3894954943731377,19306977288832.457,0.040735962056933805,0.03378441975640903,8.139962193368008e-09,7.914781268114206e-09,-17.064878180142383,-2.7663632816042782,-14.705317399521856
1.3894954943731377,51794746792312.02,0.011326187804630378,0.009316105871118044,5.609786989437606e-09,5.320048613723058e-09,-17.747206458033226,-5.164873038139984,-13.267587467830877
1.3894954943731377,138949549437313.6,0.003027574013459447,0.002488838394145041,3.1698411748882614e-09,2.9326615158983842e-09,-17.79430054952882,-7.482383056565533,-11.145896137022227
1.3894954943731377,372759372031493.8,0.0007595279532739501,0.0006241839866743289,1.982641720602206e-09,1.953018408960158e-09,-17.819484591214874,-1.4941333743874963,-16.57297354570212
1.3894954943731377,1000000000000000.0,0.00017458836581394315,0.00014383462543435455,1.6857292017766846e-09,1.6488688269114272e-09,-17.614999851915968,-2.186613058990028,-15.773287558512427
1.4563484775012439,1000000000000.0,0.9250579487606483,0.8325578678054567,3.535630489334686e-08,3.528119095388641e-08,-9.999382317520656,-0.21244850016718386,-9.807770278209372
1.4563484775012439,2682695795279.7275,0.2924028562294935,0.25422722036357853,2.17865461566225e-08,2.1592275214210673e-08,-13.055835486077704,-0.8917014244259835,-12.273577729090057
1.4563484775012439,7196856730011.528,0.08950475588026725,0.07584123635724452,1.2888398065198747e-08,1.26249488270105e-08,-15.26569106707667,-2.044080551015981,-13.497510503126431
1.4563484775012439,19306977288832.457,0.026326671615300685,0.02190469435390827,8.049349956988751e-09,7.835673395334316e-09,-16.79656785334924,-2.6545815848013077,-14.527634169930204
1.4563484775012439,51794746792312.02,0.007381037116153738,0.006086150362901769,5.513302016752415e-09,5.2327491860910894e-09,-17.543425576577178,-5.08865340242296,-13.122532363767103
1.4563484775012439,138949549437313.6,0.0019908718060087233,0.0016391002598224848,3.0916652246164075e-09,2.865824746076165e-09,-17.669221349387932,-7.304816729251884,-11.181168486245118
1.4563484775012439,372759372031493.8,0.0005038389087568066,0.0004143860929113811,1.966122534301422e-09,1.937021817293818e-09,-17.754249282999034,-1.4801069872251715,-16.518635778120093
1.4563484775012439,1000000000000000.0,0.00011709124281447092,9.653281620345641e-05,1.6584538492485585e-09,1.6202742686288741e-09,-17.557612436985558,-2.3021189668306685,-15.614968624524728
1.5264179671752334,1000000000000.0,0.598510866852296,0.5404184990261836,3.502530657621024e-08,3.495823763065294e-08,-9.706150889395438,-0.19148710493472887,-9.532918093333432
1.5264179671752334,2682695795279.7275,0.19016717688636048,0.16599221955150625,2.154215688792883e-08,2.1377445274880644e-08,-12.712476322504706,-0.7646013066615609,-12.039932497036654
1.5264179671752334,7196856730011.528,0.058567495024095834,0.04981802413234544,1.2677560703080697e-08,1.246423960306226e-08,-14.939124318277031,-1.682666760701057,-13.483337190717426
1.5264179671752334,19306977288832.457,0.017345262478215495,0.014480055334285862,7.961612826235748e-09,7.759065083272488e-09,-16.5186727357291,-2.5440541682183793,-14.339421210515235
1.5264179671752334,51794746792312.02,0.004902404246064509,0.004053043022325504,5.4192239582559175e-09,5.1484960523344775e-09,-17.325401601078582,-4.995695103336695,-12.978050322196422
1.5264179671752334,138949549437313.6,0.001333869496536718,0.0011001082948130375,3.0168279085385557e-09,2.802570525481435e-09,-17.5250429169137,-7.102075078618364,-11.219806951679667
1.5264179671752334,372759372031493.8,0.000340454100702976,0.0002803179107653294,1.9496933459655125e-09,1.920910202172537e-09,-17.663523456899554,-1.476290815298531,-16.429784034272366
1.5264179671752334,1000000000000000.0,7.99842269190326e-05,6.600977455136261e-05,1.6310496978165184e-09,1.5917141103524596e-09,-17.47151020390084,-2.411673140108317,-15.432006622486771
1.599858719606058,1000000000000.0,0.3946455114432718,0.35748634194767864,3.4715570011650005e-08,3.465485910278265e-08,-9.415834823433588,-0.1748809218658387,-9.257142878371882
1.599858719606058,2682695795279.7275,0.12602323563776568,0.1104335833937405,2.1305349317381558e-08,2.117201180801515e-08,-12.370458642115201,-0.6258405219276342,-11.818583605508726
1.599858719606058,7196856730011.528,0.03904266414832544,0.033338623824593155,1.2475477056666116e-08,1.2311157699540303e-08,-14.609762033815855,-1.3171388667498785,-13.470042329961574
1.599858719606058,19306977288832.457,0.011639728279252158,0.009750378024785247,7.876531213649064e-09,7.684858480413617e-09,-16.231910308719854,-2.4334663068852014,-14.142599392980582
1.599858719606058,51794746792312.02,0.0033156506827325513,0.0027488791612967096,5.32755184877883e-09,5.0672253269750685e-09,-17.09382488292597,-4.886419300892076,-12.834555793511825
1.599858719606058,138949549437313.6,0.0009097428771170898,0.000751792647708368,2.945237657826588e-09,2.7427433637739206e-09,-17.3620737662992,-6.875312541063194,-11.260989444780833
1.599858719606058,372759372031493.8,0.00023413092028976067,0.00019304686960218008,1.933305510747976e-09,1.90470124853208e-09,-17.547469012950067,-1.479552096493486,-16.30922032773737
1.599858719606058,1000000000000000.0,5.5598725332184206e-05,4.594839144235443e-05,1.603600651722455e-09,1.5632908756504272e-09,-17.357113552823712,-2.5137041462742316,-15.226149764497599
1.676832936811008,1000000000000.0,0.2649705741323091,0.240783109643893,3.442623590128108e-08,3.437050564875635e-08,-9.128358712140795,-0.16188308441427157,-8.981014370801665
1.676832936811008,2682695795279.7275,0.08502594148157137,0.07479664492252962,2.1076104946125922e-08,2.0975572846573288e-08,-12.030794814849378,-0.4769956299307321,-11.609174439666903
1.676832936811008,7196856730011.528,0.02649225229809937,0.022709697986848135,1.2282060578322657e-08,1.2165339703808458e-08,-14.27796424663601,-0.9503362548154648,-13.455500491255812
1.676832936811008,19306977288832.457,0.00794890436058535,0.006682089084222205,7.793922152825875e-09,7.612967094281144e-09,-15.936979725717283,-2.321745778268025,-13.938858813490217
1.676832936811008,51794746792312.02,0.0022815156449370374,0.0018971021511169602,5.238280299429457e-09,4.988867202696906e-09,-16.849040447000128,-4.761354537666051,-12.691996878635425
1.676832936811008,138949549437313.6,0.000631088298804562,0.0005226651489603692,2.876806645237857e-09,2.6861940211272043e-09,-17.180345452383317,-6.625840649603088,-11.303453628078486
1.676832936811008,372759372031493.8,0.00016372951716145972,0.00013523038763192847,1.9169304728827056e-09,1.8884189751985983e-09,-17.4062258434606,-1.4873516847604407,-16.15921856832019
1.676832936811008,1000000000000000.0,3.9294731630912585e-05,3.253013222855579e-05,1.5761856289009682e-09,1.5350987789870203e-09,-17.215028889611204,-2.60672659111838,-14.999292853792356
1.7575106248547918,1000000000000.0,0.18100070676675875,0.16499320702942813,3.415648440819036e-08,3.410463286832633e-08,-8.84388797329848,-0.15180584525142926,-8.705297278161794
1.7575106248547918,2682695795279.7275,0.058354555539471824,0.051531036894410194,2.0854417490505212e-08,2.07877480221041e-08,-11.693206437749504,-0.3196899094950356,-11.409993124948992
1.7575106248547918,7196856730011.528,0.0182825733176792,0.015733161764153864,1.2097211089350235e-08,1.2026439864912983e-08,-13.944489701895858,-0.585020992975438,-13.438084323265254
1.7575106248547918,19306977288832.457,0.005519728027689274,0.004656769306338122,7.713633689775718e-09,7.543313285984413e-09,-15.634080465961164,-2.208043713782537,-13.72918311694603
1.7575106248547918,51794746792312.02,0.0015959512289349415,0.001331159316846721,5.1514001237177855e-09,4.913347124003223e-09,-16.59147894293296,-4.621132002900197,-12.550313493337683
1.7575106248547918,138949549437313.6,0.00044491516104447213,0.00036936792325869714,2.8114515682706627e-09,2.6327796518255586e-09,-16.980144620925508,-6.355148296401425,-11.346054941871175
1.7575106248547918,372759372031493.8,0.00011633614740749477,9.627980510543602e-05,1.900553933152893e-09,1.872091508465701e-09,-17.239991824558786,-1.4975857401728576,-15.981746440103494
1.7575106248547918,1000000000000000.0,2.8213604302938286e-05,2.3404391296062882e-05,1.5488781165324699e-09,1.507223231487214e-09,-17.045723599287,-2.689358484740556,-14.753129658789877
1.842069969326716,1000000000000.0,0.12569288776835413,0.11493000956137045,3.3905540008323784e-08,3.385670570814474e-08,-8.56283788054829,-0.14403044507491636,-8.430950571104978
1.842069969326716,2682695795279.7275,0.040707981935433804,0.0360841869644989,2.064028914773042e-08,2.0608178441307777e-08,-11.358448026897083,-0.15557294858038473,-11.220330877903928
1.842069969326716,7196856730011.528,0.012821908642177597,0.011076925472943169,1.1920813974900165e-08,1.1894129810637305e-08,-13.609387010404339,-0.22384515284816775,-13.41557196512696
1.842069969326716,19306977288832.457,0.0038943575458372996,0.0032975880988073535,7.635540074671603e-09,7.47582630040749e-09,-15.32395112687679,-2.0917154870800925,-13.514929513498497
1.842069969326716,51794746792312.02,0.0011340173460981215,0.0009489282265601459,5.066898897458505e-09,4.840586828502369e-09,-16.32154218582479,-4.466480850242571,-12.40932129486232
1.842069969326716,138949549437313.6,0.0003185266618670547,0.0002651363235531621,2.7490942527405596e-09,2.5823637217627465e-09,-16.761654425078063,-6.064925959217304,-11.387363639290582
1.842069969326716,372759372031493.8,8.392483497566483e-05,6.961644965012657e-05,1.884171762101452e-09,1.8557494210084806e-09,-17.04904791256029,-1.508479304523247,-15.77858530186218
1.842069969326716,1000000000000000.0,2.056368989930332e-05,1.709875014914714e-05,1.5217458771828628e-09,1.4797405948622285e-09,-16.849795766826702,-2.7603348857692778,-14.489417322145293
1.93069772888325,1000000000000.0,0.08866662199295731,0.08132018386715943,3.3672674812145455e-08,3.362620209840476e-08,-8.285460707391557,-0.1380131337945678,-8.15870766171808
1.93069772888325,2682695795279.7275,0.028842793448405016,0.02566241385183412,2.0433727426824473e-08,2.0436526428907737e-08,-11.026600465242975,0.013697951552327225,-11.038786329191975
1.93069772888325,7196856730011.528,0.00913145608726922,0.007919422726733315,1.1752739562071573e-08,1.1768098175240868e-08,-13.273166392659785,0.13068113258343228,-13.38635408611185
1.93069772888325,19306977288832.457,0.0027895791758500883,0.0023709476099326443,7.559537670405846e-09,7.410440723964695e-09,-15.006979172400492,-1.9723024468128125,-13.296932449643029
1.93069772888325,51794746792312.02,0.0008179051615768421,0.0006867159287468549,4.984761453691291e-09,4.7705052649707734e-09,-16.039663153252036,-4.298223510010846,-12.268779194991652
1.93069772888325,138949549437313.6,0.00023140807590658538,0.00019316759423530157,2.689662070196219e-09,2.5348157180859323e-09,-16.525128399892452,-5.757093198663066,-11.425830936993798
1.93069772888325,372759372031493.8,6.142411223164451e-05,5.108417190098356e-05,1.8677870858399837e-09,1.8394244756189468e-09,-16.8336829870111,-1.5185140981035072,-15.55131784279128
1.93069772888325,1000000000000000.0,1.5203406595417237e-05,1.2675423876700209e-05,1.4948507903411573e-09,1.452718151763593e-09,-16.627738677192504,-2.8185179985721898,-14.209724316014682
2.023589647725157,1000000000000.0,0.06349144150622857,0.058404588630788075,3.345721047836328e-08,3.341261616212075e-08,-8.011871765333078,-0.13328761006949907,-7.8890993472395365
2.023589647725157,2682695795279.7275,0.020741362155111385,0.018522444225958647,2.0234742485281877e-08,2.027247516797147e-08,-10.698033776947092,0.18647473629596067,-10.864249432762774
2.023589647725157,7196856730011.528,0.006599180517411146,0.005745502323627415,1.1592842735781037e-08,1.164805015684298e-08,-12.936124288938643,0.4762198739360679,-13.348774645087879
2.023589647725157,19306977288832.457,0.0020273041945811257,0.001729622804105726,7.485541486874149e-09,7.347095282882732e-09,-14.683607485797445,-1.8495148845835807,-13.0759339458405
2.023589647725157,51794746792312.02,0.0005983620714278454,0.0005041420962477942,4.9049703156548286e-09,4.703019397698668e-09,-15.746314761431679,-4.117270950888507,-12.128403025102397
2.023589647725157,138949549437313.6,0.0001704798417255115,0.00014274132936869342,2.6330881482332025e-09,2.4900106695751357e-09,-16.270845911201437,-5.43382790865059,-11.459719435489536
2.023589647725157,372759372031493.8,4.557846811061385e-05,3.801504740338452e-05,1.851408174553454e-09,1.82314866836923e-09,-16.59428458383847,-1.5263790325998672,-15.301463887701317
2.023589647725157,1000000000000000.0,1.139392189144683e-05,9.52758683287171e-06,1.4682488123968272e-09,1.4262142585340585e-09,-16.38009349507773,-2.8629039920114008,-13.915579174772397
2.120950887920191,1000000000000.0,0.04611889255285063,0.042548137358847875,3.3258518883551574e-08,3.321546097085265e-08,-7.742499865777985,-0.1294643121351302,-7.6229044945113955
2.120950887920191,2682695795279.7275,0.0151280332690221,0.013558810571282666,2.0043344917706018e-08,2.0115728259813558e-08,-10.372945840572378,0.3611340442662314,-10.69545495580404
2.120950887920191,7196856730011.528,0.004836242550030136,0.004226942403210415,1.1440962846938355e-08,1.1533707019511067e-08,-12.59862673380442,0.8106325823576066,-13.301433561789523
2.120950887920191,19306977288832.457,0.0014937717162529767,0.0012793495256924995,7.413482251419731e-09,7.2857319130290405e-09,-14.354414950253613,-1.7232163517519106,-12.852678048267475
2.120950887920191,51794746792312.02,0.0004437234383331568,0.00037520401875063686,4.827506071468626e-09,4.638044907179161e-09,-15.441920273563314,-3.924617835474342,-11.987776867091727
2.120950887920191,138949549437313.6,0.0001272746898528526,0.00010691183230188974,2.579311336550489e-09,2.4478285005338894e-09,-15.999141364638314,-5.097594623549462,-11.48711320629393
2.120950887920191,372759372031493.8,3.426629592561756e-05,2.8670197573886808e-05,1.8350468908960486e-09,1.806953499640326e-09,-16.331203010323325,-1.5309358793553551,-15.030372496314815
2.120950887920191,1000000000000000.0,8.649838237827585e-06,7.256576367665421e-06,1.4419900376375057e-09,1.4002786465693751e-09,-16.107374864759127,-2.8926268545148015,-13.60838789290092
2.2229964825261948,1000000000000.0,0.033959941099643634,0.0314205989576488,3.3076021734850926e-08,3.303427082626247e-08,-7.477463328172496,-0.12622711680123633,-7.360527192627875
2.2229964825261948,2682695795279.7275,0.011183834360026623,0.010059674121838254,1.9859543948122416e-08,1.9966009224218553e-08,-10.051653145064044,0.5360912434557719,-10.531287080657236
2.2229964825261948,7196856730011.528,0.0035918147093224628,0.0031514217559921376,1.1296923962458346e-08,1.1424805553603495e-08,-12.261015363272964,1.1320036460378269,-13.243106560200635
2.2229964825261948,19306977288832.457,0.0011152094437723093,0.0009588585325461309,7.343303933831304e-09,7.2262950455773335e-09,-14.019869729340307,-1.5934093060604448,-12.627670906645028
2.2229964825261948,51794746792312.02,0.0003333277855144381,0.00028290542532726745,4.7523476950348154e-09,4.575496797243312e-09,-15.126959821051766,-3.721337518638934,-11.846469413324979
2.2229964825261948,138949549437313.6,9.62303940375387e-05,8.111224816901547e-05,2.528275874702423e-09,2.4081532494456277e-09,-15.710364713487268,-4.751167641898791,-11.50585975729953
2.2229964825261948,372759372031493.8,2.608492419395082e-05,2.1899620278562876e-05,1.8187175367708923e-09,1.7908694225022517e-09,-16.044915002507576,-1.5311951254445288,-14.739408989022296
2.2229964825261948,1000000000000000.0,6.647667988805367e-06,5.596666730930661e-06,1.4161188432380362e-09,1.3749528390255785e-09,-15.810074444821643,-2.906959709562884,-13.28943320413214
2.329951810515372,1000000000000.0,0.02533430675082123,0.023505949601134304,3.2909189320438484e-08,3.286860307682775e-08,-7.216921969367318,-0.12332799576295628,-7.1023531634128005
2.329951810515372,2682695795279.7275,0.008375157796615247,0.007559894001350738,1.9683345981612926e-08,1.982306095714452e-08,-9.734309669890528,0.7098131367609506,-10.370511553296858
2.329951810515372,7196856730011.528,0.002701721237924509,0.0023795784878969965,1.116053549539315e-08,1.132109750624215e-08,-11.923611714840943,1.438658663961756,-13.172759335341965
2.329951810515372,19306977288832.457,0.0008430833202537389,0.0007277458243135852,7.274961652937037e-09,7.168731064177964e-09,-13.680438595967138,-1.460221975413245,-12.4013031747492
2.329951810515372,51794746792312.02,0.0002535002824918689,0.0002159774550808371,4.67947281800735e-09,4.515289918214789e-09,-14.801887809428916,-3.5085768456813993,-11.703953154143177
2.329951810515372,138949549437313.6,7.364167996773104e-05,6.229723123510556e-05,2.4799306926368732e-09,2.3708721954447776e-09,-15.404929297642989,-4.397642946873459,-11.513613984070226
2.329951810515372,372759372031493.8,2.0094088122241303e-05,1.693211196920043e-05,1.8024359886195577e-09,1.7749254318728778e-09,-15.735852922537019,-1.5262986824708058,-14.429796026705045
2.329951810515372,1000000000000000.0,5.168864514217901e-06,4.368275052741141e-06,1.390674101970421e-09,1.3502706531659374e-09,-15.488691167559022,-2.9053139586936005,-12.959903082144098
2.442053094548651,1000000000000.0,0.019135859016182574,0.017803788777717135,3.2757538587803814e-08,3.2718039475558024e-08,-6.961120675789633,-0.12058022045801087,-6.848798751965468
2.442053094548651,2682695795279.7275,0.006349409288989881,0.005751222203485574,1.9514753474936397e-08,1.9686645157135592e-08,-9.421145468470371,0.8808293808064915,-10.212024338527993
2.442053094548651,7196856730011.528,0.0020569982279476295,0.0018186583652545713,1.1031593236122164e-08,1.1222348990591562e-08,-11.586780166109422,1.7291768322709844,-13.089614418423434
2.442053094548651,19306977288832.457,0.000645021901708564,0.0005589975828151169,7.208419902542809e-09,7.112987898909632e-09,-13.336650843263131,-1.3238962896641615,-12.17392469088815
2.442053094548651,51794746792312.02,0.00019506664636996472,0.00016684599163212298,4.608857957732703e-09,4.457339415376686e-09,-14.467186094089223,-3.2875507066083665,-11.559665243887862
2.442053094548651,138949549437313.6,5.700712741350287e-05,4.840859969876415e-05,2.434228268123548e-09,2.335874950188439e-09,-15.083250296702456,-4.04043117989612,-11.507783176379615
2.442053094548651,372759372031493.8,1.565515906233511e-05,1.3243555269927616e-05,1.7862190454822143e-09,1.759148767035734e-09,-15.404530754398992,-1.5155072114446333,-14.102751762933764
2.442053094548651,1000000000000000.0,4.063838032798018e-06,3.448422345646304e-06,1.3656894473330528e-09,1.3262587609732272e-09,-15.143706077478459,-2.8872366581455755,-12.620863620354317
2.5595479226995357,1000000000000.0,0.014626433504671788,0.013644981365898486,3.2620630725649075e-08,3.2582187099665196e-08,-6.710126145651429,-0.11785065196072697,-6.600053700005903
2.5595479226995357,2682695795279.7275,0.004870436674408432,0.0044266271095192615,1.9353764088498925e-08,1.955654173209815e-08,-9.112315682516813,1.0477426647962806,-10.054710851895877
2.5595479226995357,7196856730011.528,0.00158435415535645,0.0014061014161135903,1.090988078323362e-08,1.112833988305619e-08,-11.250814007727715,2.002396764576031,-12.993038587997564
2.5595479226995357,19306977288832.457,0.0004991470171878302,0.00043431290386463007,7.143651043670786e-09,7.059014727929229e-09,-12.988981420438472,-1.1847767370516182,-11.945734972409793
2.5595479226995357,51794746792312.02,0.00015179143775598006,0.00013035340518600017,4.540478706496372e-09,4.401561111382701e-09,-14.12334772429238,-3.0595363197037373,-11.412996167499688
2.5595479226995357,138949549437313.6,4.461630466298383e-05,3.8037282238276656e-05,2.3911229739975403e-09,2.3030525866183653e-09,-14.74578066113461,-3.6832228344967466,-11.485597994655517
2.5595479226995357,372759372031493.8,1.2328869315951844e-05,1.047319337458528e-05,1.7700839364476945e-09,1.7435647060174184e-09,-15.05146898560744,-1.4981905594542821,-13.759420769152175
2.5595479226995357,1000000000000000.0,3.228913833209411e-06,2.7518227329016335e-06,1.3411935773431635e-09,1.302937284679213e-09,-14.775590955722961,-2.8524064915173786,-12.273267956106903
2.6826957952797255,1000000000000.0,0.011306995327058623,0.01057609942074201,3.2498068406507e-08,3.2460678859916476e-08,-6.464103726721426,-0.11505159667593023,-6.356365229732852
2.6826957952797255,2682695795279.7275,0.0037780245609282284,0.003445255633735923,1.920037008505741e-08,1.9432548193635352e-08,-8.808013866128672,1.2092376738020993,-9.897566437775607
2.6826957952797255,7196856730011.528,0.001233858663038232,0.0010991703182585972,1.0795171347568596e-08,1.1038863214910266e-08,-10.916026998423023,2.2574154637809984,-12.88262802502571
2.6826957952797255,19306977288832.457,0.00039048502047131137,0.0003411358457430615,7.0806340186483185e-09,7.006761765133396e-09,-12.637917497753426,-1.0432999830292666,-11.716859507982512
2.6826957952797255,51794746792312.02,0.00011938368285943156,0.0001029434963881896,4.4743098868522094e-09,4.347871830261598e-09,-13.770882316136513,-2.8258672239522498,-11.263301024161109
2.6826957952797255,138949549437313.6,3.528528088856421e-05,3.0206663334520947e-05,2.3505688828837986e-09,2.272296885417746e-09,-14.393020052985372,-3.3299171973222297,-11.444184731117968
2.6826957952797255,372759372031493.8,9.809419020120702e-06,8.369667381862753e-06,1.7540479489920644e-09,1.7281964348011535e-09,-14.677236595814557,-1.4738202684690616,-13.400921829429313
2.6826957952797255,1000000000000000.0,2.591377634294417e-06,2.218612502338186e-06,1.3172105850202306e-09,1.2803204074420095e-09,-14.384824775171289,-2.800628692006346,-11.917974290654975
2.8117686979742302,1000000000000.0,0.008835922439113143,0.008286052164148777,3.2389492824449154e-08,3.235317363065793e-08,-6.223122472536735,-0.11213264124905198,-6.117849938010844
2.8117686979742302,2682695795279.7275,0.0029621227919871696,0.0027100942297865146,1.9054557943023074e-08,1.9314479044567936e-08,-8.50837659000555,1.3640888564409481,-9.73960853180319
2.8117686979742302,7196856730011.528,0.0009710787353903916,0.0008683120417664179,1.0687229877155919e-08,1.0953724564234078e-08,-10.582735454778502,2.4935805642937847,-12.75818050952916
2.8117686979742302,19306977288832.457,0.00030866333254707607,0.00027074730041269385,7.019353250523567e-09,6.9561801150565565e-09,-12.283944393880809,-0.8999851298593486,-11.487343648675385
2.8117686979742302,51794746792312.02,9.485515209179001e-05,8.213479508916724e-05,4.410325678016472e-09,4.296189670545385e-09,-13.410296354080431,-2.5879269651219894,-11.109885101288764
2.8117686979742302,138949549437313.6,2.818491026185178e-05,2.42318415602365e-05,2.312517068031727e-09,2.2434997805246155e-09,-14.025479112366558,-2.984509323680562,-11.38062562145138
2.8117686979742302,372759372031493.8,7.881451578782524e-06,6.755789974390197e-06,1.7381281506365034e-09,1.7130649774832183e-09,-14.282414770176288,-1.4419634791661862,-13.028314832850585
2.8117686979742302,1000000000000000.0,2.099645158347723e-06,1.8062850888254163e-06,1.293760304644107e-09,1.2584169830249973e-09,-13.971887980974884,-2.731829187542756,-11.555741924153262
2.9470517025518106,1000000000000.0,0.006976552731586511,0.006558844783964968,3.2294580639672794e-08,3.225935603558033e-08,-5.987311551883778,-0.10907280229299765,-5.884657310224384
2.9470517025518106,2682695795279.7275,0.002346239572852282,0.0021535304938246408,1.891630815425806e-08,1.9202165164838665e-08,-8.213529481704562,1.5111670218602269,-9.579927794023469
2.9470517025518106,7196856730011.528,0.0007719887234582654,0.000692850300798434,1.0585815428255992e-08,1.0872741453642091e-08,-10.251240757159819,2.7104763665180442,-12.619664110430673
2.9470517025518106,19306977288832.457,0.00024641319784287437,0.0002170221318117001,6.9597976975363575e-09,6.907221680887652e-09,-11.927553511121392,-0.7554244955613632,-11.257168423336516
2.9470517025518106,51794746792312.02,7.610103184384059e-05,6.61758476626598e-05,4.348499717607446e-09,4.246434233570978e-09,-13.042115120787424,-2.3471424782022243,-10.95203244840829
2.9470517025518106,138949549437313.6,2.272798611624758e-05,1.9627043236850285e-05,2.2769125481475056e-09,2.2165530729463938e-09,-13.643720405040726,-2.650935155600076,-11.292132355879547
2.9470517025518106,372759372031493.8,6.391623006444235e-06,5.505256896801555e-06,1.722341182686683e-09,1.6981891756179379e-09,-13.867621866136625,-1.4022777433139177,-12.642628893972663
2.9470517025518106,1000000000000000.0,1.7167207746452314e-06,1.4843238411318357e-06,1.2708586649730815e-09,1.2372311315850236e-09,-13.537258763669445,-2.6460482439855104,-11.18723002326516
3.088843596477481,1000000000000.0,0.005563044661129119,0.005241544419079324,3.2213040919679706e-08,3.217873911750351e-08,-5.77921375135142,-0.10648421011144604,-5.6787765415842735
3.088843596477481,2682695795279.7275,0.0018766034449997319,0.0017272836831634967,1.8785595178812523e-08,1.9105068680112786e-08,-7.956916110012601,1.7006301810473579,-9.496053538574545
3.088843596477481,7196856730011.528,0.0006196359612840695,0.0005578262882397363,1.0490683690779662e-08,1.0805346983170378e-08,-9.975159110559883,2.999454579564498,-12.596779024787763
3.088843596477481,19306977288832.457,0.0001985841736850832,0.00017544237318283814,6.901960037808837e-09,6.862330002861948e-09,-11.653396175942788,-0.5741852275266135,-11.143193519479722
3.088843596477481,51794746792312.02,6.1622495828869e-05,5.37395055936928e-05,4.288805183340285e-09,4.200285911340249e-09,-12.792390391112917,-2.063961131736325,-10.954526426995582
3.088843596477481,138949549437313.6,1.8494157373365224e-05,1.6011183475521342e-05,2.24369116093247e-09,2.1924108601931433e-09,-13.425720608497649,-2.285532948216218,-11.40075568787341
3.088843596477481,372759372031493.8,5.229584640860428e-06,4.514930829568456e-06,1.7067031105056639e-09,1.6828597520505206e-09,-13.665594122105828,-1.3970419523099742,-12.442377401966064
3.088843596477481,1000000000000000.0,1.4157938034430003e-06,1.2268468334875462e-06,1.2485180418535832e-09,1.2155352692360999e-09,-13.34565594904873,-2.6417537842317595,-10.994345708626119
3.237457542817644,1000000000000.0,0.004477905510094404,0.004227644589884066,3.2144612146427184e-08,3.211113374755798e-08,-5.588794128107044,-0.10414933213908073,-5.49036297233566
3.237457542817644,2682695795279.7275,0.0015150009114687183,0.001397979393019116,1.866238753109794e-08,1.90193769484316e-08,-7.724187989837949,1.9128818150346172,-9.456184177347893
3.237457542817644,7196856730011.528,0.000501929500024269,0.00045308049939505956,1.0401589566923043e-08,1.0747416341092039e-08,-9.732243398096251,3.3247492793670785,-12.636849127172944
3.237457542817644,19306977288832.457,0.00016148795731343163,0.00014303476080991588,6.8458359643049434e-09,6.820522801524546e-09,-11.426979949780392,-0.36975999589214936,-11.098256868027567
3.237457542817644,51794746792312.02,5.0341036517352996e-05,4.3992970252104925e-05,4.231214857989646e-09,4.157010353426422e-09,-12.610122286734871,-1.7537399317622993,-11.050173663030204
3.237457542817644,138949549437313.6,1.5179415694464187e-05,1.3160593696865158e-05,2.2127767801292515e-09,2.1704583637639986e-09,-13.299734576313615,-1.9124575395617183,-11.60929996930522
3.237457542817644,372759372031493.8,4.315121043326486e-06,3.729029098955969e-06,1.6912293181897665e-09,1.6673247022242047e-09,-13.582282825575254,-1.4134461665523013,-12.343302596397688
3.237457542817644,1000000000000000.0,1.1772395731663143e-06,1.0207940295894744e-06,1.2267476041663493e-09,1.1937971792671143e-09,-13.289184898538753,-2.6859987162254795,-10.895848534059983
3.393221771895328,1000000000000.0,0.00363701515510153,0.003440541909808226,3.208905934137118e-08,3.205642252245106e-08,-5.402046373596137,-0.10170699793009552,-5.305735680144419
3.393221771895328,2682695795279.7275,0.0012339912032045194,0.0011415066870832152,1.8546647974166194e-08,1.8939069788967992e-08,-7.49474679245149,2.11586382266169,-9.411476586834066
3.393221771895328,7196856730011.528,0.00041015655144637663,0.0003712336390302216,1.031828970147303e-08,1.0692885836151863e-08,-9.489769766909061,3.630409161950121,-12.660549191073244
3.393221771895328,19306977288832.457,0.00013245630413860992,0.00011762542085115281,6.791423573430537e-09,6.78024501147965e-09,-11.196811947838448,-0.16459821464559488,-11.050402498416412
3.393221771895328,51794746792312.02,4.1472796132009186e-05,3.632245871841141e-05,4.175701181649503e-09,4.115465248424984e-09,-12.418592171128505,-1.4425345733366068,-11.136708467771195
3.393221771895328,138949549437313.6,1.2561721227240306e-05,1.0908929398319689e-05,2.1840793630220603e-09,2.1499091646834785e-09,-13.157367521709606,-1.5645126691413491,-11.777109218347926
3.393221771895328,372759372031493.8,3.5893531488637023e-06,3.10565588151962e-06,1.6759344381007118e-09,1.6520319698269133e-09,-13.475889590223478,-1.426217382398709,-12.224013209038787
3.393221771895328,1000000000000000.0,9.865555665585657e-07,8.562687484095944e-07,1.2055536481653448e-09,1.1727618754761824e-09,-13.206232123696292,-2.720059181029899,-10.7793784148988
3.5564803062231287,1000000000000.0,0.002979537935464361,0.0028240353540696954,3.2046171344978275e-08,3.201438917741558e-08,-5.219016665093424,-0.09917617683735669,-5.124923191142894
3.5564803062231287,2682695795279.7275,0.0010136714342640332,0.0009399911018682397,1.8438333801032672e-08,1.8863985595914378e-08,-7.268660229070023,2.3085155061997265,-9.361073892905235
3.5564803062231287,7196856730011.528,0.00033797643852720406,0.0003067205541567558,1.0240544869927974e-08,1.064161434310625e-08,-9.247947728738614,3.916485677984194,-12.668281958183892
3.5564803062231287,19306977288832.457,0.00010954004370858775,9.753087596565575e-05,6.7387228340715075e-09,6.741454151100499e-09,-10.963267254923048,0.04053167189459472,-10.999340710130435
3.5564803062231287,51794746792312.02,3.444256794455954e-05,3.0234286343317278e-05,4.1222362939844155e-09,4.075577237324038e-09,-12.218257384339404,-1.1318869985320057,-11.213292182124269
3.5564803062231287,138949549437313.6,1.0477365996296848e-05,9.115388348190472e-06,2.157494275231533e-09,2.1306498800809448e-09,-12.999237103941553,-1.2442394614329833,-11.903100718785819
3.5564803062231287,372759372031493.8,3.0086603400475188e-06,2.607086506281361e-06,1.660832307785451e-09,1.6369965686921229e-09,-13.347263844339952,-1.4351683178123298,-12.085543416679256
3.5564803062231287,1000000000000000.0,8.329260346095544e-07,7.238317493718328e-07,1.1849399167196214e-09,1.1524243486064302e-09,-13.097715848065805,-2.7440689316304834,-10.645774301576372
3.72759372031494,1000000000000.0,0.0024610500410152795,0.002337019414299254,3.201575827497442e-08,3.198483693982818e-08,-5.039744200603824,-0.09658161109497021,-4.94794139102035
3.72759372031494,2682695795279.7275,0.0008394672144185928,0.0007803184725746389,1.8337397184169214e-08,1.8793977979310458e-08,-7.045985933461352,2.489888780592109,-9.304210227476817
3.72759372031494,7196856730011.528,0.00028073095516758395,0.00025544555443570235,1.0168122145114563e-08,1.059347148952134e-08,-9.006987033826508,4.183165173828507,-12.660540871116154
3.72759372031494,19306977288832.457,9.130193056809719e-05,8.150823172353232e-05,6.687735126126882e-09,6.7041084926240295e-09,-10.726716054772002,0.24482677899699823,-10.944747161823344
3.72759372031494,51794746792312.02,2.88243669117094e-05,2.5362677686742124e-05,4.0707920692232345e-09,4.0372753844289504e-09,-12.009593256880946,-0.8233455363068853,-11.27911380058617
3.72759372031494,138949549437313.6,8.804555111300116e-06,7.67528400989977e-06,2.1329031631735193e-09,2.1125729808910897e-09,-12.825987084242275,-0.9531694937420676,-11.98707473001881
3.72759372031494,372759372031493.8,2.540437091360985e-06,2.2051686920210352e-06,1.6459359482828677e-09,1.6222314198185203e-09,-13.197272252088588,-1.44018535405811,-11.928884952011797
3.72759372031494,1000000000000000.0,7.08213811706911e-07,6.163970503959891e-07,1.1649079004618272e-09,1.132776658611777e-09,-12.964553895048802,-2.7582645664358307,-10.49579101309429
3.906939937054617,1000000000000.0,0.0020488093405939514,0.0019491504149696222,3.199764917787241e-08,3.196758758257804e-08,-4.86423620049673,-0.09394938711672074,-4.774772683051943
3.906939937054617,2682695795279.7275,0.000700607802391889,0.0006527788632217196,1.824378557638293e-08,1.872891503444451e-08,-6.82677797861807,2.6591490895924164,-9.240215949902275
3.906939937054617,7196856730011.528,0.0002349667207979989,0.00021436698629422396,1.0100796782328554e-08,1.0548336954206616e-08,-8.767086008526526,4.430741272421579,-12.637875706081413
3.906939937054617,19306977288832.457,7.667266911102371e-05,6.863160430234815e-05,6.638462839827518e-09,6.668167138439391e-09,-10.48752430547568,0.4474574811756282,-10.88627035552452
3.906939937054617,51794746792312.02,2.429992256117734e-05,2.143421249188368e-05,4.021340146565394e-09,4.000491207336911e-09,-11.7930831346436,-0.5184574910006012,-11.333384424174042
3.906939937054617,138949549437313.6,7.451887743934938e-06,6.510097254286897e-06,2.1101763617202397e-09,2.0955776220101983e-09,-12.638280688199588,-0.6918255732018763,-12.029679514251534
3.906939937054617,372759372031493.8,2.1601028419130718e-06,1.8787106073036325e-06,1.6312575589899677e-09,1.6077474557573563e-09,-13.026798037089172,-1.4412257036324871,-11.754988245509946
3.906939937054617,1000000000000000.0,6.062453828706129e-07,5.285994444166296e-07,1.145457119401847e-09,1.1138083816398123e-09,-12.807675018706865,-2.762978834036278,-10.330115077801839
4.094915062380425,1000000000000.0,0.001718468468442989,0.0016378293143714888,3.199168988007804e-08,3.196248033306389e-08,-4.692501233063817,-0.09130354515076711,-4.605402583740458
4.094915062380425,2682695795279.7275,0.0005890628278509448,0.0005501194336160604,1.815744214863156e-08,1.8668678624130357e-08,-6.611076508928604,2.8155754060178895,-9.1685057227183
4.094915062380425,7196856730011.528,0.00019810118019537526,0.00018120623777295158,1.0038353784520692e-08,1.0506099798516778e-08,-8.528441075293546,4.659588853277508,-12.600880696234496
4.094915062380425,19306977288832.457,6.48498468435216e-05,5.820529958826978e-05,6.590909028396261e-09,6.633590097750335e-09,-10.24604926405559,0.6475748515142099,-10.823533633712701
4.094915062380425,51794746792312.02,2.0629422568658276e-05,1.824276101152948e-05,3.973851957546764e-09,3.965158693699627e-09,-11.569211640246223,-0.21876164336286363,-11.375334866375075
4.094915062380425,138949549437313.6,6.350200075219628e-06,5.5604386141994736e-06,2.0891765197297082e-09,2.0795702048184567e-09,-12.436796505074522,-0.45981346336854134,-12.032309219451154
4.094915062380425,372759372031493.8,1.8489745647168074e-06,1.6116265219970896e-06,1.616808525185805e-09,1.5935537346258084e-09,-12.83673919852275,-1.4383144446448393,-11.564762401994644
4.094915062380425,1000000000000000.0,5.222991668257881e-07,4.563431730215326e-07,1.1265853835425292e-09,1.0955070179259997e-09,-12.628010533712953,-2.7586338390796494,-10.149360384654537
4.2919342601287775,1000000000000.0,0.0014517670089753847,0.001386081356708192,3.1997741039490026e-08,3.1969370668659355e-08,-4.524531268523024,-0.0886636678372299,-4.439804093840161
4.2919342601287775,2682695795279.7275,0.0004987942738908428,0.0004668768454861894,1.8078306252066427e-08,1.861316367996502e-08,-6.398916361986606,2.9585593940110178,-9.088584583033654
4.2919342601287775,7196856730011.528,0.00016818681245707893,0.00015424205302119891,9.980589130108582e-09,1.0466657832439625e-08,-8.291232369623923,4.870140389455702,-12.550162238938857
4.2919342601287775,19306977288832.457,5.522634318447196e-05,4.9702251650864195e-05,6.54507710834017e-09,6.600338362307204e-09,-10.002638623302829,0.8443178445769028,-10.756140454633512
4.2919342601287775,51794746792312.02,1.7630700305437293e-05,1.563164925927981e-05,3.928298752325426e-09,3.931214307128784e-09,-11.33846649041489,0.07421927371566994,-11.404221633661138
4.2919342601287775,138949549437313.6,5.446736575883355e-06,4.781024147955794e-06,2.0697629021301905e-09,2.0644646655044773e-09,-12.222225522621233,-0.255982780455688,-11.996952875706723
4.2919342601287775,372759372031493.8,1.592739926872223e-06,1.3916086483229254e-06,1.602599434922951e-09,1.5796575602472643e-09,-12.628005059449565,-1.4315414180081532,-11.359073483053306
4.2919342601287775,1000000000000000.0,4.5273611007537184e-07,3.964768619532992e-07,1.10828903222983e-09,1.0778583606365028e-09,-12.42649898474114,-2.7457342541865715,-9.954077238993818
4.498432668969445,1000000000000.0,0.0012348970808071515,0.0011810516641614,3.201567639399839e-08,3.1988129032654754e-08,-4.36031613343496,-0.08604335265207652,-4.277953675550217
4.498432668969445,2682695795279.7275,0.0004252252015940072,0.00039890240387539913,1.8006313893714885e-08,1.8562277525104172e-08,-6.190319299028834,3.0876037964846725,-9.000037593103782
4.498432668969445,7196856730011.528,0.00014374316245960168,0.00013216373662716272,9.927310665265437e-09,1.0429917015851088e-08,-8.055635923338823,5.062865135713102,-12.486334769289142
4.498432668969445,19306977288832.457,4.733915026200469e-05,4.2719969318846186e-05,6.50097060207834e-09,6.568373980013523e-09,-9.757633834982348,1.0368202236391344,-10.683683467797778
4.498432668969445,51794746792312.02,1.5164297511558012e-05,1.3480857686283859e-05,3.884651626113388e-09,3.89859698371662e-09,-11.101337361595942,0.3589860544891188,-11.419329615250163
4.498432668969445,138949549437313.6,4.700948584442379e-06,4.137057073500921e-06,2.0517957531945618e-09,2.050182511674587e-09,-11.99527075891953,-0.07862583385618294,-11.926021859196013
4.498432668969445,372759372031493.8,1.380351995021818e-06,1.2091674168975478e-06,1.5886401028026164e-09,1.5660646054776495e-09,-12.401516333633754,-1.4210580033287679,-11.138746377168241
4.498432668969445,1000000000000000.0,3.947306877226937e-07,3.4655740507217156e-07,1.090563152166694e-09,1.0608468264279573e-09,-12.204088546661174,-2.7248606079984694,-9.744759039062478
4.714866363457394,1000000000000.0,0.0010573350112953932,0.0010129287679446926,3.204538120012054e-08,3.201863950185106e-08,-4.199827195384021,-0.08344946219388527,-4.119815697232854
4.714866363457394,2682695795279.7275,0.00036485904071771006,0.00034302112437547037,1.7941398216873895e-08,1.851593922203238e-08,-5.985302241458124,3.2023201213946084,-8.902534702752352
4.714866363457394,7196856730011.528,0.000123636125183118,0.00011396553463540765,9.8783386780203e-09,1.0395790895521583e-08,-7.821816263965875,5.238251434450558,-12.410000660787412
4.714866363457394,19306977288832.457,4.083247360971061e-05,3.694874771333169e-05,6.458592919005687e-09,6.5376601256134495e-09,-9.51136571715142,1.224217218817003,-10.605745572486136
4.714866363457394,51794746792312.02,1.3122649663253638e-05,1.1697751243682598e-05,3.84288154676266e-09,3.867248120749744e-09,-10.858313344758985,0.634070389382968,-11.419973066452071
4.714866363457394,138949549437313.6,4.081440009992757e-06,3.6015996839253727e-06,2.035140186450886e-09,2.0366526480996146e-09,-11.756642873411627,0.07431732019238524,-11.822174270497698
4.714866363457394,372759372031493.8,1.203222315120755e-06,1.0569321459205504e-06,1.5749395984722744e-09,1.5527790363526231e-09,-12.158199475009157,-1.407073778648238,-10.904560913653661
4.714866363457394,1000000000000000.0,3.460734158358702e-07,3.046770319285795e-07,1.0734017745637985e-09,1.0444557493569233e-09,-11.96173471091564,-2.696662693578833,-9.521844033118686
4.941713361323834,1000000000000.0,0.0009109994018674443,0.0008741673789619297,3.208675085300391e-08,3.206079843536245e-08,-4.043034806610535,-0.08088203682683481,-3.9653600337465233
4.941713361323834,2682695795279.7275,0.0003150044945243974,0.00029678503409920294,1.7883489978725827e-08,1.8474078947760897e-08,-5.783873164318731,3.302425699556588,-8.795823333618301
4.941713361323834,7196856730011.528,0.0001069904695273982,9.886997318408279e-05,9.83350618308368e-09,1.0364200078020809e-08,-7.589924952367744,5.396792202663869,-12.321738530770364
4.941713361323834,19306977288832.457,3.5430900333324487e-05,3.214852862191974e-05,6.4179471710751455e-09,6.508161167827163e-09,-9.264149881953509,1.4056519062450423,-10.521900493340697
4.941713361323834,51794746792312.02,1.142219460201625e-05,1.0210313613316584e-05,3.802959384274927e-09,3.837111558877407e-09,-10.60987866977634,0.8980420549243195,-11.405494586739618
4.941713361323834,138949549437313.6,3.563729578826377e-06,3.1536491239520627e-06,2.0196692494175773e-09,2.023811040685483e-09,-11.507058709245943,0.20507274986238944,-11.688162223428368
4.941713361323834,372759372031493.8,1.0546273649027806e-06,9.291373596328776e-07,1.5615062780985648e-09,1.539803634999654e-09,-11.89899005526669,-1.3898530798952646,-10.657257192696479
4.941713361323834,1000000000000000.0,3.050247416594788e-07,2.6933562676491513e-07,1.056798052007779e-09,1.0286676400683085e-09,-11.700400007028279,-2.661853121892721,-9.285719088585253
5.17947467923121,1000000000000.0,0.0007896389863629777,0.000758908171829438,3.2139689677365087e-08,3.211503319466476e-08,-3.8917549746477986,-0.07671661720396461,-3.817967372858244
5.17947467923121,2682695795279.7275,0.00027357513002816393,0.0002582998678709273,1.7832518019217484e-08,1.844663305253562e-08,-5.583571195109771,3.443793146073504,-8.726830355530069
5.17947467923121,7196856730011.528,9.312592990469913e-05,8.62778283046339e-05,9.792658953919152e-09,1.0343115068648668e-08,-7.353592718025226,5.621109826450321,-12.284194481382283
5.17947467923121,19306977288832.457,3.0919744704953215e-05,2.8133936529891544e-05,6.379036019655604e-09,6.4850200018857174e-09,-9.009803287979267,1.661441978122502,-10.496846256025194
5.17947467923121,51794746792312.02,9.9975675572269e-06,8.96172591907775e-06,3.76485594252344e-09,3.813352485151321e-09,-10.360936620031879,1.2881380687138844,-11.50092687145955
5.17947467923121,138949549437313.6,3.128598187234684e-06,2.7758971670700725e-06,2.0052660206166467e-09,2.0134085458970716e-09,-11.273452167929499,0.4060571114610001,-11.632275597103714
5.17947467923121,372759372031493.8,9.292683399484286e-07,8.207327262903264e-07,1.5483478175131151e-09,1.52758629490546e-09,-11.67968486520541,-1.3408823503882616,-10.479317838149992
5.17947467923121,1000000000000000.0,2.702061266729734e-07,2.3911474919500143e-07,1.040744416183282e-09,1.0139219401783113e-09,-11.506540529186971,-2.577239482421312,-9.165518405890872
5.428675439323859,1000000000000.0,0.0006883843505362952,0.0006626063336129993,3.220410987831274e-08,3.218090470642276e-08,-3.74471280516665,-0.07205655420274848,-3.675304548778213
5.428675439323859,2682695795279.7275,0.00023894221939394967,0.00022607198871619683,1.778840971615341e-08,1.8426770470355532e-08,-5.386335956197586,3.588633072817271,-8.664048132294521
5.428675439323859,7196856730011.528,8.151015927213278e-05,7.570842407966082e-05,9.755655341923155e-09,1.0326991997447555e-08,-7.11780622719933,5.856466177819786,-12.256476031633913
5.428675439323859,19306977288832.457,2.7130524204848287e-05,2.4755633492266015e-05,6.3418615508235505e-09,6.464805556660178e-09,-8.753574736155944,1.9386106879085485,-10.488847505288534
5.428675439323859,51794746792312.02,8.797298483631495e-06,7.90793412568137e-06,3.72854199365177e-09,3.792433089830102e-09,-10.109516684069565,1.7135678312625524,-11.623901085591626
5.428675439323859,138949549437313.6,2.760859306241807e-06,2.4560828636156967e-06,1.9918247716448054e-09,2.0040899901010194e-09,-11.039187760747726,0.6157779856350354,-11.583636264330977
5.428675439323859,372759372031493.8,8.229424882500073e-07,7.285972588080832e-07,1.5354712459382552e-09,1.5158400009908567e-09,-11.464377011636607,-1.278515960447224,-10.317775457172429
5.428675439323859,1000000000000000.0,2.405182463234101e-07,2.1328345856510305e-07,1.0252327173795782e-09,9.998947430515265e-10,-11.323376988906752,-2.4714363771782155,-9.076254466293776
5.689866029018296,1000000000000.0,0.000603416858343806,0.0005816864113151912,3.227993064005517e-08,3.2258165899750544e-08,-3.601232999730608,-0.06742499092492471,-3.5361922861337103
5.689866029018296,2682695795279.7275,0.0002098258480707066,0.00019892960383947655,1.7751091422580774e-08,1.8411087856528193e-08,-5.192994252813998,3.71806115035751,-8.591613942969257
5.689866029018296,7196856730011.528,7.172381449881365e-05,6.678571258276071e-05,9.722365923682401e-09,1.0313084735841618e-08,-6.884884679599168,6.07587511924752,-12.218385928258002
5.689866029018296,19306977288832.457,2.3930158265272862e-05,2.1896587995081666e-05,6.3064251761337435e-09,6.445771301366622e-09,-8.497939076074923,2.2095897650577845,-10.476051088499005
5.689866029018296,51794746792312.02,7.7805995298661e-06,7.013850411454375e-06,3.6939883146589113e-09,3.772570662994739e-09,-9.854627724618547,2.127303652369128,-11.732348694696725
5.689866029018296,138949549437313.6,2.4484377140505733e-06,2.184098416770614e-06,1.9792513385393173e-09,1.9952082895800994e-09,-10.796243488777579,0.8062114563256229,-11.50966272562477
5.689866029018296,372759372031493.8,7.32295794542324e-07,6.500171557119139e-07,1.5228829793100258e-09,1.5044167794708927e-09,-11.235710957733037,-1.212581668454893,-10.146159762611717
5.689866029018296,1000000000000000.0,2.1507914728807037e-07,1.9115507703264376e-07,1.0102543471131724e-09,9.864149715897523e-10,-11.123379721876736,-2.359739959698437,-8.97543672923552
5.963623316594643,1000000000000.0,0.0005317225231285952,0.0005133182586684877,3.236707736044392e-08,3.234675189810518e-08,-3.461253503391004,-0.06279671813551602,-3.4005922455828785
5.963623316594643,2682695795279.7275,0.00018521376765841518,0.00017594658919760416,1.7720488883263643e-08,1.8399528424344605e-08,-5.003504101218992,3.8319458653439886,-8.509375311160372
5.963623316594643,7196856730011.528,6.343448318796035e-05,5.9212980532379265e-05,9.692673014863239e-09,1.0301342635976142e-08,-6.654901945165226,6.2796879682161855,-12.170331095862464
5.963623316594643,19306977288832.457,2.1212872900764003e-05,1.9464271777489587e-05,6.272727556208398e-09,6.427885252485855e-09,-8.243113186292828,2.4735283795944696,-10.457960934251687
5.963623316594643,51794746792312.02,6.914949674101891e-06,6.25134460936502e-06,3.6611657262924358e-09,3.753720593917588e-09,-9.59667236946392,2.5280163353566643,-11.825732261474965
5.963623316594643,138949549437313.6,2.1816740585621316e-06,1.9516101950861563e-06,1.967462894684155e-09,1.986736278984402e-09,-10.545290327538792,0.9796059865891937,-11.413092972118122
5.963623316594643,372759372031493.8,6.546357259932698e-07,5.826611049858427e-07,1.5105888527505543e-09,1.4933146542429292e-09,-10.994606335946767,-1.1435407110393703,-9.965019681832231
5.963623316594643,1000000000000000.0,1.9317715812718824e-07,1.7210626250886726e-07,9.958003450725733e-10,9.734636629987363e-10,-10.90755026246315,-2.243088404654958,-8.86327290460429
6.250551925273971,1000000000000.0,0.0004709076280176742,0.00045525131144930894,3.246548100910746e-08,3.244660466122821e-08,-3.3247107578766366,-0.05814282521783287,-3.2684683124770353
6.250551925273971,2682695795279.7275,0.0001643004820768156,0.00015638477361819175,1.7696527627589807e-08,1.8392044473207835e-08,-4.817824244071911,3.9302447364514714,-8.417250438221268
6.250551925273971,7196856730011.528,5.637705522414421e-05,5.2753179421852675e-05,9.666470086557307e-09,1.0291719857039783e-08,-6.427926729914701,6.468232611116043,-12.112682839523615
6.250551925273971,19306977288832.457,1.8894093270605295e-05,1.7384586054202947e-05,6.240768544731786e-09,6.4111169522993226e-09,-7.989307530045808,2.7296062391440223,-10.434103820311847
6.250551925273971,51794746792312.02,6.1742660107921576e-06,5.597833430139842e-06,3.6300451335197597e-09,3.735840439682452e-09,-9.336050303708232,2.9144350075920755,-11.903563684138751
6.250551925273971,138949549437313.6,1.952796836440511e-06,1.7519125548323337e-06,1.956387317725478e-09,1.9786498554045888e-09,-10.287003638040614,1.1379412183571747,-11.296398481882585
6.250551925273971,372759372031493.8,5.877884417361564e-07,5.246483013767786e-07,1.4985941514866263e-09,1.4825308726139031e-09,-10.741983999018457,-1.0718898680331934,-9.774869971826705
6.250551925273971,1000000000000000.0,1.7423481120258217e-07,1.5563194101211244e-07,9.818614916569354e-10,9.610219768043202e-10,-10.676896345840003,-2.12244955420825,-8.739947774203383
6.551285568595508,1000000000000.0,0.00041905966489133985,0.0004056852153636497,3.2575077596956244e-08,3.2557672007147556e-08,-3.1915382577223483,-0.053432228233019075,-3.1397836858743866
6.551285568595508,2682695795279.7275,0.00014644121093300062,0.00013965232840735107,1.767913333710343e-08,1.8388596874318036e-08,-4.635909852422326,4.012999527107164,-8.315219654131278
6.551285568595508,7196856730011.528,5.033885839011278e-05,4.7215824579494726e-05,9.643661115045039e-09,1.028417497873634e-08,-6.2040219236109255,6.641812233447708,-12.045776312332402
6.551285568595508,19306977288832.457,1.690580406983954e-05,1.5597848054776143e-05,6.210547150062049e-09,6.3954374798978196e-09,-7.736727633066742,2.9770376968142553,-10.404033335494201
6.551285568595508,51794746792312.02,5.537510518176396e-06,5.035083230850151e-06,3.6005975671216128e-09,3.7188898656781643e-09,-9.07316176966294,3.285351843725115,-11.96540786547059
6.551285568595508,138949549437313.6,1.7555185160891805e-06,1.5795794111568445e-06,1.945962315996239e-09,1.9709275708976213e-09,-10.02205919902689,1.2829259177406849,-11.16178765012098
6.551285568595508,372759372031493.8,5.299892560192554e-07,4.744529195189865e-07,1.4869036399767612e-09,1.4720619970371195e-09,-10.478766478664458,-0.9981576842379436,-9.576194313827546
6.551285568595508,1000000000000000.0,1.5778102544869965e-07,1.413206276264324e-07,9.684283874323042e-10,9.4907128660998e-10,-10.432431767671025,-1.9988159241849268,-8.605626475861506
6.866488450043,1000000000000.0,0.0003746417897973658,0.00036317149111569604,3.269580774522301e-08,3.2679906722587735e-08,-3.061670906460745,-0.04863321548495003,-3.01450374107598
6.866488450043,2682695795279.7275,0.00013111688257250816,0.00012527206299444205,1.7668232185974882e-08,1.8389154596269468e-08,-4.457717010495498,4.080331312754981,-8.20332546559076
6.866488450043,7196856730011.528,4.514832496754157e-05,4.244698912591477e-05,9.624159891548658e-09,1.0278670645807929e-08,-5.98324709403697,6.800705325293088,-11.969913850655534
6.866488450043,19306977288832.457,1.5193003133052935e-05,1.405571984386686e-05,6.1820615124150505e-09,6.380819458301929e-09,-7.485572662799445,3.2150755130424535,-10.367330666235631
6.866488450043,51794746792312.02,4.987621592360679e-06,4.548291598561701e-06,3.572794225594161e-09,3.7028305858859528e-09,-8.808406685701275,3.6396263563196474,-12.010881821615015
6.866488450043,138949549437313.6,1.584724903639296e-06,1.4301962492416553e-06,1.936134442211386e-09,1.9635502769755683e-09,-9.751134347846001,1.416008835257787,-11.011223288469097
6.866488450043,372759372031493.8,4.797980683912173e-07,4.3083047564570325e-07,1.475521588952981e-09,1.461903989802683e-09,-10.205875340370675,-0.9229007052320326,-9.369445311999414
6.866488450043,1000000000000000.0,1.4342952635339425e-07,1.2883532160931122e-07,9.554915206809979e-10,9.375932551335487e-10,-10.175174606743486,-1.8731998306685815,-8.460456023990071
7.196856730011519,1000000000000.0,0.00033641216775603244,0.0003265383219678951,3.2827616342319873e-08,3.2813265768012396e-08,-2.935044191177394,-0.0437149446302576,-2.8925937422999537
7.196856730011519,2682695795279.7275,0.00011790732480230289,0.0001128571141743026,1.766375115347847e-08,1.8393694270058903e-08,-4.283203470580011,4.13243546196973,-8.081669169855566
7.196856730011519,7196856730011.528,4.06662954824486e-05,3.8321615485965235e-05,9.60788931360505e-09,1.027517324209221e-08,-5.765659174672844,6.945166692774718,-11.88536729664692
7.196856730011519,19306977288832.457,1.3710974078691673e-05,1.271884250676178e-05,6.155308893998884e-09,6.36723705751136e-09,-7.236040023383694,3.443014268854916,-10.323610896027313
7.196856730011519,51794746792312.02,4.510689607991138e-06,4.125378223423625e-06,3.546606516911804e-09,3.687626303018027e-09,-8.542183525217418,3.976189222959392,-12.039653349223322
7.196856730011519,138949549437313.6,1.4362347127209977e-06,1.300152802970525e-06,1.9268580849151025e-09,1.9565008161662577e-09,-9.4749074468936,1.5383972220487152,-10.846443286728203
7.196856730011519,372759372031493.8,4.3603370282806825e-07,3.927607047436244e-07,1.464451800283232e-09,1.4520522909313066e-09,-9.924232416847545,-0.8466997240555996,-9.155048462864169
7.196856730011519,1000000000000000.0,1.3086200916302282e-07,1.1789862743382566e-07,9.43041324302101e-10,9.265698946346235e-10,-9.906146032839747,-1.746628619871693,-8.304567363291826
7.543120063354617,1000000000000.0,0.0003033619749367175,0.0002948326652075595,3.297045227763865e-08,3.2957709589081523e-08,-2.811594871419598,-0.03864881333692782,-2.7740181831922284
7.543120063354617,2682695795279.7275,0.00010647062237453676,0.00010209220107503574,1.766561830805197e-08,1.8402199793184246e-08,-4.112328078724692,4.169576588194146,-7.9504063836786765
7.543120063354617,7196856730011.528,3.6779308146154163e-05,3.473757310139526e-05,9.594780675540935e-09,1.0273652592253622e-08,-5.5513144419286675,7.075429232512542,-11.792382029141745
7.543120063354617,19306977288832.457,1.242317513692725e-05,1.1555003465090872e-05,6.130285680199802e-09,6.354665993313866e-09,-6.988323534583218,3.6601934203293274,-10.272522753005209
7.543120063354617,51794746792312.02,4.095317318010638e-06,3.756434249867337e-06,3.522006099186449e-09,3.673242648155352e-09,-8.27489158539535,4.294045629388243,-12.051442763518494
7.543120063354617,138949549437313.6,1.306612394148366e-06,1.1864817151661487e-06,1.91809449614713e-09,1.949763755557422e-09,-9.194056287864694,1.6510792077192082,-10.668982149636008
7.543120063354617,372759372031493.8,3.9772261985961664e-07,3.5940300838421114e-07,1.453697629509941e-09,1.4425018893709991e-09,-9.634757884510336,-0.7701560428846621,-8.933402984546401
7.543120063354617,1000000000000000.0,1.1981492903636646e-07,1.0828110087127336e-07,9.310682231873794e-10,9.159836145551515e-10,-9.626369817063729,-1.6201399915237058,-8.138078083105837
7.906043210907698,1000000000000.0,0.0002746674558615519,0.0002672754333444854,3.312426824173675e-08,3.31132015339901e-08,-2.69126260112611,-0.033409667093287077,-2.6587412106201636
7.906043210907698,2682695795279.7275,9.652712396338084e-05,9.27190774795853e-05,1.7673763062704973e-08,1.8414661969542086e-08,-3.945053294284595,4.19208350937188,-7.809745740351326
7.906043210907698,7196856730011.528,3.339438680842193e-05,3.161103727385634e-05,9.584772971166254e-09,1.0274081688997399e-08,-5.340267347313099,7.191706260594621,-11.691178399046231
7.906043210907698,19306977288832.457,1.1299596824247864e-05,1.0537708510084622e-05,6.106987389946461e-09,6.343083521602963e-09,-6.742615033204569,3.8659999862644456,-10.213751392055082
7.906043210907698,51794746792312.02,3.7321204548168914e-06,3.4332921956623564e-06,3.498964919788344e-09,3.659647119837917e-09,-8.006929646894168,4.5922781089012155,-12.046020971717553
7.906043210907698,138949549437313.6,1.1930216230270428e-06,1.0867322360118394e-06,1.909810889533618e-09,1.943325157477761e-09,-8.9092590581482,1.754847463055742,-10.480195083655119
7.906043210907698,372759372031493.8,3.640586449886315e-07,3.3006150167372707e-07,1.4432620062446797e-09,1.4332473878950962e-09,-9.338370007932673,-0.6938877560867307,-8.704884378731458
7.906043210907698,1000000000000000.0,1.1006907935011532e-07,9.979207122500647e-08,9.195626731602511e-10,9.058172582188586e-10,-9.336871159264481,-1.4947773917522889,-7.961094406841706
8.286427728546842,1000000000000.0,0.00024965263313907573,0.00024322660171552865,3.3289020583414874e-08,3.327970737662061e-08,-2.573989043395064,-0.02797681226737181,-2.5467247235225643
8.286427728546842,2682695795279.7275,8.784697934515223e-05,8.452518376071783e-05,1.7688116402295727e-08,1.843107818360782e-08,-3.781342977523461,4.200344256077293,-7.659943247390222
8.286427728546842,7196856730011.528,3.0434973824574433e-05,2.887287649795374e-05,9.577812218856946e-09,1.0276436444276208e-08,-5.132573254784245,7.294194221555106,-11.581957035512024
8.286427728546842,19306977288832.457,1.0315476471498978e-05,9.645062670310707e-06,6.085408693326364e-09,6.332468428020858e-09,-6.499106493438123,4.059870867267068,-10.14702139518665
8.286427728546842,51794746792312.02,3.4133359645281403e-06,3.1491882286843915e-06,3.477455252376957e-09,3.64680902232312e-09,-7.738697233111791,4.870048862035081,-12.023209898313947
8.286427728546842,138949549437313.6,1.093109990768511e-06,9.988708735269468e-07,1.9019796255726947e-09,1.937172382402115e-09,-8.621192564099555,1.8503224932718831,-10.281278253255588
8.286427728546842,372759372031493.8,3.343711712931543e-07,3.041574423612589e-07,1.433147452478534e-09,1.4242830619274422e-09,-9.035985014810388,-0.6185260655322877,-8.469847161683862
8.286427728546842,1000000000000000.0,1.0144132754716577e-07,9.227237490667818e-08,9.085151926398484e-10,8.960541300833646e-10,-9.038675717472678,-1.3715854899769009,-7.773713351862321
8.685113737513525,1000000000000.0,0.00022776014026239277,0.000222157879572247,3.346466921496232e-08,3.345719494434173e-08,-2.459719546928474,-0.02233481099895851,-2.437929242818193
8.685113737513525,2682695795279.7275,8.024037768607213e-05,7.73347398545441e-05,1.7708611083737963e-08,1.845145210674485e-08,-3.621166693526645,4.1948011591323775,-7.5013031031385236
8.685113737513525,7196856730011.528,2.7837735316941106e-05,2.64658116662829e-05,9.57385081600899e-09,1.0280695462848078e-08,-4.928287574540235,7.383075634071212,-11.464900903532339
8.685113737513525,19306977288832.457,9.450286499415239e-06,8.85888872602954e-06,6.0655434353940836e-09,6.3228010130953e-09,-6.257987770236307,4.241294789846006,-10.072095306614548
8.685113737513525,51794746792312.02,3.1325128272771332e-06,2.898495520381574e-06,3.4574497315619934e-09,3.6346994031910404e-09,-7.470593730943264,5.126601552901522,-11.982880734050616
8.685113737513525,138949549437313.6,1.0049177735203767e-06,9.212027647081147e-07,1.894577489330506e-09,1.931293919947559e-09,-8.330533205616996,1.9379746050940172,-10.073290008449787
8.685113737513525,372759372031493.8,3.0809992866144217e-07,2.812073791923736e-07,1.423356098941933e-09,1.4156029128032964e-09,-8.728515318359465,-0.5447116251793949,-8.228625975460947
8.685113737513525,1000000000000000.0,9.377802750742452e-08,8.558857203562136e-08,8.979163879186509e-10,8.866780148925303e-10,-8.732808408829884,-1.2516057371634415,-7.576024630591838
9.102981779915218,1000000000000.0,0.0002085282906707852,0.00020363120727445995,3.365117755758139e-08,3.364563384537032e-08,-2.3484024064900244,-0.016474051172743476,-2.332312581685503
9.102981779915218,2682695795279.7275,7.354985626448345e-05,7.100172393442435e-05,1.7735181810340427e-08,1.8475793432400525e-08,-3.4644966822179546,4.175946037543787,-7.33417166858098
9.102981779915218,7196856730011.528,2.555004174385463e-05,2.434217150128273e-05,9.572846927821719e-09,1.028683983686126e-08,-4.727468763773823,7.45852215566567,-11.340181006571736
9.102981779915218,19306977288832.457,8.686934835104527e-06,8.164029110092871e-06,6.047384664777332e-09,6.314063072873255e-09,-6.019450300220475,4.4098138762228345,-9.988777672573123
9.102981779915218,51794746792312.02,2.884266931775367e-06,2.6765126308264564e-06,3.4389213848381628e-09,3.6232909901483204e-09,-7.203019202561478,5.361262578523118,-11.92495370081651
9.102981779915218,138949549437313.6,9.268053914647375e-07,8.52309189493042e-07,1.8875850586410692e-09,1.9256792440295175e-09,-8.037955179993139,2.018144041459702,-9.857167385211485
9.102981779915218,372759372031493.8,2.847748622643435e-07,2.6080573081881345e-07,1.4138896999580773e-09,1.4072007156629049e-09,-8.416870525348763,-0.47309095577757754,-7.981539511130153
9.102981779915218,1000000000000000.0,8.694974414798623e-08,7.962832151336993e-08,8.877569731636964e-10,8.776731901353197e-10,-8.420292326743862,-1.135872016013706,-7.368112640319913
9.54095476349994,1000000000000.0,0.00019157295183613794,0.00018728173616945132,3.3848512520450564e-08,3.384499528845575e-08,-2.2399903668849475,-0.01039109766696189,-2.2298309731322075
9.54095476349994,2682695795279.7275,6.764421349171554e-05,6.54043038909011e-05,1.7767765382304504e-08,1.850411763681757e-08,-3.3113099926703304,4.144315498708817,-7.158936573424002
9.54095476349994,7196856730011.528,2.352796800034581e-05,2.246210987649003e-05,9.574763913375261e-09,1.0294852959891018e-08,-4.53017499785836,7.520697669734111,-11.207956169154098
9.54095476349994,19306977288832.457,8.01112877626885e-06,7.547790308497354e-06,6.030924666468942e-09,6.306237875241803e-09,-5.783685179846709,4.56502483447625,-9.896913457157108
9.54095476349994,51794746792312.02,2.6640857178078977e-06,2.479294790406625e-06,3.421843661883924e-09,3.612558127269796e-09,-6.936373186720324,5.5734418118001505,-11.84939581757789
9.54095476349994,138949549437313.6,8.573954420075021e-07,7.909976163273717e-07,1.8809861569293137e-09,1.9203186887581806e-09,-7.7441309373731615,2.0910590800453654,-9.633742764591336
9.54095476349994,372759372031493.8,2.640000050587311e-07,2.4261084478952345e-07,1.4047496469586418e-09,1.3990700625587404e-09,-8.10195449217862,-0.4043129259507561,-7.72889046942834
9.54095476349994,1000000000000000.0,8.084700800340777e-08,7.429666400093451e-08,8.78027785987294e-10,8.690244327531495e-10,-8.102147703718565,-1.0254064139918695,-7.150058447653107
10.0,1000000000000.0,0.0001765731432789469,0.00017280429752475443,3.4056644507065095e-08,3.405525198596267e-08,-2.1344388417204097,-0.0040888382357717745,-2.130437113611938
10.0,2682695795279.7275,6.24136642989549e-05,6.0440401922728034e-05,1.7806300825454932e-08,1.8536445763029634e-08,-3.1615871274199625,4.100486365651679,-6.976022636016987
10.0,7196856730011.528,2.1734700560816964e-05,2.0792182239573655e-05,9.579569790679052e-09,1.0304720359926997e-08,-4.33646793801461,7.569761326375213,-11.068379363848702
10.0,19306977288832.457,7.410867210553405e-06,6.999498570974509e-06,6.016154998073888e-09,6.299310132352198e-09,-5.550883963931897,4.706579773442732,-9.796388879828811
10.0,51794746792312.02,2.468171738647025e-06,2.3035186444295655e-06,3.40619046127693e-09,3.6024767108313303e-09,-6.671055001533932,5.762632823556668,-11.756220030786924
10.0,138949549437313.6,7.955261676288379e-07,7.362616243680066e-07,1.8747673827505088e-09,1.915203342167761e-09,-7.449728955802481,2.1568520867867758,-9.403755936437875
10.0,372759372031493.8,2.454404983317675e-07,2.263337748352862e-07,1.3959369811070498e-09,1.3912044010437411e-09,-7.784666192558943,-0.33902533763060516,-7.470969333936994
10.0,1000000000000000.0,7.537688314992212e-08,6.951302087256906e-08,8.687197995351905e-10,8.607170211055692e-10,-7.779390752586613,-0.9212151529069734,-6.92194157433782
