label,Te_eV,n_lower,n_upper,l_upper,dn,dipole,K_CCC,K_And2002,pct_err
1S->2S,0.5,1,2,0,1,False,1.8440100268368567e-17,2.0170964568910795e-17,-8.580969415860174
1S->2S,1.0,1,2,0,1,False,3.9603317671148737e-13,4.3875585825013597e-13,-9.73723330077847
1S->2S,3.0,1,2,0,1,False,2.25185822459277e-10,2.5121763384416016e-10,-10.362254825245143
1S->2S,5.0,1,2,0,1,False,6.956406807108656e-10,7.88860535936553e-10,-11.817026074832693
1S->2S,10.0,1,2,0,1,False,1.4625427093233444e-09,1.7028000557064159e-09,-14.109545367814746
1S->2S,15.0,1,2,0,1,False,1.8156427949436902e-09,2.126465418880324e-09,-14.616867087370522
1S->2S,20.0,1,2,0,1,False,2.0024443760769343e-09,2.3442879766749375e-09,-14.581979859098338
1S->2S,25.0,1,2,0,1,False,2.1092796558724065e-09,2.455202506217445e-09,-14.089381607791573
1S->2P,0.5,1,2,1,1,True,2.825188558268028e-17,3.328209153870281e-17,-15.113851694605929
1S->2P,1.0,1,2,1,1,True,6.796180930819731e-13,7.841278682916282e-13,-13.328154684432981
1S->2P,3.0,1,2,1,1,True,5.887355498319722e-10,6.573271216842595e-10,-10.434921911716666
1S->2P,5.0,1,2,1,1,True,2.4398352599049132e-09,2.6760755643865365e-09,-8.827863742920094
1S->2P,10.0,1,2,1,1,True,7.81702249749311e-09,8.262917160398426e-09,-5.39633466304551
1S->2P,15.0,1,2,1,1,True,1.2119459961311107e-08,1.2308358951647196e-08,-1.534721168582831
1S->2P,20.0,1,2,1,1,True,1.538980972142328e-08,1.5108828473524255e-08,1.8597156516231506
1S->2P,25.0,1,2,1,1,True,1.7923440127846765e-08,1.70426204336135e-08,5.168334867659241
1S->3S,0.5,1,3,0,2,False,1.0097167027627759e-19,1.1533644676226787e-19,-12.454672299380821
1S->3S,1.0,1,3,0,2,False,1.3770837351447825e-14,1.559037591575963e-14,-11.670908861617079
1S->3S,3.0,1,3,0,2,False,2.6841085587321936e-11,3.185172460349752e-11,-15.73113882701781
1S->3S,5.0,1,3,0,2,False,1.043532182806189e-10,1.2964456168356055e-10,-19.5082177566949
1S->3S,10.0,1,3,0,2,False,2.542753455572686e-10,3.2878022592242275e-10,-22.660997983112875
1S->3S,15.0,1,3,0,2,False,3.2891296746011215e-10,4.2528460626556214e-10,-22.660504844436403
1S->3S,20.0,1,3,0,2,False,3.6999573592084355e-10,4.725713665004925e-10,-21.70584970884859
1S->3S,25.0,1,3,0,2,False,3.9449990725412887e-10,4.987471331668601e-10,-20.9018195755432
1S->3P,0.5,1,3,1,2,True,1.7601692552191416e-19,1.9842829550497697e-19,-11.294442622725997
1S->3P,1.0,1,3,1,2,True,2.4507666314106157e-14,2.8223956399220024e-14,-13.167147909910204
1S->3P,3.0,1,3,1,2,True,6.26148798261307e-11,7.634562855992962e-11,-17.98498354495908
1S->3P,5.0,1,3,1,2,True,3.119147491501247e-10,3.8749850540104814e-10,-19.50556071763342
1S->3P,10.0,1,3,1,2,True,1.1242837336605247e-09,1.3377954020291684e-09,-15.959964284881611
1S->3P,15.0,1,3,1,2,True,1.8067107048228814e-09,2.0225261405463216e-09,-10.67058820140364
1S->3P,20.0,1,3,1,2,True,2.33817529039347e-09,2.4802658676578643e-09,-5.728844601589889
1S->3P,25.0,1,3,1,2,True,2.757648976183258e-09,2.7949591819053742e-09,-1.334910576285464
1S->3D,0.5,1,3,2,2,False,9.527071145278396e-20,1.1002140313267028e-19,-13.40711103465847
1S->3D,1.0,1,3,2,2,False,1.272974988191033e-14,1.473917723070379e-14,-13.633239612639569
1S->3D,3.0,1,3,2,2,False,2.7807671102864645e-11,3.2098000824658584e-11,-13.366345602739182
1S->3D,5.0,1,3,2,2,False,1.2123859931917678e-10,1.4303957174680667e-10,-15.241217630474768
1S->3D,10.0,1,3,2,2,False,3.388063228916002e-10,4.119200531671733e-10,-17.749495251181823
1S->3D,15.0,1,3,2,2,False,4.539171271207167e-10,5.541167508346086e-10,-18.08276388738864
1S->3D,20.0,1,3,2,2,False,5.110159916311619e-10,6.163974345658597e-10,-17.09634677647871
1S->3D,25.0,1,3,2,2,False,5.386851583043109e-10,6.419517555613051e-10,-16.08634860211585
1S->4S,0.5,1,4,0,3,False,1.1107314320894462e-20,1.0524748662273188e-20,5.535197821013327
1S->4S,1.0,1,4,0,3,False,2.8404857249288236e-15,2.9481404765527896e-15,-3.651615398932584
1S->4S,3.0,1,4,0,3,False,8.39018328998898e-12,1.0503050712155456e-11,-20.116702090385964
1S->4S,5.0,1,4,0,3,False,3.5397928019793697e-11,4.750013066699475e-11,-25.4782512748122
1S->4S,10.0,1,4,0,3,False,9.076433756041984e-11,1.2769376830587446e-10,-28.920307729500784
1S->4S,15.0,1,4,0,3,False,1.18765965548984e-10,1.6613402520724314e-10,-28.51195569310385
1S->4S,20.0,1,4,0,3,False,1.3424789451423762e-10,1.8458351702766005e-10,-27.26983607419268
1S->4S,25.0,1,4,0,3,False,1.435745292147793e-10,1.9332833802033047e-10,-25.73539363914619
1S->4P,0.5,1,4,1,3,True,1.855604897200652e-20,1.902006148383899e-20,-2.439595225424118
1S->4P,1.0,1,4,1,3,True,4.844585116728412e-15,5.537879561838377e-15,-12.519131869307332
1S->4P,3.0,1,4,1,3,True,1.807057198801232e-11,2.4364443658291654e-11,-25.832199407259672
1S->4P,5.0,1,4,1,3,True,9.609087963042673e-11,1.3216212826757949e-10,-27.293180815098406
1S->4P,10.0,1,4,1,3,True,3.643866163575785e-10,4.704507253374322e-10,-22.5452110640873
1S->4P,15.0,1,4,1,3,True,5.972158163495006e-10,7.1137175687144e-10,-16.04729727027522
1S->4P,20.0,1,4,1,3,True,7.816787637879338e-10,8.708555675151141e-10,-10.240137062180821
1S->4P,25.0,1,4,1,3,True,9.289691352436418e-10,9.810691780136172e-10,-5.3105371096728415
1S->4D,0.5,1,4,2,3,False,1.1892496153301713e-20,1.4158854702609668e-20,-16.006651645985425
1S->4D,1.0,1,4,2,3,False,3.039747375111123e-15,3.6880659294915286e-15,-17.578822254671266
1S->4D,3.0,1,4,2,3,False,1.0567011953160144e-11,1.330166924047274e-11,-20.558752723995767
1S->4D,5.0,1,4,2,3,False,5.067298690323315e-11,6.594135786712211e-11,-23.154468542574037
1S->4D,10.0,1,4,2,3,False,1.506425725075134e-10,2.0126801708045033e-10,-25.153248542564544
1S->4D,15.0,1,4,2,3,False,2.053555260830709e-10,2.7173517420865564e-10,-24.428066156284277
1S->4D,20.0,1,4,2,3,False,2.3329286877316924e-10,3.033795754223849e-10,-23.101985870880192
1S->4D,25.0,1,4,2,3,False,2.474427353270486e-10,3.154810690083005e-10,-21.56653452935452
1S->4F,0.5,1,4,3,3,False,3.776955061194921e-21,5.805130428069964e-21,-34.93763649250775
1S->4F,1.0,1,4,3,3,False,8.339238093200734e-16,1.3179922130471296e-15,-36.72771348230618
1S->4F,3.0,1,4,3,3,False,2.02342512122052e-12,3.4571170055684107e-12,-41.47073651365082
1S->4F,5.0,1,4,3,3,False,7.909330737202285e-12,1.4669158000101318e-11,-46.081903697896934
1S->4F,10.0,1,4,3,3,False,1.7806652010408957e-11,3.749456908704347e-11,-52.50871674489473
1S->4F,15.0,1,4,3,3,False,2.0581027065046136e-11,4.595196441902469e-11,-55.211866728105896
1S->4F,20.0,1,4,3,3,False,2.0673949063550574e-11,4.7802397999470934e-11,-56.75123021280357
1S->4F,25.0,1,4,3,3,False,1.984472208332863e-11,4.7129793845752206e-11,-57.89346724435709
1S->5S,0.5,1,5,0,4,False,1.8929397212004142e-21,3.709994782094096e-21,-48.97729424481967
1S->5S,1.0,1,5,0,4,False,7.907415244131734e-16,1.4641502738200866e-15,-45.99314438195851
1S->5S,3.0,1,5,0,4,False,3.310175617513252e-12,5.708330095232525e-12,-42.01148913448717
1S->5S,5.0,1,5,0,4,False,1.509328596231902e-11,2.5361973177236105e-11,-40.48851855160011
1S->5S,10.0,1,5,0,4,False,4.1166887603084975e-11,6.655323229572601e-11,-38.14442036389467
1S->5S,15.0,1,5,0,4,False,5.5001099617567473e-11,8.528518247784066e-11,-35.50919629930064
1S->5S,20.0,1,5,0,4,False,6.282179862970639e-11,9.415256148433862e-11,-33.276591056785854
1S->5S,25.0,1,5,0,4,False,6.761239023688838e-11,9.833809216106689e-11,-31.244964437436128
1S->5P,0.5,1,5,1,4,True,3.437130976574066e-21,6.882679975057323e-21,-50.06115366354166
1S->5P,1.0,1,5,1,4,True,1.4505968438859242e-15,2.6814380014728333e-15,-45.90227918418569
1S->5P,3.0,1,5,1,4,True,7.402714396734456e-12,1.201127790871844e-11,-38.36863610189918
1S->5P,5.0,1,5,1,4,True,4.145519186545436e-11,6.268218241213275e-11,-33.864472693550795
1S->5P,10.0,1,5,1,4,True,1.6297182097466353e-10,2.1749870760562006e-10,-25.069981900686745
1S->5P,15.0,1,5,1,4,True,2.707986798653661e-10,3.285860583790917e-10,-17.586679970169616
1S->5P,20.0,1,5,1,4,True,3.5725747157939546e-10,4.0317804794036085e-10,-11.3896519405139
1S->5P,25.0,1,5,1,4,True,4.268179697416192e-10,4.546355275272513e-10,-6.1186502376818
1S->5D,0.5,1,5,2,4,False,2.622902312406099e-21,5.321923549486703e-21,-50.715144852859126
1S->5D,1.0,1,5,2,4,False,1.049979810425426e-15,1.889775353418949e-15,-44.43890864986568
1S->5D,3.0,1,5,2,4,False,4.895904580271474e-12,7.343528820429344e-12,-33.33035520128548
1S->5D,5.0,1,5,2,4,False,2.4857071911200134e-11,3.6137526547875276e-11,-31.215347906367384
1S->5D,10.0,1,5,2,4,False,7.652008178233637e-11,1.0737712220908373e-10,-28.73707153993457
1S->5D,15.0,1,5,2,4,False,1.053650203055061e-10,1.4286350364308334e-10,-26.24776964119535
1S->5D,20.0,1,5,2,4,False,1.203839233223792e-10,1.5800850664945937e-10,-23.811745408460837
1S->5D,25.0,1,5,2,4,False,1.2820042667427422e-10,1.634217570212899e-10,-21.552411985404863
1S->5F,0.5,1,5,3,4,False,1.2085904438111977e-21,2.3513691067203272e-21,-48.60056465159012
1S->5F,1.0,1,5,3,4,False,4.174183741689406e-16,7.780426455067205e-16,-46.35019345281697
1S->5F,3.0,1,5,3,4,False,1.3994477936036347e-12,2.830380338886128e-12,-50.55619294775149
1S->5F,5.0,1,5,3,4,False,5.818114217728393e-12,1.3035791394724463e-11,-55.368154939308376
1S->5F,10.0,1,5,3,4,False,1.3521926175890444e-11,3.533496353845247e-11,-61.73216321229391
1S->5F,15.0,1,5,3,4,False,1.5704302012424062e-11,4.4157810216953036e-11,-64.4359583610084
1S->5F,20.0,1,5,3,4,False,1.580237990797042e-11,4.642373823683231e-11,-65.96056132456626
1S->5F,25.0,1,5,3,4,False,1.518676326357454e-11,4.5891109675164555e-11,-66.90696003850753
1S->5G,0.5,1,5,4,4,False,2.339326223481267e-22,1.1923155644523095e-21,-80.37997411737355
1S->5G,1.0,1,5,4,4,False,6.8573017925158e-17,3.4305381415668307e-16,-80.01100261959525
1S->5G,3.0,1,5,4,4,False,1.6288077157899985e-13,8.473302485110781e-13,-80.77717963388979
1S->5G,5.0,1,5,4,4,False,5.768533011034339e-13,3.088115905000251e-12,-81.32021857827947
1S->5G,10.0,1,5,4,4,False,1.1099188985195858e-12,6.037819012395762e-12,-81.61722144633849
1S->5G,15.0,1,5,4,4,False,1.1601069411389976e-12,6.3639197077373485e-12,-81.77055974278679
1S->5G,20.0,1,5,4,4,False,1.0786419102130712e-12,6.012713084890931e-12,-82.06064558570839
1S->5G,25.0,1,5,4,4,False,9.716265945047836e-13,5.4632273422814945e-12,-82.21515354147749
2S->3S,0.5,2,3,0,1,False,1.7147717971784702e-09,1.7850502999566502e-09,-3.937060080597543
2S->3S,1.0,2,3,0,1,False,8.592607432273628e-09,8.776235046691486e-09,-2.0923278996166195
2S->3S,3.0,2,3,0,1,False,2.7350543548049287e-08,2.8082582491688716e-08,-2.6067365558565814
2S->3S,5.0,2,3,0,1,False,3.5935750592404174e-08,3.792807637666521e-08,-5.252904904733812
2S->3S,10.0,2,3,0,1,False,4.308401664047328e-08,4.718111937656935e-08,-8.683776032093748
2S->3S,15.0,2,3,0,1,False,4.4075072219826456e-08,4.9233417819877116e-08,-10.47732582556572
2S->3S,20.0,2,3,0,1,False,4.3460694055605817e-08,4.9135144135143864e-08,-11.548658662587297
2S->3S,25.0,2,3,0,1,False,4.238940455644715e-08,4.8276981821003076e-08,-12.195412891355428
2S->3P,0.5,2,3,1,1,True,3.089278827979682e-09,3.182046186879246e-09,-2.9153366560824345
2S->3P,1.0,2,3,1,1,True,1.7759544927401344e-08,1.846035647752347e-08,-3.7963056183416777
2S->3P,3.0,2,3,1,1,True,6.390122996644885e-08,6.503334892812125e-08,-1.7408283293602
2S->3P,5.0,2,3,1,1,True,9.62979862114729e-08,9.50043078172779e-08,1.361704983613099
2S->3P,10.0,2,3,1,1,True,1.5414939955316046e-07,1.4154335812970805e-07,8.906134198045823
2S->3P,15.0,2,3,1,1,True,1.9052619181807215e-07,1.677583125714331e-07,13.571833727729143
2S->3P,20.0,2,3,1,1,True,2.1418093983423652e-07,1.8252524521181135e-07,17.34318701267341
2S->3P,25.0,2,3,1,1,True,2.3006763712699213e-07,1.916224816895199e-07,20.062967089510785
2S->3D,0.5,2,3,2,1,False,2.4769486639904637e-09,2.7034457441372454e-09,-8.378088616646684
2S->3D,1.0,2,3,2,1,False,1.7802849955458378e-08,1.864193375435157e-08,-4.5010555769050775
2S->3D,3.0,2,3,2,1,False,7.736552278082935e-08,8.079900927433245e-08,-4.249416576192877
2S->3D,5.0,2,3,2,1,False,1.092786026585771e-07,1.1513441955117142e-07,-5.086069756917222
2S->3D,10.0,2,3,2,1,False,1.4140535886441085e-07,1.4888264336606326e-07,-5.022267426611804
2S->3D,15.0,2,3,2,1,False,1.5011528216684753e-07,1.5681755305590488e-07,-4.273929007595223
2S->3D,20.0,2,3,2,1,False,1.5140920195655898e-07,1.572650550262482e-07,-3.723556430709818
2S->3D,25.0,2,3,2,1,False,1.4986681876557808e-07,1.5448634182720985e-07,-2.990246909204841
2S->4S,0.5,2,4,0,2,False,1.1270372824213434e-10,1.3507616757472026e-10,-16.562832462810384
2S->4S,1.0,2,4,0,2,False,1.0548265844319967e-09,1.2120837115079654e-09,-12.974114376994928
2S->4S,3.0,2,4,0,2,False,4.4841942599830754e-09,5.01902613455963e-09,-10.656088656200646
2S->4S,5.0,2,4,0,2,False,6.174763939006915e-09,6.860806096874359e-09,-9.999439543700117
2S->4S,10.0,2,4,0,2,False,7.76079495739841e-09,8.63603638235574e-09,-10.134758426279134
2S->4S,15.0,2,4,0,2,False,8.117546567598472e-09,9.072986716561458e-09,-10.530602312234905
2S->4S,20.0,2,4,0,2,False,8.108453980236767e-09,9.14473118686108e-09,-11.331959195402153
2S->4S,25.0,2,4,0,2,False,7.972891694764499e-09,9.041639624975399e-09,-11.820288957975444
2S->4P,0.5,2,4,1,2,True,2.676466957202245e-10,2.653281863074862e-10,0.8738270309703866
2S->4P,1.0,2,4,1,2,True,2.766077339903285e-09,2.8209061636383835e-09,-1.943659964370481
2S->4P,3.0,2,4,1,2,True,1.2828550236960133e-08,1.4325960423447764e-08,-10.452424425497997
2S->4P,5.0,2,4,1,2,True,1.8641678808927224e-08,2.0969548415211597e-08,-11.101190927868076
2S->4P,10.0,2,4,1,2,True,2.7779969359100807e-08,2.953916989873952e-08,-5.955484008756051
2S->4P,15.0,2,4,1,2,True,3.346820752948644e-08,3.35874989026554e-08,-0.35516599052134445
2S->4P,20.0,2,4,1,2,True,3.7290537483040444e-08,3.579058585202527e-08,4.1909110882304645
2S->4P,25.0,2,4,1,2,True,3.995526241925645e-08,3.710688902089903e-08,7.676130965204808
2S->4D,0.5,2,4,2,2,False,2.3277760594305283e-10,2.2535666733129352e-10,3.292974953720762
2S->4D,1.0,2,4,2,2,False,2.320654800531356e-09,2.3554410270025925e-09,-1.476845570423957
2S->4D,3.0,2,4,2,2,False,9.710375639170846e-09,1.1065569430525171e-08,-12.246941288135837
2S->4D,5.0,2,4,2,2,False,1.276022996735974e-08,1.516259654638377e-08,-15.84403153955176
2S->4D,10.0,2,4,2,2,False,1.564358039826317e-08,1.8940397974939293e-08,-17.406274044707303
2S->4D,15.0,2,4,2,2,False,1.656145059288545e-08,1.9629057800253155e-08,-15.627888198118933
2S->4D,20.0,2,4,2,2,False,1.6829411093845017e-08,1.9550804606392655e-08,-13.919598539989531
2S->4D,25.0,2,4,2,2,False,1.6814059921860877e-08,1.9168276004947842e-08,-12.281835270314767
2S->4F,0.5,2,4,3,2,False,1.735111114521473e-10,1.9468886397886974e-10,-10.877742102918086
2S->4F,1.0,2,4,3,2,False,2.0504040255614202e-09,2.3054581935383466e-09,-11.063057603550686
2S->4F,3.0,2,4,3,2,False,1.0856032394171743e-08,1.2745164790515597e-08,-14.822345786769775
2S->4F,5.0,2,4,3,2,False,1.4757289376044845e-08,1.7420855606483483e-08,-15.289525902776802
2S->4F,10.0,2,4,3,2,False,1.6938201659035404e-08,2.0019902522733762e-08,-15.39318615662043
2S->4F,15.0,2,4,3,2,False,1.645463559921254e-08,1.92800967726931e-08,-14.65480804786381
2S->4F,20.0,2,4,3,2,False,1.5547688265083654e-08,1.8131794594638348e-08,-14.251795739616568
2S->4F,25.0,2,4,3,2,False,1.4638860208193751e-08,1.6925949377953945e-08,-13.512324293839184
2S->5S,0.5,2,5,0,3,False,2.3189557227161615e-11,3.754802918930478e-11,-38.24028124020168
2S->5S,1.0,2,5,0,3,False,3.1139393950146974e-10,4.899251181043273e-10,-36.440503253568664
2S->5S,3.0,2,5,0,3,False,1.563212527880884e-09,2.0787139802440875e-09,-24.79905640037463
2S->5S,5.0,2,5,0,3,False,2.2003659310718625e-09,2.6703502977586942e-09,-17.60010164514011
2S->5S,10.0,2,5,0,3,False,2.8342956754521562e-09,3.207499617946193e-09,-11.635354230626682
2S->5S,15.0,2,5,0,3,False,2.998105753948498e-09,3.3507314114394146e-09,-10.52384134064136
2S->5S,20.0,2,5,0,3,False,3.0136774082623906e-09,3.369419963393974e-09,-10.55797612041357
2S->5S,25.0,2,5,0,3,False,2.9750120425129677e-09,3.329699688297818e-09,-10.652241312674382
2S->5P,0.5,2,5,1,3,True,5.2236359963283725e-11,7.845856845526372e-11,-33.421726916839724
2S->5P,1.0,2,5,1,3,True,7.906004766764293e-10,1.1914610853429182e-09,-33.6444566757391
2S->5P,3.0,2,5,1,3,True,4.613805741013643e-09,6.369964729159993e-09,-27.569367536795365
2S->5P,5.0,2,5,1,3,True,6.832508134812007e-09,8.779788100206615e-09,-22.1791225843911
2S->5P,10.0,2,5,1,3,True,1.0129578781236892e-08,1.1516541654940336e-08,-12.043223697354222
2S->5P,15.0,2,5,1,3,True,1.2153208716094627e-08,1.2736198477154917e-08,-4.577423648869838
2S->5P,20.0,2,5,1,3,True,1.3523736742213423e-08,1.3431098010763998e-08,0.689733120666558
2S->5P,25.0,2,5,1,3,True,1.4490313643725942e-08,1.3790387121061778e-08,5.075466819892105
2S->5D,0.5,2,5,2,3,False,4.8099438598263004e-11,8.126066018580885e-11,-40.80845702178658
2S->5D,1.0,2,5,2,3,False,6.93144305867681e-10,1.1201574296563727e-09,-38.120813421706735
2S->5D,3.0,2,5,2,3,False,3.461840832170696e-09,4.960364691054561e-09,-30.209953344484486
2S->5D,5.0,2,5,2,3,False,4.5413136031797565e-09,6.160012618693351e-09,-26.277527591444283
2S->5D,10.0,2,5,2,3,False,5.367010520957074e-09,6.833782568799307e-09,-21.463545746085156
2S->5D,15.0,2,5,2,3,False,5.5577010681724705e-09,6.804036233433098e-09,-18.31758565800239
2S->5D,20.0,2,5,2,3,False,5.580126390987793e-09,6.637912600695502e-09,-15.935524815389657
2S->5D,25.0,2,5,2,3,False,5.536937790288538e-09,6.437895749262519e-09,-13.99460311355909
2S->5F,0.5,2,5,3,3,False,3.819541564410958e-11,7.304119110954314e-11,-47.707019746123514
2S->5F,1.0,2,5,3,3,False,6.317041470953312e-10,1.0603543635966898e-09,-40.42518531704723
2S->5F,3.0,2,5,3,3,False,3.97855983541179e-09,6.030946998476409e-09,-34.03092687737285
2S->5F,5.0,2,5,3,3,False,5.592906627055898e-09,8.233580084755972e-09,-32.071995784545024
2S->5F,10.0,2,5,3,3,False,6.720164795056079e-09,9.298893551137776e-09,-27.731565501856657
2S->5F,15.0,2,5,3,3,False,6.7201049520713565e-09,8.889695581369875e-09,-24.405679693299366
2S->5F,20.0,2,5,3,3,False,6.480917252920375e-09,8.30709530145519e-09,-21.983352571083604
2S->5F,25.0,2,5,3,3,False,6.196134279847379e-09,7.788353348164424e-09,-20.443590540127488
2S->5G,0.5,2,5,4,3,False,1.5592094725417023e-11,4.3899437111873744e-11,-64.48224453155976
2S->5G,1.0,2,5,4,3,False,2.4354562900342337e-10,5.842299530445969e-10,-58.31339565281885
2S->5G,3.0,2,5,4,3,False,1.283504079876568e-09,2.24822284558588e-09,-42.91028211920466
2S->5G,5.0,2,5,4,3,False,1.5897062326932461e-09,2.4983959225242326e-09,-36.370924305419926
2S->5G,10.0,2,5,4,3,False,1.5444094008473672e-09,2.246201512864396e-09,-31.243506337153658
2S->5G,15.0,2,5,4,3,False,1.34770184704887e-09,1.9147036636796656e-09,-29.613032417827778
2S->5G,20.0,2,5,4,3,False,1.1786853860532383e-09,1.661419060291038e-09,-29.055503561710495
2S->5G,25.0,2,5,4,3,False,1.045578594037595e-09,1.4647820517189971e-09,-28.618828117769823
2P->3S,0.5,2,3,0,1,True,8.350706508879527e-10,8.7959000287719e-10,-5.061375395765289
2P->3S,1.0,2,3,0,1,True,4.269803068631582e-09,4.478906161759793e-09,-4.668619649000494
2P->3S,3.0,2,3,0,1,True,9.097461507162213e-09,9.360860830562905e-09,-2.813836549526527
2P->3S,5.0,2,3,0,1,True,9.519679738926121e-09,9.614992393221494e-09,-0.991292040569558
2P->3S,10.0,2,3,0,1,True,9.642591589088195e-09,9.366325920681916e-09,2.9495628354790915
2P->3S,15.0,2,3,0,1,True,9.761365620435316e-09,9.178081593582029e-09,6.355184587388729
2P->3S,20.0,2,3,0,1,True,9.84128827353607e-09,9.071939270944196e-09,8.480535193351235
2P->3S,25.0,2,3,0,1,True,9.873229855146335e-09,8.962188420104162e-09,10.165390330318292
2P->3P,0.5,2,3,1,1,False,3.056674757566758e-09,3.1303055984747054e-09,-2.3521933751076918
2P->3P,1.0,2,3,1,1,False,1.557414580746369e-08,1.5978800360872775e-08,-2.5324463931595265
2P->3P,3.0,2,3,1,1,False,4.237336729321319e-08,4.393035565220311e-08,-3.544219790334957
2P->3P,5.0,2,3,1,1,False,5.1157196433679707e-08,5.441676545950888e-08,-5.990008774510114
2P->3P,10.0,2,3,1,1,False,5.720095229709376e-08,6.18596898492798e-08,-7.531136291722429
2P->3P,15.0,2,3,1,1,False,5.722625134133356e-08,6.199763725466006e-08,-7.6960770193994055
2P->3P,20.0,2,3,1,1,False,5.574715348065466e-08,6.057013345570527e-08,-7.962637194084509
2P->3P,25.0,2,3,1,1,False,5.3891949597415955e-08,5.86751009824499e-08,-8.151926975744983
2P->3D,0.5,2,3,2,1,True,5.21218712469166e-09,5.691464724499464e-09,-8.420988673525587
2P->3D,1.0,2,3,2,1,True,3.40668918486952e-08,3.591195030600194e-08,-5.137728365029448
2P->3D,3.0,2,3,2,1,True,1.4642975776340153e-07,1.5149814238937335e-07,-3.345509420798898
2P->3D,5.0,2,3,2,1,True,2.2283523919313645e-07,2.2830492576245078e-07,-2.395781234700778
2P->3D,10.0,2,3,2,1,True,3.405416015147513e-07,3.299183458628257e-07,3.2199651171694876
2P->3D,15.0,2,3,2,1,True,4.063246801094792e-07,3.738092834472151e-07,8.698391961379826
2P->3D,20.0,2,3,2,1,True,4.465045640429644e-07,3.9655782441851876e-07,12.595071020899319
2P->3D,25.0,2,3,2,1,True,4.7226693023872307e-07,4.0849753848541065e-07,15.610716282343006
2P->4S,0.5,2,4,0,2,True,8.315291476003416e-11,8.453746542091337e-11,-1.6377953301361825
2P->4S,1.0,2,4,0,2,True,7.77600390676339e-10,8.028492625194513e-10,-3.1449081442608384
2P->4S,3.0,2,4,0,2,True,2.346615243673355e-09,2.496339770338714e-09,-5.997762341664082
2P->4S,5.0,2,4,0,2,True,2.504240243824322e-09,2.6597273374507704e-09,-5.845978700037557
2P->4S,10.0,2,4,0,2,True,2.3607400460987402e-09,2.4566906527080155e-09,-3.905685337448117
2P->4S,15.0,2,4,0,2,True,2.2314685084887263e-09,2.2798787133923666e-09,-2.123367555443678
2P->4S,20.0,2,4,0,2,True,2.1445822389020734e-09,2.1574207771301576e-09,-0.5950873545012558
2P->4S,25.0,2,4,0,2,True,2.081134012937639e-09,2.066316042294378e-09,0.7171202439491209
2P->4P,0.5,2,4,1,2,False,2.477725101707542e-10,2.480990833005066e-10,-0.13163012350064784
2P->4P,1.0,2,4,1,2,False,2.2863376568565943e-09,2.353358408941582e-09,-2.8478769672457216
2P->4P,3.0,2,4,1,2,False,7.970609577541317e-09,8.859042192890686e-09,-10.028540286920961
2P->4P,5.0,2,4,1,2,False,9.713418981369003e-09,1.104037762715414e-08,-12.019141831901138
2P->4P,10.0,2,4,1,2,False,1.0975896646578655e-08,1.233252165207619e-08,-11.000386164083043
2P->4P,15.0,2,4,1,2,False,1.111089898106957e-08,1.2242716050231967e-08,-9.24482005887045
2P->4P,20.0,2,4,1,2,False,1.0916641762934916e-08,1.190391732082779e-08,-8.293703083483939
2P->4P,25.0,2,4,1,2,False,1.0613716866066552e-08,1.1476854563968773e-08,-7.520681673635687
2P->4D,0.5,2,4,2,2,True,3.9420328819947743e-10,4.0660683096471914e-10,-3.050500341032869
2P->4D,1.0,2,4,2,2,True,4.256112382889987e-09,4.488041921477088e-09,-5.167722197005887
2P->4D,3.0,2,4,2,2,True,2.1807501187033556e-08,2.5095130672798153e-08,-13.100666932681971
2P->4D,5.0,2,4,2,2,True,3.2449770301669886e-08,3.799610482072529e-08,-14.597113428400977
2P->4D,10.0,2,4,2,2,True,4.7589564195331824e-08,5.3320982209241886e-08,-10.748898044336219
2P->4D,15.0,2,4,2,2,True,5.5957567554701795e-08,5.932337468520953e-08,-5.673660927699875
2P->4D,20.0,2,4,2,2,True,6.119726698483782e-08,6.149043384268658e-08,-0.47676823780228306
2P->4D,25.0,2,4,2,2,True,6.466609736335633e-08,6.268870139982944e-08,3.1543099783085893
2P->4F,0.5,2,4,3,2,False,2.7907955365671945e-10,3.1242106785989723e-10,-10.671980104148904
2P->4F,1.0,2,4,3,2,False,3.0186732001602485e-09,3.342601987921451e-09,-9.690917103852769
2P->4F,3.0,2,4,3,2,False,1.4133285648107648e-08,1.6236088479907466e-08,-12.951412739602187
2P->4F,5.0,2,4,3,2,False,1.8655465072597444e-08,2.182983758096387e-08,-14.54143896670378
2P->4F,10.0,2,4,3,2,False,2.1233575702373693e-08,2.4926741376344976e-08,-14.816078917864617
2P->4F,15.0,2,4,3,2,False,2.079625395128571e-08,2.4223711329793892e-08,-14.14918354931265
2P->4F,20.0,2,4,3,2,False,1.9834840317230413e-08,2.291438389351398e-08,-13.439347052028939
2P->4F,25.0,2,4,3,2,False,1.883283610640913e-08,2.1579379904941284e-08,-12.727630778228448
2P->5S,0.5,2,5,0,3,True,1.7633908782205037e-11,2.8830410472053257e-11,-38.83573458207105
2P->5S,1.0,2,5,0,3,True,2.385979111118988e-10,3.910200473133129e-10,-38.980644918004096
2P->5S,3.0,2,5,0,3,True,9.088183340542754e-10,1.4125738778482713e-09,-35.662244056314464
2P->5S,5.0,2,5,0,3,True,1.008527599051654e-09,1.4767846343665507e-09,-31.707875638599802
2P->5S,10.0,2,5,0,3,True,9.614349285702457e-10,1.2785582057688583e-09,-24.803194392539307
2P->5S,15.0,2,5,0,3,True,8.99757768600563e-10,1.1311567775012309e-09,-20.45684678757238
2P->5S,20.0,2,5,0,3,True,8.551816408181504e-10,1.0377399426428449e-09,-17.591912416878507
2P->5S,25.0,2,5,0,3,True,8.22111953481917e-10,9.693760895115963e-10,-15.191641058928518
2P->5P,0.5,2,5,1,3,False,5.017014740526019e-11,8.219469076265724e-11,-38.96181500319783
2P->5P,1.0,2,5,1,3,False,6.709331691706644e-10,1.0733883651738e-09,-37.493903330876066
2P->5P,3.0,2,5,1,3,False,2.8905997530129622e-09,4.074160447688699e-09,-29.05041934092654
2P->5P,5.0,2,5,1,3,False,3.600205056648072e-09,4.720316182906783e-09,-23.729578334495027
2P->5P,10.0,2,5,1,3,False,4.1145926893454794e-09,4.854079540512043e-09,-15.234337323787594
2P->5P,15.0,2,5,1,3,False,4.191238761790845e-09,4.701281317070607e-09,-10.849011596642166
2P->5P,20.0,2,5,1,3,False,4.136211367304885e-09,4.502911471816832e-09,-8.143622338726352
2P->5P,25.0,2,5,1,3,False,4.033988079982394e-09,4.3109845749778615e-09,-6.425365022255736
2P->5D,0.5,2,5,2,3,True,7.732625656531143e-11,1.2889621960507611e-10,-40.008902664305744
2P->5D,1.0,2,5,2,3,True,1.1667618042269312e-09,1.9014308183078743e-09,-38.63769362562144
2P->5D,3.0,2,5,2,3,True,7.099996005163577e-09,1.0230008715364323e-08,-30.59638361304442
2P->5D,5.0,2,5,2,3,True,1.0740316285607956e-08,1.4396964357865688e-08,-25.39874366126319
2P->5D,10.0,2,5,2,3,True,1.5788391474191935e-08,1.8718345940536636e-08,-15.65284921890221
2P->5D,15.0,2,5,2,3,True,1.8562861879321358e-08,2.0172770742339332e-08,-7.980603574892364
2P->5D,20.0,2,5,2,3,True,2.031485863297981e-08,2.0728920051294728e-08,-1.9975059833811981
2P->5D,25.0,2,5,2,3,True,2.1488559203636848e-08,2.0888030233456267e-08,2.8749909085190595
2P->5F,0.5,2,5,3,3,False,6.67661809170061e-11,1.0647948576071504e-10,-37.29667227446446
2P->5F,1.0,2,5,3,3,False,1.0391812355017485e-09,1.5487460697507687e-09,-32.901767707537864
2P->5F,3.0,2,5,3,3,False,5.972808801294595e-09,8.624135254231551e-09,-30.74309916041781
2P->5F,5.0,2,5,3,3,False,8.156351667135322e-09,1.16996408247761e-08,-30.28545244002041
2P->5F,10.0,2,5,3,3,False,9.598723534867215e-09,1.322974619865047e-08,-27.445898124286362
2P->5F,15.0,2,5,3,3,False,9.56421542503015e-09,1.2707705863112065e-08,-24.736883839960754
2P->5F,20.0,2,5,3,3,False,9.223456045318684e-09,1.1904248718596223e-08,-22.519629223553927
2P->5F,25.0,2,5,3,3,False,8.825534876775834e-09,1.1146634149666514e-08,-20.82331977281342
2P->5G,0.5,2,5,4,3,False,2.1313628902572312e-11,5.255478712400205e-11,-59.44493343245174
2P->5G,1.0,2,5,4,3,False,3.0468996691530094e-10,6.96935731387846e-10,-56.28148289820709
2P->5G,3.0,2,5,4,3,False,1.4257557746420849e-09,2.7210633646971966e-09,-47.602992523448826
2P->5G,5.0,2,5,4,3,False,1.6976403482503865e-09,2.9940291217294453e-09,-43.29913707486666
2P->5G,10.0,2,5,4,3,False,1.5836784401436235e-09,2.5824972195926815e-09,-38.67647066069618
2P->5G,15.0,2,5,4,3,False,1.3529879522754908e-09,2.1397953146181973e-09,-36.77021614953373
2P->5G,20.0,2,5,4,3,False,1.1651839314744886e-09,1.8141039895078157e-09,-35.77083021626481
2P->5G,25.0,2,5,4,3,False,1.0207894013451698e-09,1.5743429856687107e-09,-35.16092677152025
3S->4S,0.5,3,4,0,1,False,3.605188979338551e-08,3.953317490651176e-08,-8.805984142075129
3S->4S,1.0,3,4,0,1,False,8.31064258161197e-08,8.909678422565065e-08,-6.7234283050659815
3S->4S,3.0,3,4,0,1,False,1.6225795383673576e-07,2.0032760099700788e-07,-19.003695432283806
3S->4S,5.0,3,4,0,1,False,1.7914229424380145e-07,2.416640009594779e-07,-25.87133642886268
3S->4S,10.0,3,4,0,1,False,1.8145447634265448e-07,2.6318016359943994e-07,-31.05313338932789
3S->4S,15.0,3,4,0,1,False,1.7742105186688977e-07,2.592569962817205e-07,-31.565568369813267
3S->4S,20.0,3,4,0,1,False,1.7363333887589606e-07,2.495396925983645e-07,-30.418549022034803
3S->4S,25.0,3,4,0,1,False,1.7027190429434316e-07,2.394985621918505e-07,-28.904832356385203
3S->4P,0.5,3,4,1,1,True,6.923461429838326e-08,6.790049125164233e-08,1.9648209050456167
3S->4P,1.0,3,4,1,1,True,1.292679032763366e-07,1.2299904086835765e-07,5.096675846999754
3S->4P,3.0,3,4,1,1,True,3.9868552346711876e-07,2.819425495513444e-07,41.40665327086941
3S->4P,5.0,3,4,1,1,True,6.344223582819425e-07,4.032964171856222e-07,57.309197713487656
3S->4P,10.0,3,4,1,1,True,9.589001152795113e-07,5.785221614257958e-07,65.74993651345275
3S->4P,15.0,3,4,1,1,True,1.0940669990229676e-06,6.639749790268489e-07,64.7753354541282
3S->4P,20.0,3,4,1,1,True,1.1540417543541732e-06,7.113614153585321e-07,62.230018305466636
3S->4P,25.0,3,4,1,1,True,1.179948537488159e-06,7.379988268191874e-07,59.884879841042206
3S->4D,0.5,3,4,2,1,False,9.32800474168325e-08,9.672047753845052e-08,-3.5570855409086555
3S->4D,1.0,3,4,2,1,False,2.008356347510787e-07,2.0878828786057347e-07,-3.808955564981431
3S->4D,3.0,3,4,2,1,False,4.30587169466927e-07,4.247687095214333e-07,1.3697948589596276
3S->4D,5.0,3,4,2,1,False,5.21706273052743e-07,5.084359500705899e-07,2.610028456939495
3S->4D,10.0,3,4,2,1,False,5.749257421898115e-07,5.595542217069174e-07,2.7471011542015367
3S->4D,15.0,3,4,2,1,False,5.646824483349225e-07,5.501789692085365e-07,2.6361384091525775
3S->4D,20.0,3,4,2,1,False,5.427028567412508e-07,5.302718467715246e-07,2.344271159295075
3S->4D,25.0,3,4,2,1,False,5.194861065696945e-07,5.078617719442822e-07,2.2888776567903557
3S->4F,0.5,3,4,3,1,False,1.0027351607966033e-07,1.0320874670249634e-07,-2.843974679100547
3S->4F,1.0,3,4,3,1,False,2.0659999434873436e-07,2.1912434171505732e-07,-5.715634907695122
3S->4F,3.0,3,4,3,1,False,3.316418499238298e-07,3.6355749810568095e-07,-8.778707177859868
3S->4F,5.0,3,4,3,1,False,3.476611422001822e-07,3.8917319635032805e-07,-10.66673001621039
3S->4F,10.0,3,4,3,1,False,3.314499200198286e-07,3.7580230568028134e-07,-11.80205256595368
3S->4F,15.0,3,4,3,1,False,3.0885632163881485e-07,3.493042736162111e-07,-11.57957546830285
3S->4F,20.0,3,4,3,1,False,2.895173146144135e-07,3.2492147473745375e-07,-10.896220433459458
3S->4F,25.0,3,4,3,1,False,2.733685962488742e-07,3.0424898780072213e-07,-10.149710529874966
3S->5S,0.5,3,5,0,2,False,5.036245358640657e-09,8.507308229933465e-09,-40.80095345646075
3S->5S,1.0,3,5,0,2,False,1.4208747904957441e-08,2.4200876564939986e-08,-41.28829231937089
3S->5S,3.0,3,5,0,2,False,3.1732928505460136e-08,4.8740849561309796e-08,-34.8945929521722
3S->5S,5.0,3,5,0,2,False,3.588164074160541e-08,5.284259170450732e-08,-32.09712168878195
3S->5S,10.0,3,5,0,2,False,3.629588758018773e-08,5.2083876618237885e-08,-30.31262275996134
3S->5S,15.0,3,5,0,2,False,3.489739485323244e-08,4.944654872119387e-08,-29.42400277519338
3S->5S,20.0,3,5,0,2,False,3.362891997023892e-08,4.6931269070019656e-08,-28.344320030924674
3S->5S,25.0,3,5,0,2,False,3.25845290678757e-08,4.469660090872924e-08,-27.09841821212864
3S->5P,0.5,3,5,1,2,True,1.2954579712056956e-08,2.1350071615506095e-08,-39.3230151853527
3S->5P,1.0,3,5,1,2,True,3.061934674044281e-08,5.266354271364298e-08,-41.85855116710447
3S->5P,3.0,3,5,1,2,True,6.71677686679665e-08,9.329434091288508e-08,-28.004455564260468
3S->5P,5.0,3,5,1,2,True,9.717716395525847e-08,1.0863728350423852e-07,-10.548974697561286
3S->5P,10.0,3,5,1,2,True,1.472969962035084e-07,1.2877249848217755e-07,14.385445603429602
3S->5P,15.0,3,5,1,2,True,1.725340134897797e-07,1.376747042825398e-07,25.32005381010345
3S->5P,20.0,3,5,1,2,True,1.854763779706463e-07,1.4250039881260513e-07,30.15849746115913
3S->5P,25.0,3,5,1,2,True,1.9216577415061305e-07,1.4410800637814426e-07,33.34843703712311
3S->5D,0.5,3,5,2,2,False,1.4692132211407553e-08,2.7648751747283755e-08,-46.861499044524045
3S->5D,1.0,3,5,2,2,False,3.5064478653833575e-08,6.484008438153731e-08,-45.92160237253192
3S->5D,3.0,3,5,2,2,False,6.364877541269235e-08,1.0284151763107976e-07,-38.10984427416011
3S->5D,5.0,3,5,2,2,False,7.328045840429997e-08,1.0538997339949225e-07,-30.467333807436926
3S->5D,10.0,3,5,2,2,False,8.069751006694568e-08,9.956873543354086e-08,-18.95296277935673
3S->5D,15.0,3,5,2,2,False,8.100076822353733e-08,9.317281043346531e-08,-13.063942316755629
3S->5D,20.0,3,5,2,2,False,7.932021809194487e-08,8.788946753112772e-08,-9.750029986412079
3S->5D,25.0,3,5,2,2,False,7.704326783542766e-08,8.322815341625444e-08,-7.43124210613434
3S->5F,0.5,3,5,3,2,False,1.2325032122470862e-08,2.4049505957696523e-08,-48.75141242339532
3S->5F,1.0,3,5,3,2,False,2.9032870616453593e-08,5.190250885939959e-08,-44.06268356872365
3S->5F,3.0,3,5,3,2,False,4.216527153751887e-08,6.900766329642487e-08,-38.89769697548453
3S->5F,5.0,3,5,3,2,False,4.060588328519633e-08,6.568422711873117e-08,-38.18016125576554
3S->5F,10.0,3,5,3,2,False,3.4839261640437666e-08,5.438338551970534e-08,-35.937674149002795
3S->5F,15.0,3,5,3,2,False,3.093923096256051e-08,4.644097419108209e-08,-33.37945316293198
3S->5F,20.0,3,5,3,2,False,2.8210074522684864e-08,4.0787539300853447e-08,-30.83653731939011
3S->5F,25.0,3,5,3,2,False,2.6154098117280756e-08,3.668203798716399e-08,-28.700531506911474
3S->5G,0.5,3,5,4,2,False,1.606736080933859e-08,3.083899233350881e-08,-47.89920294548588
3S->5G,1.0,3,5,4,2,False,4.640829206360779e-08,7.336366354906336e-08,-36.742128434505794
3S->5G,3.0,3,5,4,2,False,8.720035748928125e-08,1.1238869434927448e-07,-22.411806637520414
3S->5G,5.0,3,5,4,2,False,9.030725883410004e-08,1.1557471872801462e-07,-21.862445500193893
3S->5G,10.0,3,5,4,2,False,8.1459599590346e-08,1.0531750768720949e-07,-22.653316263161983
3S->5G,15.0,3,5,4,2,False,7.297479938686932e-08,9.37545345360676e-08,-22.16397878995844
3S->5G,20.0,3,5,4,2,False,6.653584642337287e-08,8.439095474590808e-08,-21.157609101941066
3S->5G,25.0,3,5,4,2,False,6.154083719842243e-08,7.698604191003537e-08,-20.062344196967487
3P->4S,0.5,3,4,0,1,True,1.9785203485239434e-08,2.0470740695865503e-08,-3.3488637309764147
3P->4S,1.0,3,4,0,1,True,3.353918340207876e-08,3.362662853992075e-08,-0.2600472947746679
3P->4S,3.0,3,4,0,1,True,5.35089364454579e-08,4.717591344466574e-08,13.42427213035393
3P->4S,5.0,3,4,0,1,True,6.508260285239284e-08,5.120975258427031e-08,27.09025052463101
3P->4S,10.0,3,4,0,1,True,7.957372691944093e-08,5.5718322924205755e-08,42.81428934551017
3P->4S,15.0,3,4,0,1,True,8.463093630819008e-08,5.772261367595558e-08,46.616604686844255
3P->4S,20.0,3,4,0,1,True,8.616284615679703e-08,5.863027499706945e-08,46.95964868168152
3P->4S,25.0,3,4,0,1,True,8.621499813851771e-08,5.902950447073838e-08,46.054077383040706
3P->4P,0.5,3,4,1,1,False,7.080440628785627e-08,7.091829086282643e-08,-0.16058561703135021
3P->4P,1.0,3,4,1,1,False,1.3790692836849535e-07,1.4263754319187694e-07,-3.3165285362619645
3P->4P,3.0,3,4,1,1,False,2.3693363344374464e-07,2.776144840977053e-07,-14.653720531254134
3P->4P,5.0,3,4,1,1,False,2.588131745948281e-07,3.2378791470544765e-07,-20.06706771922837
3P->4P,10.0,3,4,1,1,False,2.585035350852586e-07,3.437939074046738e-07,-24.8085758596709
3P->4P,15.0,3,4,1,1,False,2.4815643791136786e-07,3.331419417869436e-07,-25.510298529125784
3P->4P,20.0,3,4,1,1,False,2.3859811355559206e-07,3.17700997521066e-07,-24.89853182164743
3P->4P,25.0,3,4,1,1,False,2.3040972105986612e-07,3.016485691015706e-07,-23.61650454828348
3P->4D,0.5,3,4,2,1,True,1.0193785835252677e-07,1.0713188619703567e-07,-4.84825576108695
3P->4D,1.0,3,4,2,1,True,2.1556386458963088e-07,2.1567899043022942e-07,-0.05337832876948223
3P->4D,3.0,3,4,2,1,True,6.361478311095963e-07,5.094751333997978e-07,24.863372008854313
3P->4D,5.0,3,4,2,1,True,9.60509572683773e-07,7.009302192331177e-07,37.03355146175022
3P->4D,10.0,3,4,2,1,True,1.3940247563604239e-06,9.404936777277283e-07,48.22266107396336
3P->4D,15.0,3,4,2,1,True,1.5731433030405099e-06,1.0456039163015952e-06,50.453080608656656
3P->4D,20.0,3,4,2,1,True,1.6516692046273682e-06,1.0946243460044e-06,50.88913476630539
3P->4D,25.0,3,4,2,1,True,1.6843357784231079e-06,1.1181800406351324e-06,50.63189443682039
3P->4F,0.5,3,4,3,1,False,1.190002132780211e-07,1.2775351687346036e-07,-6.851712430045587
3P->4F,1.0,3,4,3,1,False,2.609367927370363e-07,2.8182973509892595e-07,-7.413320796173595
3P->4F,3.0,3,4,3,1,False,5.054262300840855e-07,5.434813619641048e-07,-7.002104311818636
3P->4F,5.0,3,4,3,1,False,5.85770602819531e-07,6.224678812592613e-07,-5.895449314668433
3P->4F,10.0,3,4,3,1,False,6.257324739204582e-07,6.599262360526497e-07,-5.1814521478523945
3P->4F,15.0,3,4,3,1,False,6.11459789363313e-07,6.398964030363075e-07,-4.443940228146747
3P->4F,20.0,3,4,3,1,False,5.878011861845633e-07,6.122964679496908e-07,-4.000559050610142
3P->4F,25.0,3,4,3,1,False,5.635930749620384e-07,5.824937886099294e-07,-3.2447923080855423
3P->5S,0.5,3,5,0,2,True,3.6119662410273754e-09,6.135078050432787e-09,-41.12599364937864
3P->5S,1.0,3,5,0,2,True,7.903554074696746e-09,1.3089782292986405e-08,-39.62043143428349
3P->5S,3.0,3,5,0,2,True,1.169000814401676e-08,1.6805264281734536e-08,-30.43841532011784
3P->5S,5.0,3,5,0,2,True,1.2589662519271482e-08,1.5941340514208916e-08,-21.025069955377962
3P->5S,10.0,3,5,0,2,True,1.3887498005850847e-08,1.4448580930887183e-08,-3.8833081789844903
3P->5S,15.0,3,5,0,2,True,1.4441376273840143e-08,1.3638198405453474e-08,5.8891786474194685
3P->5S,20.0,3,5,0,2,True,1.459971130442721e-08,1.3140755339605503e-08,11.102527420356845
3P->5S,25.0,3,5,0,2,True,1.4564452548160974e-08,1.2741100029155002e-08,14.310793533004684
3P->5P,0.5,3,5,1,2,False,1.0900552216082607e-08,2.0368459127436853e-08,-46.48317701460649
3P->5P,1.0,3,5,1,2,False,2.6162207525450277e-08,4.9568671706386504e-08,-47.2202771935898
3P->5P,3.0,3,5,1,2,False,4.756364361578545e-08,7.816401991504436e-08,-39.148928538371145
3P->5P,5.0,3,5,1,2,False,5.213107914348286e-08,7.823065252343263e-08,-33.36233629411706
3P->5P,10.0,3,5,1,2,False,5.189038409192107e-08,7.205127891264697e-08,-27.981314315278738
3P->5P,15.0,3,5,1,2,False,4.938400507007579e-08,6.657509174226104e-08,-25.822099860919256
3P->5P,20.0,3,5,1,2,False,4.7073487351754877e-08,6.200616155917749e-08,-24.082565074071162
3P->5P,25.0,3,5,1,2,False,4.512533569880887e-08,5.8311082794721474e-08,-22.61276324147804
3P->5D,0.5,3,5,2,2,True,1.7943480365131665e-08,3.135706559110091e-08,-42.776914781770905
3P->5D,1.0,3,5,2,2,True,4.5543718341704873e-08,7.762545313282636e-08,-41.32888568937025
3P->5D,3.0,3,5,2,2,True,1.0205209498884371e-07,1.490699522665489e-07,-31.54080118952043
3P->5D,5.0,3,5,2,2,True,1.4074224756919587e-07,1.7515793898328315e-07,-19.64837655310152
3P->5D,10.0,3,5,2,2,True,2.0169700976900725e-07,1.996740229440908e-07,1.0131447221268797
3P->5D,15.0,3,5,2,2,True,2.322059923843845e-07,2.0715841653781225e-07,12.091024958187191
3P->5D,20.0,3,5,2,2,True,2.479001074487991e-07,2.0934190324566342e-07,18.418770253506047
3P->5D,25.0,3,5,2,2,True,2.559632622117122e-07,2.0884101459078662e-07,22.56369406807337
3P->5F,0.5,3,5,3,2,False,1.4691124812792255e-08,2.8357694099778215e-08,-48.19351403855099
3P->5F,1.0,3,5,3,2,False,3.412515249427304e-08,6.341948785361631e-08,-46.19137799876265
3P->5F,3.0,3,5,3,2,False,5.18560626704909e-08,9.212188061415942e-08,-43.709287820899675
3P->5F,5.0,3,5,3,2,False,5.334319059535792e-08,9.003905290432813e-08,-40.755495671374675
3P->5F,10.0,3,5,3,2,False,5.18633155885244e-08,7.818330264989351e-08,-33.66446052967419
3P->5F,15.0,3,5,3,2,False,4.968393094765661e-08,6.916053219827117e-08,-28.161439236439854
3P->5F,20.0,3,5,3,2,False,4.7580531772554274e-08,6.257502542669287e-08,-23.962425187832746
3P->5F,25.0,3,5,3,2,False,4.5646129259160386e-08,5.754045174457097e-08,-20.671235843282776
3P->5G,0.5,3,5,4,2,False,1.8954577095861962e-08,4.0082509929494207e-08,-52.71110235061782
3P->5G,1.0,3,5,4,2,False,5.339891954182099e-08,9.436819792618107e-08,-43.41428498656724
3P->5G,3.0,3,5,4,2,False,1.0254414060242923e-07,1.3790366370725682e-07,-25.64074235176892
3P->5G,5.0,3,5,4,2,False,1.0868556215930956e-07,1.407167712056713e-07,-22.762893699106414
3P->5G,10.0,3,5,4,2,False,1.0078357016989865e-07,1.2877249848217757e-07,-21.73517532251086
3P->5G,15.0,3,5,4,2,False,9.126964307010487e-08,1.153752803494524e-07,-20.893242648109368
3P->5G,20.0,3,5,4,2,False,8.367491857528509e-08,1.0438651968907403e-07,-19.841260323153385
3P->5G,25.0,3,5,4,2,False,7.765394257049032e-08,9.555825021866252e-08,-18.73653777376878
3D->4S,0.5,3,4,0,1,False,1.1989356759242614e-08,1.2704936363085075e-08,-5.632295852513025
3D->4S,1.0,3,4,0,1,False,1.6887825675081155e-08,1.765397998345839e-08,-4.33983900001651
3D->4S,3.0,3,4,0,1,False,1.5654563038239646e-08,1.6137501191425633e-08,-2.992645189966503
3D->4S,5.0,3,4,0,1,False,1.4031273827279255e-08,1.4311530446431417e-08,-1.9582575057305873
3D->4S,10.0,3,4,0,1,False,1.1607147228076259e-08,1.1688992851758908e-08,-0.700193974969654
3D->4S,15.0,3,4,0,1,False,1.010983495190266e-08,1.01327925264306e-08,-0.22656710347179754
3D->4S,20.0,3,4,0,1,False,9.063721965661576e-09,9.063143002010045e-09,0.00638811118176541
3D->4S,25.0,3,4,0,1,False,8.282383488736054e-09,8.253728951106769e-09,0.34717080969133285
3D->4P,0.5,3,4,1,1,True,4.10416037943973e-08,4.134385467322221e-08,-0.731066034393435
3D->4P,1.0,3,4,1,1,True,6.347709210247317e-08,6.408353389779978e-08,-0.9463301388680678
3D->4P,3.0,3,4,1,1,True,7.184936011597692e-08,7.308247666001953e-08,-1.6872944109147858
3D->4P,5.0,3,4,1,1,True,6.93798142915778e-08,6.873300806509825e-08,0.9410416402362953
3D->4P,10.0,3,4,1,1,True,6.326247553245668e-08,5.974901011446745e-08,5.880374271068445
3D->4P,15.0,3,4,1,1,True,5.8691468615278615e-08,5.422627250472625e-08,8.2343777366648
3D->4P,20.0,3,4,1,1,True,5.5168749258737674e-08,5.042781287925283e-08,9.401431687780715
3D->4P,25.0,3,4,1,1,True,5.234631120694386e-08,4.7587662194471916e-08,9.999753703019131
3D->4D,0.5,3,4,2,1,False,9.854940251238323e-08,1.0381230662473315e-07,-5.0696341151291175
3D->4D,1.0,3,4,2,1,False,1.777679307825668e-07,1.9059683307668192e-07,-6.730910523027278
3D->4D,3.0,3,4,2,1,False,2.558888025915571e-07,3.0791094227317875e-07,-16.89519030975768
3D->4D,5.0,3,4,2,1,False,2.6189494898561974e-07,3.358188065281056e-07,-22.013018957084217
3D->4D,10.0,3,4,2,1,False,2.445281047295698e-07,3.3430993754523454e-07,-26.855867185676054
3D->4D,15.0,3,4,2,1,False,2.2672716757382344e-07,3.126916443703193e-07,-27.49177291564866
3D->4D,20.0,3,4,2,1,False,2.1290234265694942e-07,2.928625558966917e-07,-27.302982791678055
3D->4D,25.0,3,4,2,1,False,2.0206006757022806e-07,2.746042146303953e-07,-26.417710725164333
3D->4F,0.5,3,4,3,1,True,1.842142926476842e-07,1.973640945714404e-07,-6.662712360274991
3D->4F,1.0,3,4,3,1,True,4.489105614341082e-07,4.630552126808758e-07,-3.0546360043927856
3D->4F,3.0,3,4,3,1,True,1.3135257595411873e-06,1.2130949171485475e-06,8.278894006802751
3D->4F,5.0,3,4,3,1,True,1.9035672330430582e-06,1.6257396428183058e-06,17.08930402552795
3D->4F,10.0,3,4,3,1,True,2.661408454826164e-06,2.0651344368929027e-06,28.87337537358514
3D->4F,15.0,3,4,3,1,True,2.970737401980936e-06,2.2165483651566938e-06,34.025381475081254
3D->4F,20.0,3,4,3,1,True,3.105416152511522e-06,2.2701180368323436e-06,36.79536051106527
3D->4F,25.0,3,4,3,1,True,3.160023783957401e-06,2.2779667804566882e-06,38.72124084811621
3D->5S,0.5,3,5,0,2,False,2.480965469334059e-09,4.548137861387506e-09,-45.45096158151222
3D->5S,1.0,3,5,0,2,False,4.813820785877432e-09,8.88887541756286e-09,-45.84443408480936
3D->5S,3.0,3,5,0,2,False,4.872963670117576e-09,8.475213016502665e-09,-42.50334875797108
3D->5S,5.0,3,5,0,2,False,4.167028550373763e-09,6.701267216158191e-09,-37.81730505647999
3D->5S,10.0,3,5,0,2,False,3.2135783584749256e-09,4.48404235786154e-09,-28.333006202744805
3D->5S,15.0,3,5,0,2,False,2.710993991268767e-09,3.509735419033761e-09,-22.757881503925148
3D->5S,20.0,3,5,0,2,False,2.3862980053721908e-09,2.9524034724048728e-09,-19.17439375491461
3D->5S,25.0,3,5,0,2,False,2.1544718144908052e-09,2.5893203285056936e-09,-16.79392500138602
3D->5P,0.5,3,5,1,2,True,7.165782541922318e-09,1.3431730878414182e-08,-46.65034159195165
3D->5P,1.0,3,5,1,2,True,1.5137362171412047e-08,2.7031922502725415e-08,-44.00190304671868
3D->5P,3.0,3,5,1,2,True,1.8913155482345048e-08,2.9345006333819507e-08,-35.54898142738504
3D->5P,5.0,3,5,1,2,True,1.7579083519410895e-08,2.5122371810355154e-08,-30.02617884922395
3D->5P,10.0,3,5,1,2,True,1.4799205722211952e-08,1.913191406020924e-08,-22.646496970256113
3D->5P,15.0,3,5,1,2,True,1.3106109457827613e-08,1.6171930052343405e-08,-18.957666676721352
3D->5P,20.0,3,5,1,2,True,1.1951397902954267e-08,1.4369501293438744e-08,-16.82802583822869
3D->5P,25.0,3,5,1,2,True,1.1094745335030534e-08,1.3116140473561579e-08,-15.411508763615366
3D->5D,0.5,3,5,2,2,False,1.4559673215375427e-08,2.7648751747283755e-08,-47.34057671588814
3D->5D,1.0,3,5,2,2,False,3.298660951487548e-08,6.392684375644524e-08,-48.39943977126243
3D->5D,3.0,3,5,2,2,False,5.113051808994254e-08,9.145190330060189e-08,-44.09026357616985
3D->5D,5.0,3,5,2,2,False,5.2943029953145746e-08,8.679174279958185e-08,-38.99992298184291
3D->5D,10.0,3,5,2,2,False,4.98181162443734e-08,7.358428484695861e-08,-32.29788622939578
3D->5D,15.0,3,5,2,2,False,4.598036288020239e-08,6.457137538885316e-08,-28.79141476651913
3D->5D,20.0,3,5,2,2,False,4.283464252706957e-08,5.836543280707899e-08,-26.609569282806266
3D->5D,25.0,3,5,2,2,False,4.031527369733584e-08,5.363592109047508e-08,-24.835310221799812
3D->5F,0.5,3,5,3,2,True,2.5746966669854097e-08,4.662659318328918e-08,-44.780510622676736
3D->5F,1.0,3,5,3,2,True,6.967590579519578e-08,1.2206983022064065e-07,-42.92127246408314
3D->5F,3.0,3,5,3,2,True,1.6251801936930286e-07,2.616261409442127e-07,-37.88158217570581
3D->5F,5.0,3,5,3,2,True,2.16058887531697e-07,3.129226100937305e-07,-30.954529790295325
3D->5F,10.0,3,5,3,2,True,2.9096922132807486e-07,3.449263352201185e-07,-15.643083285481907
3D->5F,15.0,3,5,3,2,True,3.2649897768563083e-07,3.470953812193609e-07,-5.933931895427136
3D->5F,20.0,3,5,3,2,True,3.4438195987067065e-07,3.413183205092338e-07,0.8975900727701935
3D->5F,25.0,3,5,3,2,True,3.5327659159346513e-07,3.3445387576531873e-07,5.627895860101795
3D->5G,0.5,3,5,4,2,False,2.3008048188670308e-08,4.8753420240772545e-08,-52.807314697013496
3D->5G,1.0,3,5,4,2,False,6.300188194857887e-08,1.1780804063687765e-07,-46.521577298131135
3D->5G,3.0,3,5,4,2,False,1.26218705407938e-07,1.7821396540630113e-07,-29.175749431208565
3D->5G,5.0,3,5,4,2,False,1.4070348572238675e-07,1.824397858848353e-07,-22.87675353269407
3D->5G,10.0,3,5,4,2,False,1.4010536169559363e-07,1.7085351137903203e-07,-17.996791189866034
3D->5G,15.0,3,5,4,2,False,1.312165745355257e-07,1.5628987556581277e-07,-16.042818474014876
3D->5G,20.0,3,5,4,2,False,1.2259402381926194e-07,1.4369501293438744e-07,-14.684566071030192
3D->5G,25.0,3,5,4,2,False,1.1515140357806821e-07,1.3347329788606728e-07,-13.727011018817137
4S->5S,0.5,4,5,0,1,False,1.2932117950153566e-07,2.0665818071228505e-07,-37.422666232806925
4S->5S,1.0,4,5,0,1,False,2.2417054858469496e-07,4.6594044873937325e-07,-51.888583789795376
4S->5S,3.0,4,5,0,1,False,3.408789758708439e-07,9.062255171941951e-07,-62.38475198466554
4S->5S,5.0,4,5,0,1,False,3.9302155145343624e-07,9.704461410713386e-07,-59.50094138974532
4S->5S,10.0,4,5,0,1,False,4.715025554372785e-07,9.225055164559644e-07,-48.888917515780996
4S->5S,15.0,4,5,0,1,False,5.060237031650176e-07,8.541667718999655e-07,-40.75820790365751
4S->5S,20.0,4,5,0,1,False,5.190413926075214e-07,7.973151326061815e-07,-34.90134936848214
4S->5S,25.0,4,5,0,1,False,5.214792779498605e-07,7.501436116115156e-07,-30.482740920824604
4S->5P,0.5,4,5,1,1,True,2.6376464299371685e-07,3.0123577307392515e-07,-12.439136858759682
4S->5P,1.0,4,5,1,1,True,7.178791643261744e-07,5.101753014677948e-07,40.71225366277187
4S->5P,3.0,4,5,1,1,True,2.347462087636621e-06,8.874328221371727e-07,164.52279305866915
4S->5P,5.0,4,5,1,1,True,3.1165188079544916e-06,1.0614254667967767e-06,193.61635889137645
4S->5P,10.0,4,5,1,1,True,3.7317709798172067e-06,1.3020717009897767e-06,186.60257165411713
4S->5P,15.0,4,5,1,1,True,3.837525247143928e-06,1.4388099835088387e-06,166.71522238018673
4S->5P,20.0,4,5,1,1,True,3.818557844311614e-06,1.525835375452095e-06,150.2601463922804
4S->5P,25.0,4,5,1,1,True,3.7611215945502077e-06,1.5904943663915047e-06,136.47500261716718
4S->5D,0.5,4,5,2,1,False,3.234243028924257e-07,4.3911025025047196e-07,-26.345535612538782
4S->5D,1.0,4,5,2,1,False,7.034306837432699e-07,7.490435062012709e-07,-6.089475722087723
4S->5D,3.0,4,5,2,1,False,1.50311102542558e-06,1.286255572791761e-06,16.85943736384705
4S->5D,5.0,4,5,2,1,False,1.6931231453258323e-06,1.420288362713782e-06,19.209816103170606
4S->5D,10.0,4,5,2,1,False,1.6650092140966913e-06,1.4126249586209841e-06,17.866331324209828
4S->5D,15.0,4,5,2,1,False,1.541506195488716e-06,1.3374853367828641e-06,15.254063210636449
4S->5D,20.0,4,5,2,1,False,1.4286433394731678e-06,1.252419787943338e-06,14.070645739254516
4S->5D,25.0,4,5,2,1,False,1.333881560300644e-06,1.1869360943220185e-06,12.380234005990133
4S->5F,0.5,4,5,3,1,False,4.3164915203899366e-07,6.816956332559774e-07,-36.680076711462675
4S->5F,1.0,4,5,3,1,False,6.587862194973317e-07,1.0262485832993789e-06,-35.80636989730689
4S->5F,3.0,4,5,3,1,False,8.751394069703927e-07,1.3154886539915736e-06,-33.47419574353863
4S->5F,5.0,4,5,3,1,False,8.983798697491004e-07,1.285504176453874e-06,-30.11458957470484
4S->5F,10.0,4,5,3,1,False,8.521236105519802e-07,1.1153595325459596e-06,-23.60099271246714
4S->5F,15.0,4,5,3,1,False,7.913735197893795e-07,9.818358267746936e-07,-19.398590048499052
4S->5F,20.0,4,5,3,1,False,7.381020755309862e-07,8.819857661572804e-07,-16.313606879755028
4S->5F,25.0,4,5,3,1,False,6.931180360065448e-07,8.071165441389725e-07,-14.124169422650201
4S->5G,0.5,4,5,4,1,False,3.474951788267327e-07,6.23352313292628e-07,-44.25380777184928
4S->5G,1.0,4,5,4,1,False,4.801291037278052e-07,8.139212902029559e-07,-41.010376616628086
4S->5G,3.0,4,5,4,1,False,5.24173999466087e-07,8.60287818165918e-07,-39.0699265527676
4S->5G,5.0,4,5,4,1,False,5.040129569246065e-07,7.985963035899558e-07,-36.88764214673913
4S->5G,10.0,4,5,4,1,False,4.553307398889117e-07,6.633195457872447e-07,-31.355748103500638
4S->5G,15.0,4,5,4,1,False,4.171244381265917e-07,5.724842540017562e-07,-27.13783213934263
4S->5G,20.0,4,5,4,1,False,3.8671952464221586e-07,5.089057870727507e-07,-24.009603650482305
4S->5G,25.0,4,5,4,1,False,3.619322710371435e-07,4.6132249532649113e-07,-21.54462990559486
4P->5S,0.5,4,5,0,1,True,7.512468667223158e-08,1.1259237185909536e-07,-33.27728563508104
4P->5S,1.0,4,5,0,1,True,1.3602837326958203e-07,1.779224076409843e-07,-23.546238456899125
4P->5S,3.0,4,5,0,1,True,2.8127588271682877e-07,2.053275941415419e-07,36.988836738101625
4P->5S,5.0,4,5,0,1,True,3.4238119161602113e-07,1.9375226774861798e-07,76.71080477893571
4P->5S,10.0,4,5,0,1,True,3.857020969676305e-07,1.8261760334636492e-07,111.20751225503804
4P->5S,15.0,4,5,0,1,True,3.8876234474904794e-07,1.8137111763949446e-07,114.34633573895616
4P->5S,20.0,4,5,0,1,True,3.8294885802695075e-07,1.8198306308378552e-07,110.43104316286842
4P->5S,25.0,4,5,0,1,True,3.7488749690923885e-07,1.8278815852559083e-07,105.09397322734864
4P->5P,0.5,4,5,1,1,False,2.338150320803656e-07,4.012382706251399e-07,-41.726637462554216
4P->5P,1.0,4,5,1,1,False,3.945820139277372e-07,7.411795323828849e-07,-46.76296407441799
4P->5P,3.0,4,5,1,1,False,6.150974596923398e-07,1.2180450499921977e-06,-49.5012553356479
4P->5P,5.0,4,5,1,1,False,6.781871429960247e-07,1.274833761708298e-06,-46.80191540524916
4P->5P,10.0,4,5,1,1,False,7.294342642372234e-07,1.183329313163665e-06,-38.357458391099954
4P->5P,15.0,4,5,1,1,False,7.360246949910692e-07,1.0841737199679276e-06,-32.111922523556224
4P->5P,20.0,4,5,1,1,False,7.275826919209221e-07,1.0054637734192997e-06,-27.637105268684337
4P->5P,25.0,4,5,1,1,False,7.133797207084119e-07,9.416359681621346e-07,-24.24039174068813
4P->5D,0.5,4,5,2,1,True,3.5868654556930197e-07,4.2170961096315724e-07,-14.94465948971727
4P->5D,1.0,4,5,2,1,True,9.298624095509865e-07,6.930126927452704e-07,34.17682234180588
4P->5D,3.0,4,5,2,1,True,2.906246119865398e-06,1.294607881705993e-06,124.48852358566205
4P->5D,5.0,4,5,2,1,True,3.836078063712716e-06,1.5668661652714325e-06,144.82487073477532
4P->5D,10.0,4,5,2,1,True,4.576835266168131e-06,1.8630271193407184e-06,145.66659382756413
4P->5D,15.0,4,5,2,1,True,4.695765144456211e-06,1.999473028725898e-06,134.8501368607328
4P->5D,20.0,4,5,2,1,True,4.66286351853689e-06,2.072666550469609e-06,124.96930427523006
4P->5D,25.0,4,5,2,1,True,4.58410616066792e-06,2.1127462478931927e-06,116.9738161996094
4P->5F,0.5,4,5,3,1,False,4.567860152865529e-07,7.072848086784991e-07,-35.416962207909094
4P->5F,1.0,4,5,3,1,False,8.702616106177638e-07,1.130446236392994e-06,-23.016099076540108
4P->5F,3.0,4,5,3,1,False,1.6012401483192204e-06,1.6774220402749695e-06,-4.541605518862801
4P->5F,5.0,4,5,3,1,False,1.769387526783037e-06,1.7690424446612947e-06,0.019506718043071913
4P->5F,10.0,4,5,3,1,False,1.7414613114528498e-06,1.695149950345181e-06,2.731992004497208
4P->5F,15.0,4,5,3,1,False,1.6240896179235763e-06,1.5705320242526055e-06,3.4101561027676697
4P->5F,20.0,4,5,3,1,False,1.514897658160287e-06,1.4640963718210855e-06,3.469804810458843
4P->5F,25.0,4,5,3,1,False,1.4219152894323775e-06,1.3742082336483813e-06,3.471603110493593
4P->5G,0.5,4,5,4,1,False,4.035427007138738e-07,7.124026437630034e-07,-43.35468793570041
4P->5G,1.0,4,5,4,1,False,5.992406579597927e-07,9.770987469344663e-07,-38.67143317501526
4P->5G,3.0,4,5,4,1,False,7.399976748560619e-07,1.1345219608498757e-06,-34.77449530357912
4P->5G,5.0,4,5,4,1,False,7.404492786487495e-07,1.095121513361754e-06,-32.38656444838234
4P->5G,10.0,4,5,4,1,False,6.910586975100539e-07,9.499391026088937e-07,-27.252315899814615
4P->5G,15.0,4,5,4,1,False,6.406873918855198e-07,8.342395913771905e-07,-23.20103259210562
4P->5G,20.0,4,5,4,1,False,5.980131975094702e-07,7.496879012336884e-07,-20.23171288673885
4P->5G,25.0,4,5,4,1,False,5.622391852233459e-07,6.857852989416106e-07,-18.01527590470903
4D->5S,0.5,4,5,0,1,False,3.9897426413807153e-08,7.799580668784605e-08,-48.84670329331398
4D->5S,1.0,4,5,0,1,False,5.1278669454553464e-08,9.436768582063253e-08,-45.6607746511657
4D->5S,3.0,4,5,0,1,False,5.954099027594846e-08,7.934693468520603e-08,-24.961196658489605
4D->5S,5.0,4,5,0,1,False,5.8038053404236436e-08,6.806601406125362e-08,-14.732698535855015
4D->5S,10.0,4,5,0,1,False,5.1020437856528014e-08,5.355691147467384e-08,-4.736034151904523
4D->5S,15.0,4,5,0,1,False,4.5356771576959976e-08,4.57987403201405e-08,-0.9650237977968157
4D->5S,20.0,4,5,0,1,False,4.1072005807647315e-08,4.074774239646635e-08,0.7957825197429491
4D->5S,25.0,4,5,0,1,False,3.773461869011402e-08,3.7032406142846966e-08,1.896210968734735
4D->5P,0.5,4,5,1,1,True,1.4534567422190854e-07,2.573247480488779e-07,-43.51663595360806
4D->5P,1.0,4,5,1,1,True,2.0648831527521024e-07,3.5682781200926676e-07,-42.13222503243448
4D->5P,3.0,4,5,1,1,True,2.7441527587014896e-07,3.5121458984346456e-07,-21.86677780315016
4D->5P,5.0,4,5,1,1,True,2.909560674841939e-07,3.0326441908479336e-07,-4.0586204071497045
4D->5P,10.0,4,5,1,1,True,2.9131937977650566e-07,2.400234060126438e-07,21.371238170480655
4D->5P,15.0,4,5,1,1,True,2.805138061265256e-07,2.1278175812454653e-07,31.831698637593632
4D->5P,20.0,4,5,1,1,True,2.6917772367388335e-07,1.9580084008691622e-07,37.475264944928256
4D->5P,25.0,4,5,1,1,True,2.5887958258275445e-07,1.8516203071423486e-07,39.812455925313174
4D->5D,0.5,4,5,2,1,False,3.176457038488058e-07,5.508837684960466e-07,-42.33888852525061
4D->5D,1.0,4,5,2,1,False,4.7618466898592757e-07,9.377788778425357e-07,-49.222073535987164
4D->5D,3.0,4,5,2,1,False,6.13551874068709e-07,1.3990117431338958e-06,-56.14390822093425
4D->5D,5.0,4,5,2,1,False,6.357988273200644e-07,1.4084947464160403e-06,-54.85969479560539
4D->5D,10.0,4,5,2,1,False,6.517639989243702e-07,1.2529369198203513e-06,-47.98110035596832
4D->5D,15.0,4,5,2,1,False,6.507543364751633e-07,1.1206505927892785e-06,-41.930665930810086
4D->5D,20.0,4,5,2,1,False,6.418871473616143e-07,1.019575545677816e-06,-37.04368939773989
4D->5D,25.0,4,5,2,1,False,6.295205277678268e-07,9.432185496212306e-07,-33.25825408961431
4D->5F,0.5,4,5,3,1,True,5.200648027263911e-07,6.571300248503566e-07,-20.858158498415648
4D->5F,1.0,4,5,3,1,True,1.430799402923774e-06,1.150106170938959e-06,24.40585391830861
4D->5F,3.0,4,5,3,1,True,4.492457284223252e-06,2.242594943471349e-06,100.3240619667725
4D->5F,5.0,4,5,3,1,True,5.9533886466602e-06,2.7293797717631403e-06,118.12239939092079
4D->5F,10.0,4,5,3,1,True,7.155152045761057e-06,3.19376077601266e-06,124.03531596671766
4D->5F,15.0,4,5,3,1,True,7.363709460166788e-06,3.3842432006475496e-06,117.58806987505501
4D->5F,20.0,4,5,3,1,True,7.321140672829256e-06,3.4573842033365386e-06,111.75374914260354
4D->5F,25.0,4,5,3,1,True,7.200346372796662e-06,3.4975050246022137e-06,105.87093720088619
4D->5G,0.5,4,5,4,1,False,5.939469527188935e-07,1.0440383572388842e-06,-43.11061958588618
4D->5G,1.0,4,5,4,1,False,1.046610591636442e-06,1.5393728749490681e-06,-32.01058634536027
4D->5G,3.0,4,5,4,1,False,1.7243419247792675e-06,2.0003779849586153e-06,-13.79919506487962
4D->5G,5.0,4,5,4,1,False,1.8733832972862838e-06,2.0588284451200972e-06,-9.007314245796517
4D->5G,10.0,4,5,4,1,False,1.8483410950027046e-06,1.9457373343092513e-06,-5.0056211385347655
4D->5G,15.0,4,5,4,1,False,1.7378978190205979e-06,1.799525725853308e-06,-3.424674954479301
4D->5G,20.0,4,5,4,1,False,1.6321791399427452e-06,1.6757729556988326e-06,-2.60141540104446
4D->5G,25.0,4,5,4,1,False,1.5403137130945826e-06,1.5715033888823522e-06,-1.9847030562213153
4F->5S,0.5,4,5,0,1,False,2.0735186365944934e-08,4.4305829445851814e-08,-53.199868673519916
4F->5S,1.0,4,5,0,1,False,2.1162176585842865e-08,4.549870566351927e-08,-53.48839867589763
4F->5S,3.0,4,5,0,1,False,1.554039087711604e-08,2.8517169007164275e-08,-45.50514157554741
4F->5S,5.0,4,5,0,1,False,1.2590996086281716e-08,2.098782328904285e-08,-40.0080898677324
4F->5S,10.0,4,5,0,1,False,9.072545987238167e-09,1.3494516685460088e-08,-32.76864819461414
4F->5S,15.0,4,5,0,1,False,7.382505852128911e-09,1.0349588915581687e-08,-28.668607880509366
4F->5S,20.0,4,5,0,1,False,6.352072133952076e-09,8.56786172838501e-09,-25.861640449823142
4F->5S,25.0,4,5,0,1,False,5.6438273745151315e-09,7.3929162446342855e-09,-23.658983981979066
4F->5P,0.5,4,5,1,1,False,7.535554709425488e-08,1.5265770937778645e-07,-50.637575133680066
4F->5P,1.0,4,5,1,1,False,8.203500800929809e-08,1.7062014623819726e-07,-51.91950668312542
4F->5P,3.0,4,5,1,1,False,6.504102636478807e-08,1.1842380853393534e-07,-45.077744779547416
4F->5P,5.0,4,5,1,1,False,5.4452451499540816e-08,8.905383735029649e-08,-38.85445802256658
4F->5P,10.0,4,5,1,1,False,4.105733145689533e-08,5.825981195803316e-08,-29.527181642002986
4F->5P,15.0,4,5,1,1,False,3.42525420394054e-08,4.5017093045397265e-08,-23.912141539517904
4F->5P,20.0,4,5,1,1,False,2.994123669146149e-08,3.754739404498137e-08,-20.257484033133665
4F->5P,25.0,4,5,1,1,False,2.689062070597382e-08,3.266900297705364e-08,-17.687660303372265
4F->5D,0.5,4,5,2,1,True,1.685466383266919e-07,3.294423555825219e-07,-48.83880731466155
4F->5D,1.0,4,5,2,1,True,2.1090338743550423e-07,4.3392284105023005e-07,-51.39610836685813
4F->5D,3.0,4,5,2,1,True,2.0863141776653534e-07,3.9375170595666154e-07,-47.0144726713899
4F->5D,5.0,4,5,2,1,True,1.9232974209024405e-07,3.17705581898355e-07,-39.462901173773844
4F->5D,10.0,4,5,2,1,True,1.6476305185093576e-07,2.2110651526241497e-07,-25.48249803702497
4F->5D,15.0,4,5,2,1,True,1.4797659513418634e-07,1.7659438429384136e-07,-16.20537893891173
4F->5D,20.0,4,5,2,1,True,1.362980340761952e-07,1.537175192445546e-07,-11.332140444347216
4F->5D,25.0,4,5,2,1,True,1.2749561916238978e-07,1.3791067000693926e-07,-7.5520268620444035
4F->5F,0.5,4,5,3,1,False,3.993789792356216e-07,7.325815363819063e-07,-45.48334084311142
4F->5F,1.0,4,5,3,1,False,5.554952336788069e-07,1.1416804847049742e-06,-51.34407208314904
4F->5F,3.0,4,5,3,1,False,6.144978645479653e-07,1.5750068238266462e-06,-60.98443160678012
4F->5F,5.0,4,5,3,1,False,5.918912834587951e-07,1.5644593048025059e-06,-62.16639949394438
4F->5F,10.0,4,5,3,1,False,5.535788396239991e-07,1.34067760048004e-06,-58.70902598612926
4F->5F,15.0,4,5,3,1,False,5.311797680953128e-07,1.1594434575357946e-06,-54.186660449639554
4F->5F,20.0,4,5,3,1,False,5.135772701232607e-07,1.0268834277402623e-06,-49.9867992559362
4F->5F,25.0,4,5,3,1,False,4.980748713989178e-07,9.280709842270257e-07,-46.33224399168607
4F->5G,0.5,4,5,4,1,True,1.0767826444500211e-06,1.6976590094598666e-06,-36.57250140046592
4F->5G,1.0,4,5,4,1,True,2.697779992160219e-06,3.0880140047555207e-06,-12.637054495036093
4F->5G,3.0,4,5,4,1,True,7.641389152550077e-06,5.2500227460888206e-06,45.54963896571276
4F->5G,5.0,4,5,4,1,True,1.0007085884808486e-05,5.920876753560252e-06,69.01358196302895
4F->5G,10.0,4,5,4,1,True,1.2032655910091519e-05,6.387521552025322e-06,88.37753911415402
4F->5G,15.0,4,5,4,1,True,1.2416025131711463e-05,6.484777390462371e-06,91.46416883905073
4F->5G,20.0,4,5,4,1,True,1.2361326661918712e-05,6.4762954829263166e-06,90.87033157315487
4F->5G,25.0,4,5,4,1,True,1.2163648564858552e-05,6.4320632158974135e-06,89.10959293427058
