label,i_upper,j_lower,n_lower,l_lower,n_upper,l_upper,Te_eV,dE_eV,Upsilon_2002,K_CCC,K_Anderson2002,ratio,pct_err,dn,dl,dipole,class,E_max_CCC_eV
1S->2S,2,1,1,0,2,0,1.0,10.20435,0.296,3.9603317671148737e-13,4.3875585825013597e-13,0.9026276669922153,-9.73723330077847,1,0,False,ground_exc,968.6058
1S->2S,2,1,1,0,2,0,3.0,10.20435,0.326,2.25185822459277e-10,2.5121763384416016e-10,0.8963774517475486,-10.362254825245143,1,0,False,ground_exc,968.6058
1S->2S,2,1,1,0,2,0,5.0,10.20435,0.339,6.956406807108656e-10,7.88860535936553e-10,0.8818297392516731,-11.817026074832693,1,0,False,ground_exc,968.6058
1S->2S,2,1,1,0,2,0,10.0,10.20435,0.373,1.4625427093233444e-09,1.7028000557064159e-09,0.8589045463218525,-14.109545367814746,1,0,False,ground_exc,968.6058
1S->2P,3,1,1,0,2,1,1.0,10.20435,0.529,6.796180930819731e-13,7.841278682916282e-13,0.8667184531556702,-13.328154684432981,1,1,True,ground_exc,968.6058
1S->2P,3,1,1,0,2,1,3.0,10.20435,0.853,5.887355498319722e-10,6.573271216842595e-10,0.8956507808828333,-10.434921911716666,1,1,True,ground_exc,968.6058
1S->2P,3,1,1,0,2,1,5.0,10.20435,1.15,2.4398352599049132e-09,2.6760755643865365e-09,0.911721362570799,-8.827863742920094,1,1,True,ground_exc,968.6058
1S->2P,3,1,1,0,2,1,10.0,10.20435,1.81,7.81702249749311e-09,8.262917160398426e-09,0.9460366533695449,-5.39633466304551,1,1,True,ground_exc,968.6058
1S->3S,4,1,1,0,3,0,1.0,12.094044444444444,0.0696,1.3770837351447825e-14,1.559037591575963e-14,0.8832909113838292,-11.670908861617079,2,0,False,ground_exc,968.6058
1S->3S,4,1,1,0,3,0,3.0,12.094044444444444,0.0776,2.6841085587321936e-11,3.185172460349752e-11,0.8426886117298219,-15.73113882701781,2,0,False,ground_exc,968.6058
1S->3S,4,1,1,0,3,0,5.0,12.094044444444444,0.0813,1.043532182806189e-10,1.2964456168356055e-10,0.804917822433051,-19.5082177566949,2,0,False,ground_exc,968.6058
1S->3S,4,1,1,0,3,0,10.0,12.094044444444444,0.087,2.542753455572686e-10,3.2878022592242275e-10,0.7733900201688713,-22.660997983112875,2,0,False,ground_exc,968.6058
1S->3P,5,1,1,0,3,1,1.0,12.094044444444444,0.126,2.4507666314106157e-14,2.8223956399220024e-14,0.868328520900898,-13.167147909910204,2,1,True,ground_exc,968.6058
1S->3P,5,1,1,0,3,1,3.0,12.094044444444444,0.186,6.26148798261307e-11,7.634562855992962e-11,0.8201501645504092,-17.98498354495908,2,1,True,ground_exc,968.6058
1S->3P,5,1,1,0,3,1,5.0,12.094044444444444,0.243,3.119147491501247e-10,3.8749850540104814e-10,0.8049443928236658,-19.50556071763342,2,1,True,ground_exc,968.6058
1S->3P,5,1,1,0,3,1,10.0,12.094044444444444,0.354,1.1242837336605247e-09,1.3377954020291684e-09,0.8404003571511839,-15.959964284881611,2,1,True,ground_exc,968.6058
1S->3D,6,1,1,0,3,2,1.0,12.094044444444444,0.0658,1.272974988191033e-14,1.473917723070379e-14,0.8636676038736043,-13.633239612639569,2,2,False,ground_exc,968.6058
1S->3D,6,1,1,0,3,2,3.0,12.094044444444444,0.0782,2.7807671102864645e-11,3.2098000824658584e-11,0.8663365439726082,-13.366345602739182,2,2,False,ground_exc,968.6058
1S->3D,6,1,1,0,3,2,5.0,12.094044444444444,0.0897,1.2123859931917678e-10,1.4303957174680667e-10,0.8475878236952523,-15.241217630474768,2,2,False,ground_exc,968.6058
1S->3D,6,1,1,0,3,2,10.0,12.094044444444444,0.109,3.388063228916002e-10,4.119200531671733e-10,0.8225050474881818,-17.749495251181823,2,2,False,ground_exc,968.6058
1S->4S,7,1,1,0,4,0,1.0,12.755437500000001,0.0255,2.8404857249288236e-15,2.9481404765527896e-15,0.9634838460106742,-3.651615398932584,3,0,False,ground_exc,968.6058
1S->4S,7,1,1,0,4,0,3.0,12.755437500000001,0.0319,8.39018328998898e-12,1.0503050712155456e-11,0.7988329790961404,-20.116702090385964,3,0,False,ground_exc,968.6058
1S->4S,7,1,1,0,4,0,5.0,12.755437500000001,0.034,3.5397928019793697e-11,4.750013066699475e-11,0.745217487251878,-25.4782512748122,3,0,False,ground_exc,968.6058
1S->4S,7,1,1,0,4,0,10.0,12.755437500000001,0.0361,9.076433756041984e-11,1.2769376830587446e-10,0.7107969227049922,-28.920307729500784,3,0,False,ground_exc,968.6058
1S->4P,8,1,1,0,4,1,1.0,12.755437500000001,0.0479,4.844585116728412e-15,5.537879561838377e-15,0.8748086813069267,-12.519131869307332,3,1,True,ground_exc,968.6058
1S->4P,8,1,1,0,4,1,3.0,12.755437500000001,0.074,1.807057198801232e-11,2.4364443658291654e-11,0.7416780059274033,-25.832199407259672,3,1,True,ground_exc,968.6058
1S->4P,8,1,1,0,4,1,5.0,12.755437500000001,0.0946,9.609087963042673e-11,1.3216212826757949e-10,0.7270681918490159,-27.293180815098406,3,1,True,ground_exc,968.6058
1S->4P,8,1,1,0,4,1,10.0,12.755437500000001,0.133,3.643866163575785e-10,4.704507253374322e-10,0.774547889359127,-22.5452110640873,3,1,True,ground_exc,968.6058
1S->4D,9,1,1,0,4,2,1.0,12.755437500000001,0.0319,3.039747375111123e-15,3.6880659294915286e-15,0.8242117774532873,-17.578822254671266,3,2,False,ground_exc,968.6058
1S->4D,9,1,1,0,4,2,3.0,12.755437500000001,0.0404,1.0567011953160144e-11,1.330166924047274e-11,0.7944124727600423,-20.558752723995767,3,2,False,ground_exc,968.6058
1S->4D,9,1,1,0,4,2,5.0,12.755437500000001,0.0472,5.067298690323315e-11,6.594135786712211e-11,0.7684553145742596,-23.154468542574037,3,2,False,ground_exc,968.6058
1S->4D,9,1,1,0,4,2,10.0,12.755437500000001,0.0569,1.506425725075134e-10,2.0126801708045033e-10,0.7484675145743546,-25.153248542564544,3,2,False,ground_exc,968.6058
1S->4F,10,1,1,0,4,3,1.0,12.755437500000001,0.0114,8.339238093200734e-16,1.3179922130471296e-15,0.6327228651769382,-36.72771348230618,3,3,False,ground_exc,968.6058
1S->4F,10,1,1,0,4,3,3.0,12.755437500000001,0.0105,2.02342512122052e-12,3.4571170055684107e-12,0.5852926348634918,-41.47073651365082,3,3,False,ground_exc,968.6058
1S->4F,10,1,1,0,4,3,5.0,12.755437500000001,0.0105,7.909330737202285e-12,1.4669158000101318e-11,0.5391809630210307,-46.081903697896934,3,3,False,ground_exc,968.6058
1S->4F,10,1,1,0,4,3,10.0,12.755437500000001,0.0106,1.7806652010408957e-11,3.749456908704347e-11,0.4749128325510528,-52.50871674489473,3,3,False,ground_exc,968.6058
1S->5S,11,1,1,0,5,0,1.0,13.061568,0.0172,7.907415244131734e-16,1.4641502738200866e-15,0.5400685561804149,-45.99314438195851,4,0,False,ground_exc,968.6058
1S->5S,11,1,1,0,5,0,3.0,13.061568,0.0192,3.310175617513252e-12,5.708330095232525e-12,0.5798851086551283,-42.01148913448717,4,0,False,ground_exc,968.6058
1S->5S,11,1,1,0,5,0,5.0,13.061568,0.0193,1.509328596231902e-11,2.5361973177236105e-11,0.5951148144839989,-40.48851855160011,4,0,False,ground_exc,968.6058
1S->5S,11,1,1,0,5,0,10.0,13.061568,0.0194,4.1166887603084975e-11,6.655323229572601e-11,0.6185557963610533,-38.14442036389467,4,0,False,ground_exc,968.6058
1S->5P,12,1,1,0,5,1,1.0,13.061568,0.0315,1.4505968438859242e-15,2.6814380014728333e-15,0.5409772081581431,-45.90227918418569,4,1,True,ground_exc,968.6058
1S->5P,12,1,1,0,5,1,3.0,13.061568,0.0404,7.402714396734456e-12,1.201127790871844e-11,0.6163136389810082,-38.36863610189918,4,1,True,ground_exc,968.6058
1S->5P,12,1,1,0,5,1,5.0,13.061568,0.0477,4.145519186545436e-11,6.268218241213275e-11,0.661355273064492,-33.864472693550795,4,1,True,ground_exc,968.6058
1S->5P,12,1,1,0,5,1,10.0,13.061568,0.0634,1.6297182097466353e-10,2.1749870760562006e-10,0.7493001809931326,-25.069981900686745,4,1,True,ground_exc,968.6058
1S->5D,13,1,1,0,5,2,1.0,13.061568,0.0222,1.049979810425426e-15,1.889775353418949e-15,0.5556109135013432,-44.43890864986568,4,2,False,ground_exc,968.6058
1S->5D,13,1,1,0,5,2,3.0,13.061568,0.0247,4.895904580271474e-12,7.343528820429344e-12,0.6666964479871452,-33.33035520128548,4,2,False,ground_exc,968.6058
1S->5D,13,1,1,0,5,2,5.0,13.061568,0.0275,2.4857071911200134e-11,3.6137526547875276e-11,0.6878465209363261,-31.215347906367384,4,2,False,ground_exc,968.6058
1S->5D,13,1,1,0,5,2,10.0,13.061568,0.0313,7.652008178233637e-11,1.0737712220908373e-10,0.7126292846006543,-28.73707153993457,4,2,False,ground_exc,968.6058
1S->5F,14,1,1,0,5,3,1.0,13.061568,0.00914,4.174183741689406e-16,7.780426455067205e-16,0.5364980654718303,-46.35019345281697,4,3,False,ground_exc,968.6058
1S->5F,14,1,1,0,5,3,3.0,13.061568,0.00952,1.3994477936036347e-12,2.830380338886128e-12,0.4944380705224852,-50.55619294775149,4,3,False,ground_exc,968.6058
1S->5F,14,1,1,0,5,3,5.0,13.061568,0.00992,5.818114217728393e-12,1.3035791394724463e-11,0.44631845060691616,-55.368154939308376,4,3,False,ground_exc,968.6058
1S->5F,14,1,1,0,5,3,10.0,13.061568,0.0103,1.3521926175890444e-11,3.533496353845247e-11,0.38267836787706083,-61.73216321229391,4,3,False,ground_exc,968.6058
1S->5G,15,1,1,0,5,4,1.0,13.061568,0.00403,6.8573017925158e-17,3.4305381415668307e-16,0.19988997380404763,-80.01100261959525,4,4,False,ground_exc,968.6058
1S->5G,15,1,1,0,5,4,3.0,13.061568,0.00285,1.6288077157899985e-13,8.473302485110781e-13,0.1922282036611022,-80.77717963388979,4,4,False,ground_exc,968.6058
1S->5G,15,1,1,0,5,4,5.0,13.061568,0.00235,5.768533011034339e-13,3.088115905000251e-12,0.18679781421720537,-81.32021857827947,4,4,False,ground_exc,968.6058
1S->5G,15,1,1,0,5,4,10.0,13.061568,0.00176,1.1099188985195858e-12,6.037819012395762e-12,0.18382778553661516,-81.61722144633849,4,4,False,ground_exc,968.6058
2S->3S,4,2,2,0,3,0,1.0,1.8896944444444446,1.45,8.592607432273628e-09,8.776235046691486e-09,0.9790767210038338,-2.0923278996166195,1,0,False,excited_exc,958.40145
2S->3S,4,2,2,0,3,0,3.0,1.8896944444444446,2.28,2.7350543548049287e-08,2.8082582491688716e-08,0.9739326344414342,-2.6067365558565814,1,0,False,excited_exc,958.40145
2S->3S,4,2,2,0,3,0,5.0,1.8896944444444446,3.09,3.5935750592404174e-08,3.792807637666521e-08,0.9474709509526619,-5.252904904733812,1,0,False,excited_exc,958.40145
2S->3S,4,2,2,0,3,0,10.0,1.8896944444444446,4.5,4.308401664047328e-08,4.718111937656935e-08,0.9131622396790625,-8.683776032093748,1,0,False,excited_exc,958.40145
2S->3P,5,2,2,0,3,1,1.0,1.8896944444444446,3.05,1.7759544927401344e-08,1.846035647752347e-08,0.9620369438165832,-3.7963056183416777,1,1,True,excited_exc,958.40145
2S->3P,5,2,2,0,3,1,3.0,1.8896944444444446,5.28,6.390122996644885e-08,6.503334892812125e-08,0.982591716706398,-1.7408283293602,1,1,True,excited_exc,958.40145
2S->3P,5,2,2,0,3,1,5.0,1.8896944444444446,7.74,9.62979862114729e-08,9.50043078172779e-08,1.013617049836131,1.361704983613099,1,1,True,excited_exc,958.40145
2S->3P,5,2,2,0,3,1,10.0,1.8896944444444446,13.5,1.5414939955316046e-07,1.4154335812970805e-07,1.0890613419804582,8.906134198045823,1,1,True,excited_exc,958.40145
2S->3D,6,2,2,0,3,2,1.0,1.8896944444444446,3.08,1.7802849955458378e-08,1.864193375435157e-08,0.9549894442309492,-4.5010555769050775,1,2,False,excited_exc,958.40145
2S->3D,6,2,2,0,3,2,3.0,1.8896944444444446,6.56,7.736552278082935e-08,8.079900927433245e-08,0.9575058342380712,-4.249416576192877,1,2,False,excited_exc,958.40145
2S->3D,6,2,2,0,3,2,5.0,1.8896944444444446,9.38,1.092786026585771e-07,1.1513441955117142e-07,0.9491393024308278,-5.086069756917222,1,2,False,excited_exc,958.40145
2S->3D,6,2,2,0,3,2,10.0,1.8896944444444446,14.2,1.4140535886441085e-07,1.4888264336606326e-07,0.949777325733882,-5.022267426611804,1,2,False,excited_exc,958.40145
2S->4S,7,2,2,0,4,0,1.0,2.5510875,0.388,1.0548265844319967e-09,1.2120837115079654e-09,0.8702588562300507,-12.974114376994928,2,0,False,excited_exc,958.40145
2S->4S,7,2,2,0,4,0,3.0,2.5510875,0.508,4.4841942599830754e-09,5.01902613455963e-09,0.8934391134379935,-10.656088656200646,2,0,False,excited_exc,958.40145
2S->4S,7,2,2,0,4,0,5.0,2.5510875,0.638,6.174763939006915e-09,6.860806096874359e-09,0.9000056045629988,-9.999439543700117,2,0,False,excited_exc,958.40145
2S->4S,7,2,2,0,4,0,10.0,2.5510875,0.88,7.76079495739841e-09,8.63603638235574e-09,0.8986524157372087,-10.134758426279134,2,0,False,excited_exc,958.40145
2S->4P,8,2,2,0,4,1,1.0,2.5510875,0.903,2.766077339903285e-09,2.8209061636383835e-09,0.9805634003562952,-1.943659964370481,2,1,True,excited_exc,958.40145
2S->4P,8,2,2,0,4,1,3.0,2.5510875,1.45,1.2828550236960133e-08,1.4325960423447764e-08,0.89547575574502,-10.452424425497997,2,1,True,excited_exc,958.40145
2S->4P,8,2,2,0,4,1,5.0,2.5510875,1.95,1.8641678808927224e-08,2.0969548415211597e-08,0.8889880907213192,-11.101190927868076,2,1,True,excited_exc,958.40145
2S->4P,8,2,2,0,4,1,10.0,2.5510875,3.01,2.7779969359100807e-08,2.953916989873952e-08,0.9404451599124395,-5.955484008756051,2,1,True,excited_exc,958.40145
2S->4D,9,2,2,0,4,2,1.0,2.5510875,0.754,2.320654800531356e-09,2.3554410270025925e-09,0.9852315442957604,-1.476845570423957,2,2,False,excited_exc,958.40145
2S->4D,9,2,2,0,4,2,3.0,2.5510875,1.12,9.710375639170846e-09,1.1065569430525171e-08,0.8775305871186416,-12.246941288135837,2,2,False,excited_exc,958.40145
2S->4D,9,2,2,0,4,2,5.0,2.5510875,1.41,1.276022996735974e-08,1.516259654638377e-08,0.8415596846044824,-15.84403153955176,2,2,False,excited_exc,958.40145
2S->4D,9,2,2,0,4,2,10.0,2.5510875,1.93,1.564358039826317e-08,1.8940397974939293e-08,0.825937259552927,-17.406274044707303,2,2,False,excited_exc,958.40145
2S->4F,10,2,2,0,4,3,1.0,2.5510875,0.738,2.0504040255614202e-09,2.3054581935383466e-09,0.8893694239644931,-11.063057603550686,2,3,False,excited_exc,958.40145
2S->4F,10,2,2,0,4,3,3.0,2.5510875,1.29,1.0856032394171743e-08,1.2745164790515597e-08,0.8517765421323023,-14.822345786769775,2,3,False,excited_exc,958.40145
2S->4F,10,2,2,0,4,3,5.0,2.5510875,1.62,1.4757289376044845e-08,1.7420855606483483e-08,0.847104740972232,-15.289525902776802,2,3,False,excited_exc,958.40145
2S->4F,10,2,2,0,4,3,10.0,2.5510875,2.04,1.6938201659035404e-08,2.0019902522733762e-08,0.8460681384337957,-15.39318615662043,2,3,False,excited_exc,958.40145
2S->5S,11,2,2,0,5,0,1.0,2.857218,0.213,3.1139393950146974e-10,4.899251181043273e-10,0.6355949674643133,-36.440503253568664,3,0,False,excited_exc,958.40145
2S->5S,11,2,2,0,5,0,3.0,2.857218,0.233,1.563212527880884e-09,2.0787139802440875e-09,0.7520094359962537,-24.79905640037463,3,0,False,excited_exc,958.40145
2S->5S,11,2,2,0,5,0,5.0,2.857218,0.264,2.2003659310718625e-09,2.6703502977586942e-09,0.8239989835485989,-17.60010164514011,3,0,False,excited_exc,958.40145
2S->5S,11,2,2,0,5,0,10.0,2.857218,0.337,2.8342956754521562e-09,3.207499617946193e-09,0.8836464576937332,-11.635354230626682,3,0,False,excited_exc,958.40145
2S->5P,12,2,2,0,5,1,1.0,2.857218,0.518,7.906004766764293e-10,1.1914610853429182e-09,0.663555433242609,-33.6444566757391,3,1,True,excited_exc,958.40145
2S->5P,12,2,2,0,5,1,3.0,2.857218,0.714,4.613805741013643e-09,6.369964729159993e-09,0.7243063246320464,-27.569367536795365,3,1,True,excited_exc,958.40145
2S->5P,12,2,2,0,5,1,5.0,2.857218,0.868,6.832508134812007e-09,8.779788100206615e-09,0.778208774156089,-22.1791225843911,3,1,True,excited_exc,958.40145
2S->5P,12,2,2,0,5,1,10.0,2.857218,1.21,1.0129578781236892e-08,1.1516541654940336e-08,0.8795677630264578,-12.043223697354222,3,1,True,excited_exc,958.40145
2S->5D,13,2,2,0,5,2,1.0,2.857218,0.487,6.93144305867681e-10,1.1201574296563727e-09,0.6187918657829327,-38.120813421706735,3,2,False,excited_exc,958.40145
2S->5D,13,2,2,0,5,2,3.0,2.857218,0.556,3.461840832170696e-09,4.960364691054561e-09,0.6979004665551551,-30.209953344484486,3,2,False,excited_exc,958.40145
2S->5D,13,2,2,0,5,2,5.0,2.857218,0.609,4.5413136031797565e-09,6.160012618693351e-09,0.7372247240855572,-26.277527591444283,3,2,False,excited_exc,958.40145
2S->5D,13,2,2,0,5,2,10.0,2.857218,0.718,5.367010520957074e-09,6.833782568799307e-09,0.7853645425391484,-21.463545746085156,3,2,False,excited_exc,958.40145
2S->5F,14,2,2,0,5,3,1.0,2.857218,0.461,6.317041470953312e-10,1.0603543635966898e-09,0.5957481468295277,-40.42518531704723,3,3,False,excited_exc,958.40145
2S->5F,14,2,2,0,5,3,3.0,2.857218,0.676,3.97855983541179e-09,6.030946998476409e-09,0.6596907312262715,-34.03092687737285,3,3,False,excited_exc,958.40145
2S->5F,14,2,2,0,5,3,5.0,2.857218,0.814,5.592906627055898e-09,8.233580084755972e-09,0.6792800421545497,-32.071995784545024,3,3,False,excited_exc,958.40145
2S->5F,14,2,2,0,5,3,10.0,2.857218,0.977,6.720164795056079e-09,9.298893551137776e-09,0.7226843449814334,-27.731565501856657,3,3,False,excited_exc,958.40145
2S->5G,15,2,2,0,5,4,1.0,2.857218,0.254,2.4354562900342337e-10,5.842299530445969e-10,0.41686604347181155,-58.31339565281885,3,4,False,excited_exc,958.40145
2S->5G,15,2,2,0,5,4,3.0,2.857218,0.252,1.283504079876568e-09,2.24822284558588e-09,0.5708971788079534,-42.91028211920466,3,4,False,excited_exc,958.40145
2S->5G,15,2,2,0,5,4,5.0,2.857218,0.247,1.5897062326932461e-09,2.4983959225242326e-09,0.6362907569458007,-36.370924305419926,3,4,False,excited_exc,958.40145
2S->5G,15,2,2,0,5,4,10.0,2.857218,0.236,1.5444094008473672e-09,2.246201512864396e-09,0.6875649366284634,-31.243506337153658,3,4,False,excited_exc,958.40145
2P->3S,4,3,2,1,3,0,1.0,1.8896944444444446,2.22,4.269803068631582e-09,4.478906161759793e-09,0.9533138035099951,-4.668619649000494,1,1,True,excited_exc,958.40145
2P->3S,4,3,2,1,3,0,3.0,1.8896944444444446,2.28,9.097461507162213e-09,9.360860830562905e-09,0.9718616345047347,-2.813836549526527,1,1,True,excited_exc,958.40145
2P->3S,4,3,2,1,3,0,5.0,1.8896944444444446,2.35,9.519679738926121e-09,9.614992393221494e-09,0.9900870795943044,-0.991292040569558,1,1,True,excited_exc,958.40145
2P->3S,4,3,2,1,3,0,10.0,1.8896944444444446,2.68,9.642591589088195e-09,9.366325920681916e-09,1.029495628354791,2.9495628354790915,1,1,True,excited_exc,958.40145
2P->3P,5,3,2,1,3,1,1.0,1.8896944444444446,7.92,1.557414580746369e-08,1.5978800360872775e-08,0.9746755360684047,-2.5324463931595265,1,0,False,excited_exc,958.40145
2P->3P,5,3,2,1,3,1,3.0,1.8896944444444446,10.7,4.237336729321319e-08,4.393035565220311e-08,0.9645578020966504,-3.544219790334957,1,0,False,excited_exc,958.40145
2P->3P,5,3,2,1,3,1,5.0,1.8896944444444446,13.3,5.1157196433679707e-08,5.441676545950888e-08,0.9400999122548989,-5.990008774510114,1,0,False,excited_exc,958.40145
2P->3P,5,3,2,1,3,1,10.0,1.8896944444444446,17.7,5.720095229709376e-08,6.18596898492798e-08,0.9246886370827757,-7.531136291722429,1,0,False,excited_exc,958.40145
2P->3D,6,3,2,1,3,2,1.0,1.8896944444444446,17.8,3.40668918486952e-08,3.591195030600194e-08,0.9486227163497055,-5.137728365029448,1,1,True,excited_exc,958.40145
2P->3D,6,3,2,1,3,2,3.0,1.8896944444444446,36.9,1.4642975776340153e-07,1.5149814238937335e-07,0.966544905792011,-3.345509420798898,1,1,True,excited_exc,958.40145
2P->3D,6,3,2,1,3,2,5.0,1.8896944444444446,55.8,2.2283523919313645e-07,2.2830492576245078e-07,0.9760421876529922,-2.395781234700778,1,1,True,excited_exc,958.40145
2P->3D,6,3,2,1,3,2,10.0,1.8896944444444446,94.4,3.405416015147513e-07,3.299183458628257e-07,1.0321996511716949,3.2199651171694876,1,1,True,excited_exc,958.40145
2P->4S,7,3,2,1,4,0,1.0,2.5510875,0.771,7.77600390676339e-10,8.028492625194513e-10,0.9685509185573916,-3.1449081442608384,2,1,True,excited_exc,958.40145
2P->4S,7,3,2,1,4,0,3.0,2.5510875,0.758,2.346615243673355e-09,2.496339770338714e-09,0.9400223765833592,-5.997762341664082,2,1,True,excited_exc,958.40145
2P->4S,7,3,2,1,4,0,5.0,2.5510875,0.742,2.504240243824322e-09,2.6597273374507704e-09,0.9415402129996244,-5.845978700037557,2,1,True,excited_exc,958.40145
2P->4S,7,3,2,1,4,0,10.0,2.5510875,0.751,2.3607400460987402e-09,2.4566906527080155e-09,0.9609431466255188,-3.905685337448117,2,1,True,excited_exc,958.40145
2P->4P,8,3,2,1,4,1,1.0,2.5510875,2.26,2.2863376568565943e-09,2.353358408941582e-09,0.9715212303275428,-2.8478769672457216,2,0,False,excited_exc,958.40145
2P->4P,8,3,2,1,4,1,3.0,2.5510875,2.69,7.970609577541317e-09,8.859042192890686e-09,0.8997145971307904,-10.028540286920961,2,0,False,excited_exc,958.40145
2P->4P,8,3,2,1,4,1,5.0,2.5510875,3.08,9.713418981369003e-09,1.104037762715414e-08,0.8798085816809886,-12.019141831901138,2,0,False,excited_exc,958.40145
2P->4P,8,3,2,1,4,1,10.0,2.5510875,3.77,1.0975896646578655e-08,1.233252165207619e-08,0.8899961383591696,-11.000386164083043,2,0,False,excited_exc,958.40145
2P->4D,9,3,2,1,4,2,1.0,2.5510875,4.31,4.256112382889987e-09,4.488041921477088e-09,0.9483227780299411,-5.167722197005887,2,1,True,excited_exc,958.40145
2P->4D,9,3,2,1,4,2,3.0,2.5510875,7.62,2.1807501187033556e-08,2.5095130672798153e-08,0.8689933306731803,-13.100666932681971,2,1,True,excited_exc,958.40145
2P->4D,9,3,2,1,4,2,5.0,2.5510875,10.6,3.2449770301669886e-08,3.799610482072529e-08,0.8540288657159902,-14.597113428400977,2,1,True,excited_exc,958.40145
2P->4D,9,3,2,1,4,2,10.0,2.5510875,16.3,4.7589564195331824e-08,5.3320982209241886e-08,0.8925110195566378,-10.748898044336219,2,1,True,excited_exc,958.40145
2P->4F,10,3,2,1,4,3,1.0,2.5510875,3.21,3.0186732001602485e-09,3.342601987921451e-09,0.9030908289614723,-9.690917103852769,2,2,False,excited_exc,958.40145
2P->4F,10,3,2,1,4,3,3.0,2.5510875,4.93,1.4133285648107648e-08,1.6236088479907466e-08,0.8704858726039781,-12.951412739602187,2,2,False,excited_exc,958.40145
2P->4F,10,3,2,1,4,3,5.0,2.5510875,6.09,1.8655465072597444e-08,2.182983758096387e-08,0.8545856103329622,-14.54143896670378,2,2,False,excited_exc,958.40145
2P->4F,10,3,2,1,4,3,10.0,2.5510875,7.62,2.1233575702373693e-08,2.4926741376344976e-08,0.8518392108213538,-14.816078917864617,2,2,False,excited_exc,958.40145
2P->5S,11,3,2,1,5,0,1.0,2.857218,0.51,2.385979111118988e-10,3.910200473133129e-10,0.6101935508199591,-38.980644918004096,3,1,True,excited_exc,958.40145
2P->5S,11,3,2,1,5,0,3.0,2.857218,0.475,9.088183340542754e-10,1.4125738778482713e-09,0.6433775594368554,-35.662244056314464,3,1,True,excited_exc,958.40145
2P->5S,11,3,2,1,5,0,5.0,2.857218,0.438,1.008527599051654e-09,1.4767846343665507e-09,0.682921243614002,-31.707875638599802,3,1,True,excited_exc,958.40145
2P->5S,11,3,2,1,5,0,10.0,2.857218,0.403,9.614349285702457e-10,1.2785582057688583e-09,0.7519680560746069,-24.803194392539307,3,1,True,excited_exc,958.40145
2P->5P,12,3,2,1,5,1,1.0,2.857218,1.4,6.709331691706644e-10,1.0733883651738e-09,0.6250609666912393,-37.493903330876066,3,0,False,excited_exc,958.40145
2P->5P,12,3,2,1,5,1,3.0,2.857218,1.37,2.8905997530129622e-09,4.074160447688699e-09,0.7094958065907346,-29.05041934092654,3,0,False,excited_exc,958.40145
2P->5P,12,3,2,1,5,1,5.0,2.857218,1.4,3.600205056648072e-09,4.720316182906783e-09,0.7627042166550497,-23.729578334495027,3,0,False,excited_exc,958.40145
2P->5P,12,3,2,1,5,1,10.0,2.857218,1.53,4.1145926893454794e-09,4.854079540512043e-09,0.847656626762124,-15.234337323787594,3,0,False,excited_exc,958.40145
2P->5D,13,3,2,1,5,2,1.0,2.857218,2.48,1.1667618042269312e-09,1.9014308183078743e-09,0.6136230637437856,-38.63769362562144,3,1,True,excited_exc,958.40145
2P->5D,13,3,2,1,5,2,3.0,2.857218,3.44,7.099996005163577e-09,1.0230008715364323e-08,0.6940361638695558,-30.59638361304442,3,1,True,excited_exc,958.40145
2P->5D,13,3,2,1,5,2,5.0,2.857218,4.27,1.0740316285607956e-08,1.4396964357865688e-08,0.7460125633873681,-25.39874366126319,3,1,True,excited_exc,958.40145
2P->5D,13,3,2,1,5,2,10.0,2.857218,5.9,1.5788391474191935e-08,1.8718345940536636e-08,0.8434715078109779,-15.65284921890221,3,1,True,excited_exc,958.40145
2P->5F,14,3,2,1,5,3,1.0,2.857218,2.02,1.0391812355017485e-09,1.5487460697507687e-09,0.6709823229246213,-32.901767707537864,3,2,False,excited_exc,958.40145
2P->5F,14,3,2,1,5,3,3.0,2.857218,2.9,5.972808801294595e-09,8.624135254231551e-09,0.6925690083958219,-30.74309916041781,3,2,False,excited_exc,958.40145
2P->5F,14,3,2,1,5,3,5.0,2.857218,3.47,8.156351667135322e-09,1.16996408247761e-08,0.6971454755997959,-30.28545244002041,3,2,False,excited_exc,958.40145
2P->5F,14,3,2,1,5,3,10.0,2.857218,4.17,9.598723534867215e-09,1.322974619865047e-08,0.7255410187571364,-27.445898124286362,3,2,False,excited_exc,958.40145
2P->5G,15,3,2,1,5,4,1.0,2.857218,0.909,3.0468996691530094e-10,6.96935731387846e-10,0.4371851710179291,-56.28148289820709,3,3,False,excited_exc,958.40145
2P->5G,15,3,2,1,5,4,3.0,2.857218,0.915,1.4257557746420849e-09,2.7210633646971966e-09,0.5239700747655117,-47.602992523448826,3,3,False,excited_exc,958.40145
2P->5G,15,3,2,1,5,4,5.0,2.857218,0.888,1.6976403482503865e-09,2.9940291217294453e-09,0.5670086292513334,-43.29913707486666,3,3,False,excited_exc,958.40145
2P->5G,15,3,2,1,5,4,10.0,2.857218,0.814,1.5836784401436235e-09,2.5824972195926815e-09,0.6132352933930382,-38.67647066069618,3,3,False,excited_exc,958.40145
3S->4S,7,4,3,0,4,0,1.0,0.6613930555555555,4.31,8.31064258161197e-08,8.909678422565065e-08,0.9327657169493402,-6.7234283050659815,1,0,False,excited_exc,956.5117556
3S->4S,7,4,3,0,4,0,3.0,0.6613930555555555,10.8,1.6225795383673576e-07,2.0032760099700788e-07,0.8099630456771619,-19.003695432283806,1,0,False,excited_exc,956.5117556
3S->4S,7,4,3,0,4,0,5.0,0.6613930555555555,15.4,1.7914229424380145e-07,2.416640009594779e-07,0.7412866357113732,-25.87133642886268,1,0,False,excited_exc,956.5117556
3S->4S,7,4,3,0,4,0,10.0,0.6613930555555555,22.2,1.8145447634265448e-07,2.6318016359943994e-07,0.6894686661067211,-31.05313338932789,1,0,False,excited_exc,956.5117556
3S->4P,8,4,3,0,4,1,1.0,0.6613930555555555,5.95,1.292679032763366e-07,1.2299904086835765e-07,1.0509667584699975,5.096675846999754,1,1,True,excited_exc,956.5117556
3S->4P,8,4,3,0,4,1,3.0,0.6613930555555555,15.2,3.9868552346711876e-07,2.819425495513444e-07,1.414066532708694,41.40665327086941,1,1,True,excited_exc,956.5117556
3S->4P,8,4,3,0,4,1,5.0,0.6613930555555555,25.7,6.344223582819425e-07,4.032964171856222e-07,1.5730919771348766,57.309197713487656,1,1,True,excited_exc,956.5117556
3S->4P,8,4,3,0,4,1,10.0,0.6613930555555555,48.8,9.589001152795113e-07,5.785221614257958e-07,1.6574993651345276,65.74993651345275,1,1,True,excited_exc,956.5117556
3S->4D,9,4,3,0,4,2,1.0,0.6613930555555555,10.1,2.008356347510787e-07,2.0878828786057347e-07,0.9619104443501857,-3.808955564981431,1,2,False,excited_exc,956.5117556
3S->4D,9,4,3,0,4,2,3.0,0.6613930555555555,22.9,4.30587169466927e-07,4.247687095214333e-07,1.0136979485895963,1.3697948589596276,1,2,False,excited_exc,956.5117556
3S->4D,9,4,3,0,4,2,5.0,0.6613930555555555,32.4,5.21706273052743e-07,5.084359500705899e-07,1.026100284569395,2.610028456939495,1,2,False,excited_exc,956.5117556
3S->4D,9,4,3,0,4,2,10.0,0.6613930555555555,47.2,5.749257421898115e-07,5.595542217069174e-07,1.0274710115420154,2.7471011542015367,1,2,False,excited_exc,956.5117556
3S->4F,10,4,3,0,4,3,1.0,0.6613930555555555,10.6,2.0659999434873436e-07,2.1912434171505732e-07,0.9428436509230488,-5.715634907695122,1,3,False,excited_exc,956.5117556
3S->4F,10,4,3,0,4,3,3.0,0.6613930555555555,19.6,3.316418499238298e-07,3.6355749810568095e-07,0.9122129282214013,-8.778707177859868,1,3,False,excited_exc,956.5117556
3S->4F,10,4,3,0,4,3,5.0,0.6613930555555555,24.8,3.476611422001822e-07,3.8917319635032805e-07,0.8933326998378961,-10.66673001621039,1,3,False,excited_exc,956.5117556
3S->4F,10,4,3,0,4,3,10.0,0.6613930555555555,31.7,3.314499200198286e-07,3.7580230568028134e-07,0.8819794743404632,-11.80205256595368,1,3,False,excited_exc,956.5117556
3S->5S,11,4,3,0,5,0,1.0,0.9675235555555554,1.59,1.4208747904957441e-08,2.4200876564939986e-08,0.5871170768062911,-41.28829231937089,2,0,False,excited_exc,956.5117556
3S->5S,11,4,3,0,5,0,3.0,0.9675235555555554,2.91,3.1732928505460136e-08,4.8740849561309796e-08,0.651054070478278,-34.8945929521722,2,0,False,excited_exc,956.5117556
3S->5S,11,4,3,0,5,0,5.0,0.9675235555555554,3.58,3.588164074160541e-08,5.284259170450732e-08,0.6790287831121805,-32.09712168878195,2,0,False,excited_exc,956.5117556
3S->5S,11,4,3,0,5,0,10.0,0.9675235555555554,4.53,3.629588758018773e-08,5.2083876618237885e-08,0.6968737724003866,-30.31262275996134,2,0,False,excited_exc,956.5117556
3S->5P,12,4,3,0,5,1,1.0,0.9675235555555554,3.46,3.061934674044281e-08,5.266354271364298e-08,0.5814144883289553,-41.85855116710447,2,1,True,excited_exc,956.5117556
3S->5P,12,4,3,0,5,1,3.0,0.9675235555555554,5.57,6.71677686679665e-08,9.329434091288508e-08,0.7199554443573953,-28.004455564260468,2,1,True,excited_exc,956.5117556
3S->5P,12,4,3,0,5,1,5.0,0.9675235555555554,7.36,9.717716395525847e-08,1.0863728350423852e-07,0.8945102530243871,-10.548974697561286,2,1,True,excited_exc,956.5117556
3S->5P,12,4,3,0,5,1,10.0,0.9675235555555554,11.2,1.472969962035084e-07,1.2877249848217755e-07,1.143854456034296,14.385445603429602,2,1,True,excited_exc,956.5117556
3S->5D,13,4,3,0,5,2,1.0,0.9675235555555554,4.26,3.5064478653833575e-08,6.484008438153731e-08,0.5407839762746808,-45.92160237253192,2,2,False,excited_exc,956.5117556
3S->5D,13,4,3,0,5,2,3.0,0.9675235555555554,6.14,6.364877541269235e-08,1.0284151763107976e-07,0.6189015572583989,-38.10984427416011,2,2,False,excited_exc,956.5117556
3S->5D,13,4,3,0,5,2,5.0,0.9675235555555554,7.14,7.328045840429997e-08,1.0538997339949225e-07,0.6953266619256308,-30.467333807436926,2,2,False,excited_exc,956.5117556
3S->5D,13,4,3,0,5,2,10.0,0.9675235555555554,8.66,8.069751006694568e-08,9.956873543354086e-08,0.8104703722064327,-18.95296277935673,2,2,False,excited_exc,956.5117556
3S->5F,14,4,3,0,5,3,1.0,0.9675235555555554,3.41,2.9032870616453593e-08,5.190250885939959e-08,0.5593731643127635,-44.06268356872365,2,3,False,excited_exc,956.5117556
3S->5F,14,4,3,0,5,3,3.0,0.9675235555555554,4.12,4.216527153751887e-08,6.900766329642487e-08,0.6110230302451547,-38.89769697548453,2,3,False,excited_exc,956.5117556
3S->5F,14,4,3,0,5,3,5.0,0.9675235555555554,4.45,4.060588328519633e-08,6.568422711873117e-08,0.6181983874423446,-38.18016125576554,2,3,False,excited_exc,956.5117556
3S->5F,14,4,3,0,5,3,10.0,0.9675235555555554,4.73,3.4839261640437666e-08,5.438338551970534e-08,0.640623258509972,-35.937674149002795,2,3,False,excited_exc,956.5117556
3S->5G,15,4,3,0,5,4,1.0,0.9675235555555554,4.82,4.640829206360779e-08,7.336366354906336e-08,0.6325787156549421,-36.742128434505794,2,4,False,excited_exc,956.5117556
3S->5G,15,4,3,0,5,4,3.0,0.9675235555555554,6.71,8.720035748928125e-08,1.1238869434927448e-07,0.7758819336247958,-22.411806637520414,2,4,False,excited_exc,956.5117556
3S->5G,15,4,3,0,5,4,5.0,0.9675235555555554,7.83,9.030725883410004e-08,1.1557471872801462e-07,0.7813755449980611,-21.862445500193893,2,4,False,excited_exc,956.5117556
3S->5G,15,4,3,0,5,4,10.0,0.9675235555555554,9.16,8.1459599590346e-08,1.0531750768720949e-07,0.7734668373683802,-22.653316263161983,2,4,False,excited_exc,956.5117556
3P->4S,7,5,3,1,4,0,1.0,0.6613930555555555,4.88,3.353918340207876e-08,3.362662853992075e-08,0.9973995270522533,-0.2600472947746679,1,1,True,excited_exc,956.5117556
3P->4S,7,5,3,1,4,0,3.0,0.6613930555555555,7.63,5.35089364454579e-08,4.717591344466574e-08,1.1342427213035393,13.42427213035393,1,1,True,excited_exc,956.5117556
3P->4S,7,5,3,1,4,0,5.0,0.6613930555555555,9.79,6.508260285239284e-08,5.120975258427031e-08,1.27090250524631,27.09025052463101,1,1,True,excited_exc,956.5117556
3P->4S,7,5,3,1,4,0,10.0,0.6613930555555555,14.1,7.957372691944093e-08,5.5718322924205755e-08,1.4281428934551017,42.81428934551017,1,1,True,excited_exc,956.5117556
3P->4P,8,5,3,1,4,1,1.0,0.6613930555555555,20.7,1.3790692836849535e-07,1.4263754319187694e-07,0.9668347146373804,-3.3165285362619645,1,0,False,excited_exc,956.5117556
3P->4P,8,5,3,1,4,1,3.0,0.6613930555555555,44.9,2.3693363344374464e-07,2.776144840977053e-07,0.8534627946874587,-14.653720531254134,1,0,False,excited_exc,956.5117556
3P->4P,8,5,3,1,4,1,5.0,0.6613930555555555,61.9,2.588131745948281e-07,3.2378791470544765e-07,0.7993293228077163,-20.06706771922837,1,0,False,excited_exc,956.5117556
3P->4P,8,5,3,1,4,1,10.0,0.6613930555555555,87.0,2.585035350852586e-07,3.437939074046738e-07,0.751914241403291,-24.8085758596709,1,0,False,excited_exc,956.5117556
3P->4D,9,5,3,1,4,2,1.0,0.6613930555555555,31.3,2.1556386458963088e-07,2.1567899043022942e-07,0.9994662167123052,-0.05337832876948223,1,1,True,excited_exc,956.5117556
3P->4D,9,5,3,1,4,2,3.0,0.6613930555555555,82.4,6.361478311095963e-07,5.094751333997978e-07,1.2486337200885431,24.863372008854313,1,1,True,excited_exc,956.5117556
3P->4D,9,5,3,1,4,2,5.0,0.6613930555555555,134.0,9.60509572683773e-07,7.009302192331177e-07,1.3703355146175022,37.03355146175022,1,1,True,excited_exc,956.5117556
3P->4D,9,5,3,1,4,2,10.0,0.6613930555555555,238.0,1.3940247563604239e-06,9.404936777277283e-07,1.4822266107396336,48.22266107396336,1,1,True,excited_exc,956.5117556
3P->4F,10,5,3,1,4,3,1.0,0.6613930555555555,40.9,2.609367927370363e-07,2.8182973509892595e-07,0.925866792038264,-7.413320796173595,1,2,False,excited_exc,956.5117556
3P->4F,10,5,3,1,4,3,3.0,0.6613930555555555,87.9,5.054262300840855e-07,5.434813619641048e-07,0.9299789568818136,-7.002104311818636,1,2,False,excited_exc,956.5117556
3P->4F,10,5,3,1,4,3,5.0,0.6613930555555555,119.0,5.85770602819531e-07,6.224678812592613e-07,0.9410455068533157,-5.895449314668433,1,2,False,excited_exc,956.5117556
3P->4F,10,5,3,1,4,3,10.0,0.6613930555555555,167.0,6.257324739204582e-07,6.599262360526497e-07,0.948185478521476,-5.1814521478523945,1,2,False,excited_exc,956.5117556
3P->5S,11,5,3,1,5,0,1.0,0.9675235555555554,2.58,7.903554074696746e-09,1.3089782292986405e-08,0.6037956856571651,-39.62043143428349,2,1,True,excited_exc,956.5117556
3P->5S,11,5,3,1,5,0,3.0,0.9675235555555554,3.01,1.169000814401676e-08,1.6805264281734536e-08,0.6956158467988216,-30.43841532011784,2,1,True,excited_exc,956.5117556
3P->5S,11,5,3,1,5,0,5.0,0.9675235555555554,3.24,1.2589662519271482e-08,1.5941340514208916e-08,0.7897493004462204,-21.025069955377962,2,1,True,excited_exc,956.5117556
3P->5S,11,5,3,1,5,0,10.0,0.9675235555555554,3.77,1.3887498005850847e-08,1.4448580930887183e-08,0.9611669182101551,-3.8833081789844903,2,1,True,excited_exc,956.5117556
3P->5P,12,5,3,1,5,1,1.0,0.9675235555555554,9.77,2.6162207525450277e-08,4.9568671706386504e-08,0.527797228064102,-47.2202771935898,2,0,False,excited_exc,956.5117556
3P->5P,12,5,3,1,5,1,3.0,0.9675235555555554,14.0,4.756364361578545e-08,7.816401991504436e-08,0.6085107146162886,-39.148928538371145,2,0,False,excited_exc,956.5117556
3P->5P,12,5,3,1,5,1,5.0,0.9675235555555554,15.9,5.213107914348286e-08,7.823065252343263e-08,0.6663766370588294,-33.36233629411706,2,0,False,excited_exc,956.5117556
3P->5P,12,5,3,1,5,1,10.0,0.9675235555555554,18.8,5.189038409192107e-08,7.205127891264697e-08,0.7201868568472126,-27.981314315278738,2,0,False,excited_exc,956.5117556
3P->5D,13,5,3,1,5,2,1.0,0.9675235555555554,15.3,4.5543718341704873e-08,7.762545313282636e-08,0.5867111431062975,-41.32888568937025,2,1,True,excited_exc,956.5117556
3P->5D,13,5,3,1,5,2,3.0,0.9675235555555554,26.7,1.0205209498884371e-07,1.490699522665489e-07,0.6845919881047957,-31.54080118952043,2,1,True,excited_exc,956.5117556
3P->5D,13,5,3,1,5,2,5.0,0.9675235555555554,35.6,1.4074224756919587e-07,1.7515793898328315e-07,0.8035162344689848,-19.64837655310152,2,1,True,excited_exc,956.5117556
3P->5D,13,5,3,1,5,2,10.0,0.9675235555555554,52.1,2.0169700976900725e-07,1.996740229440908e-07,1.0101314472212688,1.0131447221268797,2,1,True,excited_exc,956.5117556
3P->5F,14,5,3,1,5,3,1.0,0.9675235555555554,12.5,3.412515249427304e-08,6.341948785361631e-08,0.5380862200123735,-46.19137799876265,2,2,False,excited_exc,956.5117556
3P->5F,14,5,3,1,5,3,3.0,0.9675235555555554,16.5,5.18560626704909e-08,9.212188061415942e-08,0.5629071217910032,-43.709287820899675,2,2,False,excited_exc,956.5117556
3P->5F,14,5,3,1,5,3,5.0,0.9675235555555554,18.3,5.334319059535792e-08,9.003905290432813e-08,0.5924450432862532,-40.755495671374675,2,2,False,excited_exc,956.5117556
3P->5F,14,5,3,1,5,3,10.0,0.9675235555555554,20.4,5.18633155885244e-08,7.818330264989351e-08,0.6633553947032581,-33.66446052967419,2,2,False,excited_exc,956.5117556
3P->5G,15,5,3,1,5,4,1.0,0.9675235555555554,18.6,5.339891954182099e-08,9.436819792618107e-08,0.5658571501343276,-43.41428498656724,2,3,False,excited_exc,956.5117556
3P->5G,15,5,3,1,5,4,3.0,0.9675235555555554,24.7,1.0254414060242923e-07,1.3790366370725682e-07,0.7435925764823108,-25.64074235176892,2,3,False,excited_exc,956.5117556
3P->5G,15,5,3,1,5,4,5.0,0.9675235555555554,28.6,1.0868556215930956e-07,1.407167712056713e-07,0.7723710630089359,-22.762893699106414,2,3,False,excited_exc,956.5117556
3P->5G,15,5,3,1,5,4,10.0,0.9675235555555554,33.6,1.0078357016989865e-07,1.2877249848217757e-07,0.7826482467748914,-21.73517532251086,2,3,False,excited_exc,956.5117556
3D->4S,7,6,3,2,4,0,1.0,0.6613930555555555,4.27,1.6887825675081155e-08,1.765397998345839e-08,0.9566016099998349,-4.33983900001651,1,2,False,excited_exc,956.5117556
3D->4S,7,6,3,2,4,0,3.0,0.6613930555555555,4.35,1.5654563038239646e-08,1.6137501191425633e-08,0.970073548100335,-2.992645189966503,1,2,False,excited_exc,956.5117556
3D->4S,7,6,3,2,4,0,5.0,0.6613930555555555,4.56,1.4031273827279255e-08,1.4311530446431417e-08,0.9804174249426941,-1.9582575057305873,1,2,False,excited_exc,956.5117556
3D->4S,7,6,3,2,4,0,10.0,0.6613930555555555,4.93,1.1607147228076259e-08,1.1688992851758908e-08,0.9929980602503035,-0.700193974969654,1,2,False,excited_exc,956.5117556
3D->4P,8,6,3,2,4,1,1.0,0.6613930555555555,15.5,6.347709210247317e-08,6.408353389779978e-08,0.9905366986113193,-0.9463301388680678,1,1,True,excited_exc,956.5117556
3D->4P,8,6,3,2,4,1,3.0,0.6613930555555555,19.7,7.184936011597692e-08,7.308247666001953e-08,0.9831270558908521,-1.6872944109147858,1,1,True,excited_exc,956.5117556
3D->4P,8,6,3,2,4,1,5.0,0.6613930555555555,21.9,6.93798142915778e-08,6.873300806509825e-08,1.009410416402363,0.9410416402362953,1,1,True,excited_exc,956.5117556
3D->4P,8,6,3,2,4,1,10.0,0.6613930555555555,25.2,6.326247553245668e-08,5.974901011446745e-08,1.0588037427106844,5.880374271068445,1,1,True,excited_exc,956.5117556
3D->4D,9,6,3,2,4,2,1.0,0.6613930555555555,46.1,1.777679307825668e-07,1.9059683307668192e-07,0.9326908947697272,-6.730910523027278,1,0,False,excited_exc,956.5117556
3D->4D,9,6,3,2,4,2,3.0,0.6613930555555555,83.0,2.558888025915571e-07,3.0791094227317875e-07,0.8310480969024232,-16.89519030975768,1,0,False,excited_exc,956.5117556
3D->4D,9,6,3,2,4,2,5.0,0.6613930555555555,107.0,2.6189494898561974e-07,3.358188065281056e-07,0.7798698104291578,-22.013018957084217,1,0,False,excited_exc,956.5117556
3D->4D,9,6,3,2,4,2,10.0,0.6613930555555555,141.0,2.445281047295698e-07,3.3430993754523454e-07,0.7314413281432395,-26.855867185676054,1,0,False,excited_exc,956.5117556
3D->4F,10,6,3,2,4,3,1.0,0.6613930555555555,112.0,4.489105614341082e-07,4.630552126808758e-07,0.9694536399560721,-3.0546360043927856,1,1,True,excited_exc,956.5117556
3D->4F,10,6,3,2,4,3,3.0,0.6613930555555555,327.0,1.3135257595411873e-06,1.2130949171485475e-06,1.0827889400680275,8.278894006802751,1,1,True,excited_exc,956.5117556
3D->4F,10,6,3,2,4,3,5.0,0.6613930555555555,518.0,1.9035672330430582e-06,1.6257396428183058e-06,1.1708930402552795,17.08930402552795,1,1,True,excited_exc,956.5117556
3D->4F,10,6,3,2,4,3,10.0,0.6613930555555555,871.0,2.661408454826164e-06,2.0651344368929027e-06,1.2887337537358514,28.87337537358514,1,1,True,excited_exc,956.5117556
3D->5S,11,6,3,2,5,0,1.0,0.9675235555555554,2.92,4.813820785877432e-09,8.88887541756286e-09,0.5415556591519064,-45.84443408480936,2,2,False,excited_exc,956.5117556
3D->5S,11,6,3,2,5,0,3.0,0.9675235555555554,2.53,4.872963670117576e-09,8.475213016502665e-09,0.5749665124202892,-42.50334875797108,2,2,False,excited_exc,956.5117556
3D->5S,11,6,3,2,5,0,5.0,0.9675235555555554,2.27,4.167028550373763e-09,6.701267216158191e-09,0.6218269494352001,-37.81730505647999,2,2,False,excited_exc,956.5117556
3D->5S,11,6,3,2,5,0,10.0,0.9675235555555554,1.95,3.2135783584749256e-09,4.48404235786154e-09,0.716669937972552,-28.333006202744805,2,2,False,excited_exc,956.5117556
3D->5P,12,6,3,2,5,1,1.0,0.9675235555555554,8.88,1.5137362171412047e-08,2.7031922502725415e-08,0.5599809695328132,-44.00190304671868,2,1,True,excited_exc,956.5117556
3D->5P,12,6,3,2,5,1,3.0,0.9675235555555554,8.76,1.8913155482345048e-08,2.9345006333819507e-08,0.6445101857261496,-35.54898142738504,2,1,True,excited_exc,956.5117556
3D->5P,12,6,3,2,5,1,5.0,0.9675235555555554,8.51,1.7579083519410895e-08,2.5122371810355154e-08,0.6997382115077605,-30.02617884922395,2,1,True,excited_exc,956.5117556
3D->5P,12,6,3,2,5,1,10.0,0.9675235555555554,8.32,1.4799205722211952e-08,1.913191406020924e-08,0.7735350302974389,-22.646496970256113,2,1,True,excited_exc,956.5117556
3D->5D,13,6,3,2,5,2,1.0,0.9675235555555554,21.0,3.298660951487548e-08,6.392684375644524e-08,0.5160056022873757,-48.39943977126243,2,0,False,excited_exc,956.5117556
3D->5D,13,6,3,2,5,2,3.0,0.9675235555555554,27.3,5.113051808994254e-08,9.145190330060189e-08,0.5590973642383015,-44.09026357616985,2,0,False,excited_exc,956.5117556
3D->5D,13,6,3,2,5,2,5.0,0.9675235555555554,29.4,5.2943029953145746e-08,8.679174279958185e-08,0.610000770181571,-38.99992298184291,2,0,False,excited_exc,956.5117556
3D->5D,13,6,3,2,5,2,10.0,0.9675235555555554,32.0,4.98181162443734e-08,7.358428484695861e-08,0.6770211377060422,-32.29788622939578,2,0,False,excited_exc,956.5117556
3D->5F,14,6,3,2,5,3,1.0,0.9675235555555554,40.1,6.967590579519578e-08,1.2206983022064065e-07,0.5707872753591686,-42.92127246408314,2,1,True,excited_exc,956.5117556
3D->5F,14,6,3,2,5,3,3.0,0.9675235555555554,78.1,1.6251801936930286e-07,2.616261409442127e-07,0.6211841782429419,-37.88158217570581,2,1,True,excited_exc,956.5117556
3D->5F,14,6,3,2,5,3,5.0,0.9675235555555554,106.0,2.16058887531697e-07,3.129226100937305e-07,0.6904547020970467,-30.954529790295325,2,1,True,excited_exc,956.5117556
3D->5F,14,6,3,2,5,3,10.0,0.9675235555555554,150.0,2.9096922132807486e-07,3.449263352201185e-07,0.8435691671451809,-15.643083285481907,2,1,True,excited_exc,956.5117556
3D->5G,15,6,3,2,5,4,1.0,0.9675235555555554,38.7,6.300188194857887e-08,1.1780804063687765e-07,0.5347842270186887,-46.521577298131135,2,2,False,excited_exc,956.5117556
3D->5G,15,6,3,2,5,4,3.0,0.9675235555555554,53.2,1.26218705407938e-07,1.7821396540630113e-07,0.7082425056879144,-29.175749431208565,2,2,False,excited_exc,956.5117556
3D->5G,15,6,3,2,5,4,5.0,0.9675235555555554,61.8,1.4070348572238675e-07,1.824397858848353e-07,0.7712324646730593,-22.87675353269407,2,2,False,excited_exc,956.5117556
3D->5G,15,6,3,2,5,4,10.0,0.9675235555555554,74.3,1.4010536169559363e-07,1.7085351137903203e-07,0.8200320881013397,-17.996791189866034,2,2,False,excited_exc,956.5117556
4S->5S,11,7,4,0,5,0,1.0,0.30613049999999997,15.8,2.2417054858469496e-07,4.6594044873937325e-07,0.4811141621020462,-51.888583789795376,1,0,False,excited_exc,955.8503625
4S->5S,11,7,4,0,5,0,3.0,0.30613049999999997,43.4,3.408789758708439e-07,9.062255171941951e-07,0.37615248015334457,-62.38475198466554,1,0,False,excited_exc,955.8503625
4S->5S,11,7,4,0,5,0,5.0,0.30613049999999997,57.6,3.9302155145343624e-07,9.704461410713386e-07,0.4049905861025468,-59.50094138974532,1,0,False,excited_exc,955.8503625
4S->5S,11,7,4,0,5,0,10.0,0.30613049999999997,75.1,4.715025554372785e-07,9.225055164559644e-07,0.5111108248421901,-48.888917515780996,1,0,False,excited_exc,955.8503625
4S->5P,12,7,4,0,5,1,1.0,0.30613049999999997,17.3,7.178791643261744e-07,5.101753014677948e-07,1.4071225366277187,40.71225366277187,1,1,True,excited_exc,955.8503625
4S->5P,12,7,4,0,5,1,3.0,0.30613049999999997,42.5,2.347462087636621e-06,8.874328221371727e-07,2.6452279305866915,164.52279305866915,1,1,True,excited_exc,955.8503625
4S->5P,12,7,4,0,5,1,5.0,0.30613049999999997,63.0,3.1165188079544916e-06,1.0614254667967767e-06,2.9361635889137645,193.61635889137645,1,1,True,excited_exc,955.8503625
4S->5P,12,7,4,0,5,1,10.0,0.30613049999999997,106.0,3.7317709798172067e-06,1.3020717009897767e-06,2.8660257165411713,186.60257165411713,1,1,True,excited_exc,955.8503625
4S->5D,13,7,4,0,5,2,1.0,0.30613049999999997,25.4,7.034306837432699e-07,7.490435062012709e-07,0.9391052427791228,-6.089475722087723,1,2,False,excited_exc,955.8503625
4S->5D,13,7,4,0,5,2,3.0,0.30613049999999997,61.6,1.50311102542558e-06,1.286255572791761e-06,1.1685943736384705,16.85943736384705,1,2,False,excited_exc,955.8503625
4S->5D,13,7,4,0,5,2,5.0,0.30613049999999997,84.3,1.6931231453258323e-06,1.420288362713782e-06,1.192098161031706,19.209816103170606,1,2,False,excited_exc,955.8503625
4S->5D,13,7,4,0,5,2,10.0,0.30613049999999997,115.0,1.6650092140966913e-06,1.4126249586209841e-06,1.1786633132420983,17.866331324209828,1,2,False,excited_exc,955.8503625
4S->5F,14,7,4,0,5,3,1.0,0.30613049999999997,34.8,6.587862194973317e-07,1.0262485832993789e-06,0.6419363010269311,-35.80636989730689,1,3,False,excited_exc,955.8503625
4S->5F,14,7,4,0,5,3,3.0,0.30613049999999997,63.0,8.751394069703927e-07,1.3154886539915736e-06,0.6652580425646137,-33.47419574353863,1,3,False,excited_exc,955.8503625
4S->5F,14,7,4,0,5,3,5.0,0.30613049999999997,76.3,8.983798697491004e-07,1.285504176453874e-06,0.6988541042529516,-30.11458957470484,1,3,False,excited_exc,955.8503625
4S->5F,14,7,4,0,5,3,10.0,0.30613049999999997,90.8,8.521236105519802e-07,1.1153595325459596e-06,0.7639900728753286,-23.60099271246714,1,3,False,excited_exc,955.8503625
4S->5G,15,7,4,0,5,4,1.0,0.30613049999999997,27.6,4.801291037278052e-07,8.139212902029559e-07,0.5898962338337191,-41.010376616628086,1,4,False,excited_exc,955.8503625
4S->5G,15,7,4,0,5,4,3.0,0.30613049999999997,41.2,5.24173999466087e-07,8.60287818165918e-07,0.609300734472324,-39.0699265527676,1,4,False,excited_exc,955.8503625
4S->5G,15,7,4,0,5,4,5.0,0.30613049999999997,47.4,5.040129569246065e-07,7.985963035899558e-07,0.6311235785326087,-36.88764214673913,1,4,False,excited_exc,955.8503625
4S->5G,15,7,4,0,5,4,10.0,0.30613049999999997,54.0,4.553307398889117e-07,6.633195457872447e-07,0.6864425189649936,-31.355748103500638,1,4,False,excited_exc,955.8503625
4P->5S,11,8,4,1,5,0,1.0,0.30613049999999997,18.1,1.3602837326958203e-07,1.779224076409843e-07,0.7645376154310087,-23.546238456899125,1,1,True,excited_exc,955.8503625
4P->5S,11,8,4,1,5,0,3.0,0.30613049999999997,29.5,2.8127588271682877e-07,2.053275941415419e-07,1.3698883673810163,36.988836738101625,1,1,True,excited_exc,955.8503625
4P->5S,11,8,4,1,5,0,5.0,0.30613049999999997,34.5,3.4238119161602113e-07,1.9375226774861798e-07,1.767108047789357,76.71080477893571,1,1,True,excited_exc,955.8503625
4P->5S,11,8,4,1,5,0,10.0,0.30613049999999997,44.6,3.857020969676305e-07,1.8261760334636492e-07,2.1120751225503804,111.20751225503804,1,1,True,excited_exc,955.8503625
4P->5P,12,8,4,1,5,1,1.0,0.30613049999999997,75.4,3.945820139277372e-07,7.411795323828849e-07,0.5323703592558201,-46.76296407441799,1,0,False,excited_exc,955.8503625
4P->5P,12,8,4,1,5,1,3.0,0.30613049999999997,175.0,6.150974596923398e-07,1.2180450499921977e-06,0.504987446643521,-49.5012553356479,1,0,False,excited_exc,955.8503625
4P->5P,12,8,4,1,5,1,5.0,0.30613049999999997,227.0,6.781871429960247e-07,1.274833761708298e-06,0.5319808459475084,-46.80191540524916,1,0,False,excited_exc,955.8503625
4P->5P,12,8,4,1,5,1,10.0,0.30613049999999997,289.0,7.294342642372234e-07,1.183329313163665e-06,0.6164254160890005,-38.357458391099954,1,0,False,excited_exc,955.8503625
4P->5D,13,8,4,1,5,2,1.0,0.30613049999999997,70.5,9.298624095509865e-07,6.930126927452704e-07,1.3417682234180588,34.17682234180588,1,1,True,excited_exc,955.8503625
4P->5D,13,8,4,1,5,2,3.0,0.30613049999999997,186.0,2.906246119865398e-06,1.294607881705993e-06,2.2448852358566205,124.48852358566205,1,1,True,excited_exc,955.8503625
4P->5D,13,8,4,1,5,2,5.0,0.30613049999999997,279.0,3.836078063712716e-06,1.5668661652714325e-06,2.4482487073477532,144.82487073477532,1,1,True,excited_exc,955.8503625
4P->5D,13,8,4,1,5,2,10.0,0.30613049999999997,455.0,4.576835266168131e-06,1.8630271193407184e-06,2.4566659382756413,145.66659382756413,1,1,True,excited_exc,955.8503625
4P->5F,14,8,4,1,5,3,1.0,0.30613049999999997,115.0,8.702616106177638e-07,1.130446236392994e-06,0.7698390092345989,-23.016099076540108,1,2,False,excited_exc,955.8503625
4P->5F,14,8,4,1,5,3,3.0,0.30613049999999997,241.0,1.6012401483192204e-06,1.6774220402749695e-06,0.954583944811372,-4.541605518862801,1,2,False,excited_exc,955.8503625
4P->5F,14,8,4,1,5,3,5.0,0.30613049999999997,315.0,1.769387526783037e-06,1.7690424446612947e-06,1.0001950671804307,0.019506718043071913,1,2,False,excited_exc,955.8503625
4P->5F,14,8,4,1,5,3,10.0,0.30613049999999997,414.0,1.7414613114528498e-06,1.695149950345181e-06,1.027319920044972,2.731992004497208,1,2,False,excited_exc,955.8503625
4P->5G,15,8,4,1,5,4,1.0,0.30613049999999997,99.4,5.992406579597927e-07,9.770987469344663e-07,0.6132856682498474,-38.67143317501526,1,3,False,excited_exc,955.8503625
4P->5G,15,8,4,1,5,4,3.0,0.30613049999999997,163.0,7.399976748560619e-07,1.1345219608498757e-06,0.6522550469642088,-34.77449530357912,1,3,False,excited_exc,955.8503625
4P->5G,15,8,4,1,5,4,5.0,0.30613049999999997,195.0,7.404492786487495e-07,1.095121513361754e-06,0.6761343555161766,-32.38656444838234,1,3,False,excited_exc,955.8503625
4P->5G,15,8,4,1,5,4,10.0,0.30613049999999997,232.0,6.910586975100539e-07,9.499391026088937e-07,0.7274768410018538,-27.252315899814615,1,3,False,excited_exc,955.8503625
4D->5S,11,9,4,2,5,0,1.0,0.30613049999999997,16.0,5.1278669454553464e-08,9.436768582063253e-08,0.543392253488343,-45.6607746511657,1,2,False,excited_exc,955.8503625
4D->5S,11,9,4,2,5,0,3.0,0.30613049999999997,19.0,5.954099027594846e-08,7.934693468520603e-08,0.750388033415104,-24.961196658489605,1,2,False,excited_exc,955.8503625
4D->5S,11,9,4,2,5,0,5.0,0.30613049999999997,20.2,5.8038053404236436e-08,6.806601406125362e-08,0.8526730146414498,-14.732698535855015,1,2,False,excited_exc,955.8503625
4D->5S,11,9,4,2,5,0,10.0,0.30613049999999997,21.8,5.1020437856528014e-08,5.355691147467384e-08,0.9526396584809548,-4.736034151904523,1,2,False,excited_exc,955.8503625
4D->5P,12,9,4,2,5,1,1.0,0.30613049999999997,60.5,2.0648831527521024e-07,3.5682781200926676e-07,0.5786777496756552,-42.13222503243448,1,1,True,excited_exc,955.8503625
4D->5P,12,9,4,2,5,1,3.0,0.30613049999999997,84.1,2.7441527587014896e-07,3.5121458984346456e-07,0.7813322219684984,-21.86677780315016,1,1,True,excited_exc,955.8503625
4D->5P,12,9,4,2,5,1,5.0,0.30613049999999997,90.0,2.909560674841939e-07,3.0326441908479336e-07,0.959413795928503,-4.0586204071497045,1,1,True,excited_exc,955.8503625
4D->5P,12,9,4,2,5,1,10.0,0.30613049999999997,97.7,2.9131937977650566e-07,2.400234060126438e-07,1.2137123817048066,21.371238170480655,1,1,True,excited_exc,955.8503625
4D->5D,13,9,4,2,5,2,1.0,0.30613049999999997,159.0,4.7618466898592757e-07,9.377788778425357e-07,0.5077792646401283,-49.222073535987164,1,0,False,excited_exc,955.8503625
4D->5D,13,9,4,2,5,2,3.0,0.30613049999999997,335.0,6.13551874068709e-07,1.3990117431338958e-06,0.4385609177906576,-56.14390822093425,1,0,False,excited_exc,955.8503625
4D->5D,13,9,4,2,5,2,5.0,0.30613049999999997,418.0,6.357988273200644e-07,1.4084947464160403e-06,0.45140305204394604,-54.85969479560539,1,0,False,excited_exc,955.8503625
4D->5D,13,9,4,2,5,2,10.0,0.30613049999999997,510.0,6.517639989243702e-07,1.2529369198203513e-06,0.5201889964403168,-47.98110035596832,1,0,False,excited_exc,955.8503625
4D->5F,14,9,4,2,5,3,1.0,0.30613049999999997,195.0,1.430799402923774e-06,1.150106170938959e-06,1.244058539183086,24.40585391830861,1,1,True,excited_exc,955.8503625
4D->5F,14,9,4,2,5,3,3.0,0.30613049999999997,537.0,4.492457284223252e-06,2.242594943471349e-06,2.003240619667725,100.3240619667725,1,1,True,excited_exc,955.8503625
4D->5F,14,9,4,2,5,3,5.0,0.30613049999999997,810.0,5.9533886466602e-06,2.7293797717631403e-06,2.181223993909208,118.12239939092079,1,1,True,excited_exc,955.8503625
4D->5F,14,9,4,2,5,3,10.0,0.30613049999999997,1300.0,7.155152045761057e-06,3.19376077601266e-06,2.2403531596671766,124.03531596671766,1,1,True,excited_exc,955.8503625
4D->5G,15,9,4,2,5,4,1.0,0.30613049999999997,261.0,1.046610591636442e-06,1.5393728749490681e-06,0.6798941365463973,-32.01058634536027,1,2,False,excited_exc,955.8503625
4D->5G,15,9,4,2,5,4,3.0,0.30613049999999997,479.0,1.7243419247792675e-06,2.0003779849586153e-06,0.8620080493512038,-13.79919506487962,1,2,False,excited_exc,955.8503625
4D->5G,15,9,4,2,5,4,5.0,0.30613049999999997,611.0,1.8733832972862838e-06,2.0588284451200972e-06,0.9099268575420348,-9.007314245796517,1,2,False,excited_exc,955.8503625
4D->5G,15,9,4,2,5,4,10.0,0.30613049999999997,792.0,1.8483410950027046e-06,1.9457373343092513e-06,0.9499437886146523,-5.0056211385347655,1,2,False,excited_exc,955.8503625
4F->5S,11,10,4,3,5,0,1.0,0.30613049999999997,10.8,2.1162176585842865e-08,4.549870566351927e-08,0.46511601324102364,-53.48839867589763,1,3,False,excited_exc,955.8503625
4F->5S,11,10,4,3,5,0,3.0,0.30613049999999997,9.56,1.554039087711604e-08,2.8517169007164275e-08,0.5449485842445259,-45.50514157554741,1,3,False,excited_exc,955.8503625
4F->5S,11,10,4,3,5,0,5.0,0.30613049999999997,8.72,1.2590996086281716e-08,2.098782328904285e-08,0.599919101322676,-40.0080898677324,1,3,False,excited_exc,955.8503625
4F->5S,11,10,4,3,5,0,10.0,0.30613049999999997,7.69,9.072545987238167e-09,1.3494516685460088e-08,0.6723135180538586,-32.76864819461414,1,3,False,excited_exc,955.8503625
4F->5P,12,10,4,3,5,1,1.0,0.30613049999999997,40.5,8.203500800929809e-08,1.7062014623819726e-07,0.4808049331687459,-51.91950668312542,1,2,False,excited_exc,955.8503625
4F->5P,12,10,4,3,5,1,3.0,0.30613049999999997,39.7,6.504102636478807e-08,1.1842380853393534e-07,0.5492225522045259,-45.077744779547416,1,2,False,excited_exc,955.8503625
4F->5P,12,10,4,3,5,1,5.0,0.30613049999999997,37.0,5.4452451499540816e-08,8.905383735029649e-08,0.6114554197743342,-38.85445802256658,1,2,False,excited_exc,955.8503625
4F->5P,12,10,4,3,5,1,10.0,0.30613049999999997,33.2,4.105733145689533e-08,5.825981195803316e-08,0.7047281835799701,-29.527181642002986,1,2,False,excited_exc,955.8503625
4F->5D,13,10,4,3,5,2,1.0,0.30613049999999997,103.0,2.1090338743550423e-07,4.3392284105023005e-07,0.48603891633141866,-51.39610836685813,1,1,True,excited_exc,955.8503625
4F->5D,13,10,4,3,5,2,3.0,0.30613049999999997,132.0,2.0863141776653534e-07,3.9375170595666154e-07,0.5298552732861009,-47.0144726713899,1,1,True,excited_exc,955.8503625
4F->5D,13,10,4,3,5,2,5.0,0.30613049999999997,132.0,1.9232974209024405e-07,3.17705581898355e-07,0.6053709882622615,-39.462901173773844,1,1,True,excited_exc,955.8503625
4F->5D,13,10,4,3,5,2,10.0,0.30613049999999997,126.0,1.6476305185093576e-07,2.2110651526241497e-07,0.7451750196297503,-25.48249803702497,1,1,True,excited_exc,955.8503625
4F->5F,14,10,4,3,5,3,1.0,0.30613049999999997,271.0,5.554952336788069e-07,1.1416804847049742e-06,0.4865592791685096,-51.34407208314904,1,0,False,excited_exc,955.8503625
4F->5F,14,10,4,3,5,3,3.0,0.30613049999999997,528.0,6.144978645479653e-07,1.5750068238266462e-06,0.3901556839321988,-60.98443160678012,1,0,False,excited_exc,955.8503625
4F->5F,14,10,4,3,5,3,5.0,0.30613049999999997,650.0,5.918912834587951e-07,1.5644593048025059e-06,0.3783360050605562,-62.16639949394438,1,0,False,excited_exc,955.8503625
4F->5F,14,10,4,3,5,3,10.0,0.30613049999999997,764.0,5.535788396239991e-07,1.34067760048004e-06,0.4129097401387074,-58.70902598612926,1,0,False,excited_exc,955.8503625
4F->5G,15,10,4,3,5,4,1.0,0.30613049999999997,733.0,2.697779992160219e-06,3.0880140047555207e-06,0.8736294550496391,-12.637054495036093,1,1,True,excited_exc,955.8503625
4F->5G,15,10,4,3,5,4,3.0,0.30613049999999997,1760.0,7.641389152550077e-06,5.2500227460888206e-06,1.4554963896571276,45.54963896571276,1,1,True,excited_exc,955.8503625
4F->5G,15,10,4,3,5,4,5.0,0.30613049999999997,2460.0,1.0007085884808486e-05,5.920876753560252e-06,1.6901358196302896,69.01358196302895,1,1,True,excited_exc,955.8503625
4F->5G,15,10,4,3,5,4,10.0,0.30613049999999997,3640.0,1.2032655910091519e-05,6.387521552025322e-06,1.8837753911415402,88.37753911415402,1,1,True,excited_exc,955.8503625
