label,Te_eV,Te_match,n_lower,n_upper,K_stored,K_Anderson2002,pct_err
1S->2S,1.0,exact,1,2,3.960331767114874e-13,4.3875585825013597e-13,-9.737233300778458
1S->2S,3.0,interp,1,2,2.2498611799230198e-10,2.5121763384416016e-10,-10.441749430746805
1S->2S,5.0,interp,1,2,6.953613558015583e-10,7.88860535936553e-10,-11.85243473030254
1S->2S,10.0,exact,1,2,1.4625427093233442e-09,1.7028000557064159e-09,-14.109545367814757
1S->2P,1.0,exact,1,2,6.796180930819734e-13,7.841278682916282e-13,-13.328154684432947
1S->2P,3.0,interp,1,2,5.882481797879151e-10,6.573271216842595e-10,-10.509066128192678
1S->2P,5.0,interp,1,2,2.4388932333305552e-09,2.6760755643865365e-09,-8.863065535683145
1S->2P,10.0,exact,1,2,7.81702249749311e-09,8.262917160398426e-09,-5.39633466304551
1S->3S,1.0,exact,1,3,1.377083735144781e-14,1.559037591575963e-14,-11.67090886161718
1S->3S,3.0,interp,1,3,2.681263062429368e-11,3.185172460349752e-11,-15.82047453295673
1S->3S,5.0,interp,1,3,1.0430248904298192e-10,1.2964456168356055e-10,-19.547347232685432
1S->3S,10.0,exact,1,3,2.542753455572686e-10,3.2878022592242275e-10,-22.660997983112875
1S->3P,1.0,exact,1,3,2.4507666314106138e-14,2.8223956399220024e-14,-13.16714790991027
1S->3P,3.0,interp,1,3,6.255347994919115e-11,7.634562855992962e-11,-18.065407110915245
1S->3P,5.0,interp,1,3,3.1177322166367246e-10,3.8749850540104814e-10,-19.542084080815357
1S->3P,10.0,exact,1,3,1.1242837336605247e-09,1.3377954020291684e-09,-15.959964284881611
1S->3D,1.0,exact,1,3,1.2729749881910319e-14,1.473917723070379e-14,-13.633239612639636
1S->3D,3.0,interp,1,3,2.777920380622511e-11,3.2098000824658584e-11,-13.45503429333722
1S->3D,5.0,interp,1,3,1.2117903165064717e-10,1.4303957174680667e-10,-15.282861818724324
1S->3D,10.0,exact,1,3,3.3880632289160017e-10,4.119200531671733e-10,-17.749495251181845
1S->4S,1.0,exact,1,4,2.840485724928823e-15,2.9481404765527896e-15,-3.651615398932595
1S->4S,3.0,interp,1,4,8.380818330319792e-12,1.0503050712155456e-11,-20.205866276352914
1S->4S,5.0,interp,1,4,3.5379628812993686e-11,4.750013066699475e-11,-25.51677581473042
1S->4S,10.0,exact,1,4,9.07643375604198e-11,1.2769376830587446e-10,-28.920307729500806
1S->4P,1.0,exact,1,4,4.844585116728412e-15,5.537879561838377e-15,-12.519131869307332
1S->4P,3.0,interp,1,4,1.8051942600970705e-11,2.4364443658291654e-11,-25.908660775731253
1S->4P,5.0,interp,1,4,9.604547090791665e-11,1.3216212826757949e-10,-27.327539162005586
1S->4P,10.0,exact,1,4,3.6438661635757837e-10,4.704507253374322e-10,-22.545211064087322
1S->4D,1.0,exact,1,4,3.0397473751111223e-15,3.6880659294915286e-15,-17.578822254671287
1S->4D,3.0,interp,1,4,1.0555526779596086e-11,1.330166924047274e-11,-20.64509657570659
1S->4D,5.0,interp,1,4,5.064631156524423e-11,6.594135786712211e-11,-23.194921664638457
1S->4D,10.0,exact,1,4,1.506425725075134e-10,2.0126801708045033e-10,-25.153248542564544
1S->4F,1.0,exact,1,4,8.339238093200735e-16,1.3179922130471296e-15,-36.72771348230617
1S->4F,3.0,interp,1,4,2.0211864611914126e-12,3.4571170055684107e-12,-41.53549162681307
1S->4F,5.0,interp,1,4,7.905175544051816e-12,1.4669158000101318e-11,-46.1102297487203
1S->4F,10.0,exact,1,4,1.7806652010408957e-11,3.749456908704347e-11,-52.50871674489473
1S->5S,1.0,exact,1,5,7.907415244131728e-16,1.4641502738200866e-15,-45.99314438195854
1S->5S,3.0,interp,1,5,3.3063425358719547e-12,5.708330095232525e-12,-42.078638048045946
1S->5S,5.0,interp,1,5,1.5085151051083316e-11,2.5361973177236105e-11,-40.520593781626005
1S->5S,10.0,exact,1,5,4.1166887603084975e-11,6.655323229572601e-11,-38.14442036389467
1S->5P,1.0,exact,1,5,1.4505968438859234e-15,2.6814380014728333e-15,-45.902279184185716
1S->5P,3.0,interp,1,5,7.394740861067274e-12,1.201127790871844e-11,-38.435019843311025
1S->5P,5.0,interp,1,5,4.1434881818575e-11,6.268218241213275e-11,-33.89687432045303
1S->5P,10.0,exact,1,5,1.6297182097466353e-10,2.1749870760562006e-10,-25.069981900686745
1S->5D,1.0,exact,1,5,1.0499798104254256e-15,1.889775353418949e-15,-44.438908649865695
1S->5D,3.0,interp,1,5,4.8903862729280196e-12,7.343528820429344e-12,-33.40550037301957
1S->5D,5.0,interp,1,5,2.4843425395957757e-11,3.6137526547875276e-11,-31.2531106326688
1S->5D,10.0,exact,1,5,7.652008178233639e-11,1.0737712220908373e-10,-28.737071539934554
1S->5F,1.0,exact,1,5,4.174183741689404e-16,7.780426455067205e-16,-46.35019345281699
1S->5F,3.0,interp,1,5,1.3978329225693243e-12,2.830380338886128e-12,-50.61324786055328
1S->5F,5.0,interp,1,5,5.8148994373589724e-12,1.3035791394724463e-11,-55.392816122293574
1S->5F,10.0,exact,1,5,1.3521926175890442e-11,3.533496353845247e-11,-61.73216321229392
1S->5G,1.0,exact,1,5,6.857301792515795e-17,3.4305381415668307e-16,-80.01100261959525
1S->5G,3.0,interp,1,5,1.6269379034562018e-13,8.473302485110781e-13,-80.79924673626317
1S->5G,5.0,interp,1,5,5.765442036695716e-13,3.088115905000251e-12,-81.33022783451761
1S->5G,10.0,exact,1,5,1.1099188985195856e-12,6.037819012395762e-12,-81.61722144633849
2S->3S,1.0,exact,2,3,8.592607432273626e-09,8.776235046691486e-09,-2.0923278996166417
2S->3S,3.0,interp,2,3,2.7346625104890154e-08,2.8082582491688716e-08,-2.620689842240742
2S->3S,5.0,interp,2,3,3.593233836353694e-08,3.792807637666521e-08,-5.261901482449338
2S->3S,10.0,exact,2,3,4.308401664047328e-08,4.718111937656935e-08,-8.683776032093748
2S->3P,1.0,exact,2,3,1.7759544927401334e-08,1.846035647752347e-08,-3.796305618341722
2S->3P,3.0,interp,2,3,6.389714726892654e-08,6.503334892812125e-08,-1.7471061815538813
2S->3P,5.0,interp,2,3,9.629427873857818e-08,9.50043078172779e-08,1.3578025575232688
2S->3P,10.0,exact,2,3,1.5414939955316046e-07,1.4154335812970805e-07,8.906134198045823
2S->3D,1.0,exact,2,3,1.780284995545837e-08,1.864193375435157e-08,-4.501055576905111
2S->3D,3.0,interp,2,3,7.735210950733526e-08,8.079900927433245e-08,-4.266017365750274
2S->3D,5.0,interp,2,3,1.0926707021304668e-07,1.1513441955117142e-07,-5.096086262472543
2S->3D,10.0,exact,2,3,1.4140535886441088e-07,1.4888264336606326e-07,-5.022267426611782
2S->4S,1.0,exact,2,4,1.0548265844319967e-09,1.2120837115079654e-09,-12.974114376994928
2S->4S,3.0,interp,2,4,4.483435811976107e-09,5.01902613455963e-09,-10.671200113814816
2S->4S,5.0,interp,2,4,6.1741282384612175e-09,6.860806096874359e-09,-10.008705226722226
2S->4S,10.0,exact,2,4,7.760794957398415e-09,8.63603638235574e-09,-10.134758426279078
2S->4P,1.0,exact,2,4,2.7660773399032846e-09,2.8209061636383835e-09,-1.9436599643704922
2S->4P,3.0,interp,2,4,1.2826740166429806e-08,1.4325960423447764e-08,-10.465059323800274
2S->4P,5.0,interp,2,4,1.864073192415906e-08,2.0969548415211597e-08,-11.105706450803588
2S->4P,10.0,exact,2,4,2.7779969359100807e-08,2.953916989873952e-08,-5.955484008756051
2S->4D,1.0,exact,2,4,2.320654800531356e-09,2.3554410270025925e-09,-1.476845570423957
2S->4D,3.0,interp,2,4,9.70860664522018e-09,1.1065569430525171e-08,-12.262927758256259
2S->4D,5.0,interp,2,4,1.275917627167557e-08,1.516259654638377e-08,-15.850980848536844
2S->4D,10.0,exact,2,4,1.564358039826317e-08,1.8940397974939293e-08,-17.406274044707303
2S->4F,1.0,exact,2,4,2.05040402556142e-09,2.3054581935383466e-09,-11.063057603550707
2S->4F,3.0,interp,2,4,1.0853412962705876e-08,1.2745164790515597e-08,-14.84289814139933
2S->4F,5.0,interp,2,4,1.475521495094602e-08,1.7420855606483483e-08,-15.301433613544202
2S->4F,10.0,exact,2,4,1.6938201659035408e-08,2.0019902522733762e-08,-15.39318615662042
2S->5S,1.0,exact,2,5,3.113939395014697e-10,4.899251181043273e-10,-36.44050325356868
2S->5S,3.0,interp,2,5,1.5629224537064919e-09,2.0787139802440875e-09,-24.813010901914943
2S->5S,5.0,interp,2,5,2.2001360357639774e-09,2.6703502977586942e-09,-17.60871082679234
2S->5S,10.0,exact,2,5,2.8342956754521562e-09,3.207499617946193e-09,-11.635354230626682
2S->5P,1.0,exact,2,5,7.906004766764293e-10,1.1914610853429182e-09,-33.6444566757391
2S->5P,3.0,interp,2,5,4.612936133324737e-09,6.369964729159993e-09,-27.583019224455818
2S->5P,5.0,interp,2,5,6.832049235768625e-09,8.779788100206615e-09,-22.184349351121057
2S->5P,10.0,exact,2,5,1.0129578781236892e-08,1.1516541654940336e-08,-12.043223697354222
2S->5D,1.0,exact,2,5,6.931443058676811e-10,1.1201574296563727e-09,-38.12081342170672
2S->5D,3.0,interp,2,5,3.46105736412491e-09,4.960364691054561e-09,-30.22574790989616
2S->5D,5.0,interp,2,5,4.540852650518416e-09,6.160012618693351e-09,-26.285010573864508
2S->5D,10.0,exact,2,5,5.3670105209570735e-09,6.833782568799307e-09,-21.463545746085167
2S->5F,1.0,exact,2,5,6.317041470953311e-10,1.0603543635966898e-09,-40.42518531704724
2S->5F,3.0,interp,2,5,3.977537460258118e-09,6.030946998476409e-09,-34.04787902690972
2S->5F,5.0,interp,2,5,5.592124568493753e-09,8.233580084755972e-09,-32.08149418686934
2S->5F,10.0,exact,2,5,6.720164795056078e-09,9.298893551137776e-09,-27.73156550185667
2S->5G,1.0,exact,2,5,2.4354562900342337e-10,5.842299530445969e-10,-58.31339565281885
2S->5G,3.0,interp,2,5,1.2831343482563172e-09,2.24822284558588e-09,-42.92672762508397
2S->5G,5.0,interp,2,5,1.5894497998416272e-09,2.4983959225242326e-09,-36.38118820512081
2S->5G,10.0,exact,2,5,1.5444094008473672e-09,2.246201512864396e-09,-31.243506337153658
2P->3S,1.0,exact,2,3,4.269803068631581e-09,4.478906161759793e-09,-4.6686196490005045
2P->3S,3.0,interp,2,3,9.096273632199741e-09,9.360860830562905e-09,-2.8265263542781804
2P->3S,5.0,interp,2,3,9.519452085597415e-09,9.614992393221494e-09,-0.9936597317688478
2P->3S,10.0,exact,2,3,9.642591589088194e-09,9.366325920681916e-09,2.9495628354790693
2P->3P,1.0,exact,2,3,1.557414580746369e-08,1.5978800360872775e-08,-2.5324463931595265
2P->3P,3.0,interp,2,3,4.236779385811109e-08,4.393035565220311e-08,-3.556906769575985
2P->3P,5.0,interp,2,3,5.1153582579005625e-08,5.441676545950888e-08,-5.996649843018265
2P->3P,10.0,exact,2,3,5.720095229709376e-08,6.18596898492798e-08,-7.531136291722429
2P->3D,1.0,exact,2,3,3.406689184869521e-08,3.591195030600194e-08,-5.137728365029426
2P->3D,3.0,interp,2,3,1.4641203540568095e-07,1.5149814238937335e-07,-3.357207490122438
2P->3D,5.0,interp,2,3,2.228193563702334e-07,2.2830492576245078e-07,-2.402738081054401
2P->3D,10.0,exact,2,3,3.4054160151475107e-07,3.299183458628257e-07,3.2199651171694432
2P->4S,1.0,exact,2,4,7.776003906763391e-10,8.028492625194513e-10,-3.1449081442608273
2P->4S,3.0,interp,2,4,2.3461254876244978e-09,2.496339770338714e-09,-6.017381307586767
2P->4S,5.0,interp,2,4,2.504050108283559e-09,2.6597273374507704e-09,-5.853127385471812
2P->4S,10.0,exact,2,4,2.36074004609874e-09,2.4566906527080155e-09,-3.905685337448128
2P->4P,1.0,exact,2,4,2.2863376568565943e-09,2.353358408941582e-09,-2.8478769672457216
2P->4P,3.0,interp,2,4,7.969250456840668e-09,8.859042192890686e-09,-10.043881908182684
2P->4P,5.0,interp,2,4,9.7127321792681e-09,1.104037762715414e-08,-12.025362652638405
2P->4P,10.0,exact,2,4,1.0975896646578651e-08,1.233252165207619e-08,-11.000386164083075
2P->4D,1.0,exact,2,4,4.256112382889987e-09,4.488041921477088e-09,-5.167722197005887
2P->4D,3.0,interp,2,4,2.1803911748228102e-08,2.5095130672798153e-08,-13.114970260495863
2P->4D,5.0,interp,2,4,3.2447268133934086e-08,3.799610482072529e-08,-14.60369875536437
2P->4D,10.0,exact,2,4,4.758956419533183e-08,5.3320982209241886e-08,-10.748898044336197
2P->4F,1.0,exact,2,4,3.018673200160249e-09,3.342601987921451e-09,-9.690917103852758
2P->4F,3.0,interp,2,4,1.413016060314766e-08,1.6236088479907466e-08,-12.970660263190481
2P->4F,5.0,interp,2,4,1.8653144305628563e-08,2.182983758096387e-08,-14.552070135901774
2P->4F,10.0,exact,2,4,2.1233575702373703e-08,2.4926741376344976e-08,-14.816078917864573
2P->5S,1.0,exact,2,5,2.385979111118988e-10,3.910200473133129e-10,-38.980644918004096
2P->5S,3.0,interp,2,5,9.085970970967292e-10,1.4125738778482713e-09,-35.67790603060237
2P->5S,5.0,interp,2,5,1.0084298306006107e-09,1.4767846343665507e-09,-31.714495998046132
2P->5S,10.0,exact,2,5,9.614349285702457e-10,1.2785582057688583e-09,-24.803194392539307
2P->5P,1.0,exact,2,5,6.709331691706642e-10,1.0733883651738e-09,-37.49390333087609
2P->5P,3.0,interp,2,5,2.889998995466474e-09,4.074160447688699e-09,-29.065164895359207
2P->5P,5.0,interp,2,5,3.5999177258419696e-09,4.720316182906783e-09,-23.73566544381077
2P->5P,10.0,exact,2,5,4.114592689345479e-09,4.854079540512043e-09,-15.234337323787607
2P->5D,1.0,exact,2,5,1.1667618042269312e-09,1.9014308183078743e-09,-38.63769362562144
2P->5D,3.0,interp,2,5,7.098612471586441e-09,1.0230008715364323e-08,-30.609907878913887
2P->5D,5.0,interp,2,5,1.0739375054548693e-08,1.4396964357865688e-08,-25.405281366267285
2P->5D,10.0,exact,2,5,1.5788391474191935e-08,1.8718345940536636e-08,-15.65284921890221
2P->5F,1.0,exact,2,5,1.0391812355017487e-09,1.5487460697507687e-09,-32.90176770753786
2P->5F,3.0,interp,2,5,5.971334072752989e-09,8.624135254231551e-09,-30.760199176803592
2P->5F,5.0,interp,2,5,8.155288469030482e-09,1.16996408247761e-08,-30.294539882282645
2P->5F,10.0,exact,2,5,9.598723534867218e-09,1.322974619865047e-08,-27.445898124286337
2P->5G,1.0,exact,2,5,3.046899669153009e-10,6.96935731387846e-10,-56.28148289820709
2P->5G,3.0,interp,2,5,1.4253605900294917e-09,2.7210633646971966e-09,-47.617515691770464
2P->5G,5.0,interp,2,5,1.69737838068947e-09,2.9940291217294453e-09,-43.30788674129492
2P->5G,10.0,exact,2,5,1.5836784401436237e-09,2.5824972195926815e-09,-38.67647066069617
3S->4S,1.0,exact,3,4,8.310642581611968e-08,8.909678422565065e-08,-6.723428305065992
3S->4S,3.0,interp,3,4,1.6223811382911813e-07,2.0032760099700788e-07,-19.01359921364938
3S->4S,5.0,interp,3,4,1.79130877814624e-07,2.416640009594779e-07,-25.876060520631462
3S->4S,10.0,exact,3,4,1.8145447634265446e-07,2.6318016359943994e-07,-31.053133389327904
3S->4P,1.0,exact,3,4,1.292679032763366e-07,1.2299904086835765e-07,5.096675846999754
3S->4P,3.0,interp,3,4,3.986496259370139e-07,2.819425495513444e-07,41.393921056394504
3S->4P,5.0,interp,3,4,6.343516791764976e-07,4.032964171856222e-07,57.291672364282206
3S->4P,10.0,exact,3,4,9.589001152795113e-07,5.785221614257958e-07,65.74993651345275
3S->4D,1.0,exact,3,4,2.008356347510787e-07,2.0878828786057347e-07,-3.808955564981431
3S->4D,3.0,interp,3,4,4.3054176571454184e-07,4.247687095214333e-07,1.3591058059838623
3S->4D,5.0,interp,3,4,5.216631044633752e-07,5.084359500705899e-07,2.6015379893866486
3S->4D,10.0,exact,3,4,5.749257421898114e-07,5.595542217069174e-07,2.7471011542015145
3S->4F,1.0,exact,3,4,2.0659999434873433e-07,2.1912434171505732e-07,-5.715634907695133
3S->4F,3.0,interp,3,4,3.3161000106645873e-07,3.6355749810568095e-07,-8.78746751358035
3S->4F,5.0,interp,3,4,3.4764141153251886e-07,3.8917319635032805e-07,-10.671799909987346
3S->4F,10.0,exact,3,4,3.314499200198286e-07,3.7580230568028134e-07,-11.80205256595368
3S->5S,1.0,exact,3,5,1.4208747904957436e-08,2.4200876564939986e-08,-41.2882923193709
3S->5S,3.0,interp,3,5,3.172833278527543e-08,4.8740849561309796e-08,-34.90402184031443
3S->5S,5.0,interp,3,5,3.587875977053227e-08,5.284259170450732e-08,-32.102573675484734
3S->5S,10.0,exact,3,5,3.629588758018772e-08,5.2083876618237885e-08,-30.31262275996135
3S->5P,1.0,exact,3,5,3.0619346740442806e-08,5.266354271364298e-08,-41.85855116710449
3S->5P,3.0,interp,3,5,6.716928892450634e-08,9.329434091288508e-08,-28.002826037190598
3S->5P,5.0,interp,3,5,9.717332620345578e-08,1.0863728350423852e-07,-10.552507326212247
3S->5P,10.0,exact,3,5,1.472969962035084e-07,1.2877249848217755e-07,14.385445603429602
3S->5D,1.0,exact,3,5,3.506447865383358e-08,6.484008438153731e-08,-45.92160237253191
3S->5D,3.0,interp,3,5,6.364459783909929e-08,1.0284151763107976e-07,-38.11390642113081
3S->5D,5.0,interp,3,5,7.327708156126402e-08,1.0538997339949225e-07,-30.470537948141228
3S->5D,10.0,exact,3,5,8.069751006694568e-08,9.956873543354086e-08,-18.95296277935673
3S->5F,1.0,exact,3,5,2.9032870616453586e-08,5.190250885939959e-08,-44.062683568723656
3S->5F,3.0,interp,3,5,4.216068694650133e-08,6.900766329642487e-08,-38.90434057243961
3S->5F,5.0,interp,3,5,4.0603755792081535e-08,6.568422711873117e-08,-38.18340022683686
3S->5F,10.0,exact,3,5,3.483926164043767e-08,5.438338551970534e-08,-35.93767414900279
3S->5G,1.0,exact,3,5,4.640829206360779e-08,7.336366354906336e-08,-36.742128434505794
3S->5G,3.0,interp,3,5,8.718800970690351e-08,1.1238869434927448e-07,-22.42279331411562
3S->5G,5.0,interp,3,5,9.030029360056285e-08,1.1557471872801462e-07,-21.868472106716364
3S->5G,10.0,exact,3,5,8.1459599590346e-08,1.0531750768720949e-07,-22.653316263161983
3P->4S,1.0,exact,3,4,3.3539183402078754e-08,3.362662853992075e-08,-0.26004729477469013
3P->4S,3.0,interp,3,4,5.350882048417245e-08,4.717591344466574e-08,13.424026324227501
3P->4S,5.0,interp,3,4,6.508063297065412e-08,5.120975258427031e-08,27.086403832078698
3P->4S,10.0,exact,3,4,7.957372691944094e-08,5.5718322924205755e-08,42.81428934551019
3P->4P,1.0,exact,3,4,1.3790692836849535e-07,1.4263754319187694e-07,-3.3165285362619645
3P->4P,3.0,interp,3,4,2.3691006705962863e-07,2.776144840977053e-07,-14.66220941979055
3P->4P,5.0,interp,3,4,2.5879690730706857e-07,3.2378791470544765e-07,-20.07209177572359
3P->4P,10.0,exact,3,4,2.585035350852585e-07,3.437939074046738e-07,-24.808575859670935
3P->4D,1.0,exact,3,4,2.1556386458963085e-07,2.1567899043022942e-07,-0.05337832876949333
3P->4D,3.0,interp,3,4,6.360936791506288e-07,5.094751333997978e-07,24.852743038877676
3P->4D,5.0,interp,3,4,9.604186215660607e-07,7.009302192331177e-07,37.02057568824002
3P->4D,10.0,exact,3,4,1.3940247563604237e-06,9.404936777277283e-07,48.22266107396334
3P->4F,1.0,exact,3,4,2.6093679273703636e-07,2.8182973509892595e-07,-7.413320796173584
3P->4F,3.0,interp,3,4,5.053787790325331e-07,5.434813619641048e-07,-7.010835255485393
3P->4F,5.0,interp,3,4,5.8573107125772e-07,6.224678812592613e-07,-5.901800094042153
3P->4F,10.0,exact,3,4,6.257324739204583e-07,6.599262360526497e-07,-5.181452147852383
3P->5S,1.0,exact,3,5,7.903554074696746e-09,1.3089782292986405e-08,-39.62043143428349
3P->5S,3.0,interp,3,5,1.1689642721669865e-08,1.6805264281734536e-08,-30.44058977177042
3P->5S,5.0,interp,3,5,1.258971359753061e-08,1.5941340514208916e-08,-21.024749541551525
3P->5S,10.0,exact,3,5,1.3887498005850847e-08,1.4448580930887183e-08,-3.8833081789844903
3P->5P,1.0,exact,3,5,2.6162207525450274e-08,4.9568671706386504e-08,-47.22027719358981
3P->5P,3.0,interp,3,5,4.7558633983239393e-08,7.816401991504436e-08,-39.15533766695935
3P->5P,5.0,interp,3,5,5.2127630691463624e-08,7.823065252343263e-08,-33.3667443514552
3P->5P,10.0,exact,3,5,5.1890384091921074e-08,7.205127891264697e-08,-27.981314315278738
3P->5D,1.0,exact,3,5,4.554371834170488e-08,7.762545313282636e-08,-41.328885689370246
3P->5D,3.0,interp,3,5,1.0205097568811312e-07,1.490699522665489e-07,-31.541552045553832
3P->5D,5.0,interp,3,5,1.407373861276202e-07,1.7515793898328315e-07,-19.651152014838445
3P->5D,10.0,exact,3,5,2.0169700976900725e-07,1.996740229440908e-07,1.0131447221268797
3P->5F,1.0,exact,3,5,3.412515249427304e-08,6.341948785361631e-08,-46.19137799876265
3P->5F,3.0,interp,3,5,5.18520589503508e-08,9.212188061415942e-08,-43.71363393293451
3P->5F,5.0,interp,3,5,5.3341460476358825e-08,9.003905290432813e-08,-40.757417192029656
3P->5F,10.0,exact,3,5,5.186331558852438e-08,7.818330264989351e-08,-33.66446052967421
3P->5G,1.0,exact,3,5,5.339891954182099e-08,9.436819792618107e-08,-43.41428498656724
3P->5G,3.0,interp,3,5,1.0253020836345982e-07,1.3790366370725682e-07,-25.650845229817897
3P->5G,5.0,interp,3,5,1.0867699202997807e-07,1.407167712056713e-07,-22.768984038771013
3P->5G,10.0,exact,3,5,1.0078357016989862e-07,1.2877249848217757e-07,-21.73517532251087
3D->4S,1.0,exact,3,4,1.6887825675081152e-08,1.765397998345839e-08,-4.3398390000165215
3D->4S,3.0,interp,3,4,1.5654183956418585e-08,1.6137501191425633e-08,-2.9949942638197946
3D->4S,5.0,interp,3,4,1.4031003861543829e-08,1.4311530446431417e-08,-1.9601438569942564
3D->4S,10.0,exact,3,4,1.1607147228076257e-08,1.1688992851758908e-08,-0.7001939749696762
3D->4P,1.0,exact,3,4,6.347709210247316e-08,6.408353389779978e-08,-0.94633013886809
3D->4P,3.0,interp,3,4,7.18464085892727e-08,7.308247666001953e-08,-1.6913330352733347
3D->4P,5.0,interp,3,4,6.93782987914327e-08,6.873300806509825e-08,0.938836731433712
3D->4P,10.0,exact,3,4,6.326247553245668e-08,5.974901011446745e-08,5.880374271068445
3D->4D,1.0,exact,3,4,1.7776793078256682e-07,1.9059683307668192e-07,-6.7309105230272674
3D->4D,3.0,interp,3,4,2.5586757961078395e-07,3.0791094227317875e-07,-16.90208288090713
3D->4D,5.0,interp,3,4,2.6188148908608307e-07,3.358188065281056e-07,-22.017027040989888
3D->4D,10.0,exact,3,4,2.445281047295698e-07,3.3430993754523454e-07,-26.855867185676054
3D->4F,1.0,exact,3,4,4.489105614341083e-07,4.630552126808758e-07,-3.0546360043927634
3D->4F,3.0,interp,3,4,1.3134062322215404e-06,1.2130949171485475e-06,8.269040917983617
3D->4F,5.0,interp,3,4,1.9034058479589908e-06,1.6257396428183058e-06,17.07937715410175
3D->4F,10.0,exact,3,4,2.6614084548261646e-06,2.0651344368929027e-06,28.873375373585162
3D->5S,1.0,exact,3,5,4.813820785877431e-09,8.88887541756286e-09,-45.84443408480937
3D->5S,3.0,interp,3,5,4.872646673654816e-09,8.475213016502665e-09,-42.50708903520237
3D->5S,5.0,interp,3,5,4.166935466483797e-09,6.701267216158191e-09,-37.81869410555032
3D->5S,10.0,exact,3,5,3.2135783584749256e-09,4.48404235786154e-09,-28.333006202744805
3D->5P,1.0,exact,3,5,1.5137362171412044e-08,2.7031922502725415e-08,-44.001903046718695
3D->5P,3.0,interp,3,5,1.8911558107392808e-08,2.9345006333819507e-08,-35.55442485763708
3D->5P,5.0,interp,3,5,1.7578434017092016e-08,2.5122371810355154e-08,-30.02876420352004
3D->5P,10.0,exact,3,5,1.4799205722211955e-08,1.913191406020924e-08,-22.64649697025609
3D->5D,1.0,exact,3,5,3.298660951487548e-08,6.392684375644524e-08,-48.39943977126243
3D->5D,3.0,interp,3,5,5.112606460104116e-08,9.145190330060189e-08,-44.09513333693005
3D->5D,5.0,interp,3,5,5.2940149077499016e-08,8.679174279958185e-08,-39.00324227876425
3D->5D,10.0,exact,3,5,4.9818116244373406e-08,7.358428484695861e-08,-32.297886229395765
3D->5F,1.0,exact,3,5,6.967590579519577e-08,1.2206983022064065e-07,-42.921272464083145
3D->5F,3.0,interp,3,5,1.625101025614478e-07,2.616261409442127e-07,-37.88460817602308
3D->5F,5.0,interp,3,5,2.160497828311631e-07,3.129226100937305e-07,-30.957439359703297
3D->5F,10.0,exact,3,5,2.909692213280747e-07,3.449263352201185e-07,-15.643083285481952
3D->5G,1.0,exact,3,5,6.300188194857886e-08,1.1780804063687765e-07,-46.52157729813114
3D->5G,3.0,interp,3,5,1.2620368619069712e-07,1.7821396540630113e-07,-29.184177063244388
3D->5G,5.0,interp,3,5,1.4069270278350278e-07,1.824397858848353e-07,-22.88266394243922
3D->5G,10.0,exact,3,5,1.4010536169559363e-07,1.7085351137903203e-07,-17.996791189866034
4S->5S,1.0,exact,4,5,2.2417054858469494e-07,4.6594044873937325e-07,-51.8885837897954
4S->5S,3.0,interp,4,5,3.408772292126906e-07,9.062255171941951e-07,-62.38494472456529
4S->5S,5.0,interp,4,5,3.930216861601438e-07,9.704461410713386e-07,-59.50092750884026
4S->5S,10.0,exact,4,5,4.715025554372785e-07,9.225055164559644e-07,-48.888917515780996
4S->5P,1.0,exact,4,5,7.178791643261743e-07,5.101753014677948e-07,40.71225366277184
4S->5P,3.0,interp,4,5,2.34706824370541e-06,8.874328221371727e-07,164.4784129184054
4S->5P,5.0,interp,4,5,3.116193939173194e-06,1.0614254667967767e-06,193.5857520526054
4S->5P,10.0,exact,4,5,3.7317709798172067e-06,1.3020717009897767e-06,186.60257165411713
4S->5D,1.0,exact,4,5,7.0343068374327e-07,7.490435062012709e-07,-6.089475722087712
4S->5D,3.0,interp,4,5,1.5028917543712482e-06,1.286255572791761e-06,16.842390125415598
4S->5D,5.0,interp,4,5,1.6929690360686684e-06,1.420288362713782e-06,19.19896554203038
4S->5D,10.0,exact,4,5,1.6650092140966915e-06,1.4126249586209841e-06,17.86633132420985
4S->5F,1.0,exact,4,5,6.587862194973317e-07,1.0262485832993789e-06,-35.80636989730689
4S->5F,3.0,interp,4,5,8.750857767484135e-07,1.3154886539915736e-06,-33.47827257246577
4S->5F,5.0,interp,4,5,8.98340274384505e-07,1.285504176453874e-06,-30.117669717525118
4S->5F,10.0,exact,4,5,8.521236105519802e-07,1.1153595325459596e-06,-23.60099271246714
4S->5G,1.0,exact,4,5,4.801291037278051e-07,8.139212902029559e-07,-41.01037661662809
4S->5G,3.0,interp,4,5,5.241544127237899e-07,8.60287818165918e-07,-39.072203318971134
4S->5G,5.0,interp,4,5,5.040013795190016e-07,7.985963035899558e-07,-36.88909186614715
4S->5G,10.0,exact,4,5,4.553307398889116e-07,6.633195457872447e-07,-31.35574810350065
4P->5S,1.0,exact,4,5,1.3602837326958198e-07,1.779224076409843e-07,-23.54623845689916
4P->5S,3.0,interp,4,5,2.8124762535716465e-07,2.053275941415419e-07,36.975074652307825
4P->5S,5.0,interp,4,5,3.4235532393141795e-07,1.9375226774861798e-07,76.69745387218052
4P->5S,10.0,exact,4,5,3.8570209696763053e-07,1.8261760334636492e-07,111.20751225503808
4P->5P,1.0,exact,4,5,3.9458201392773716e-07,7.411795323828849e-07,-46.76296407441799
4P->5P,3.0,interp,4,5,6.15062658810164e-07,1.2180450499921977e-06,-49.50411244525776
4P->5P,5.0,interp,4,5,6.781681903047469e-07,1.274833761708298e-06,-46.80340208467726
4P->5P,10.0,exact,4,5,7.294342642372235e-07,1.183329313163665e-06,-38.35745839109994
4P->5D,1.0,exact,4,5,9.298624095509862e-07,6.930126927452704e-07,34.17682234180586
4P->5D,3.0,interp,4,5,2.9057809326566022e-06,1.294607881705993e-06,124.45259091327765
4P->5D,5.0,interp,4,5,3.8356867724799385e-06,1.5668661652714325e-06,144.79989787867248
4P->5D,10.0,exact,4,5,4.576835266168132e-06,1.8630271193407184e-06,145.6665938275642
4P->5F,1.0,exact,4,5,8.702616106177638e-07,1.130446236392994e-06,-23.016099076540108
4P->5F,3.0,interp,4,5,1.6010541159504045e-06,1.6774220402749695e-06,-4.5526958923257315
4P->5F,5.0,interp,4,5,1.769250940690618e-06,1.7690424446612947e-06,0.011785812711995192
4P->5F,10.0,exact,4,5,1.74146131145285e-06,1.695149950345181e-06,2.73199200449723
4P->5G,1.0,exact,4,5,5.992406579597927e-07,9.770987469344663e-07,-38.67143317501526
4P->5G,3.0,interp,4,5,7.399591421753747e-07,1.1345219608498757e-06,-34.777891683906425
4P->5G,5.0,interp,4,5,7.404238276839261e-07,1.095121513361754e-06,-32.388888479506996
4P->5G,10.0,exact,4,5,6.910586975100536e-07,9.499391026088937e-07,-27.25231589981465
4D->5S,1.0,exact,4,5,5.127866945455346e-08,9.436768582063253e-08,-45.6607746511657
4D->5S,3.0,interp,4,5,5.953719217221115e-08,7.934693468520603e-08,-24.965983363549316
4D->5S,5.0,interp,4,5,5.8035283032938045e-08,6.806601406125362e-08,-14.736768660037548
4D->5S,10.0,exact,4,5,5.102043785652801e-08,5.355691147467384e-08,-4.7360341519045335
4D->5P,1.0,exact,4,5,2.0648831527521024e-07,3.5682781200926676e-07,-42.13222503243448
4D->5P,3.0,interp,4,5,2.744026921294217e-07,3.5121458984346456e-07,-21.870360723988636
4D->5P,5.0,interp,4,5,2.909446075858504e-07,3.0326441908479336e-07,-4.062399254130211
4D->5P,10.0,exact,4,5,2.9131937977650566e-07,2.400234060126438e-07,21.371238170480655
4D->5D,1.0,exact,4,5,4.761846689859277e-07,9.377788778425357e-07,-49.22207353598716
4D->5D,3.0,interp,4,5,6.135287784421835e-07,1.3990117431338958e-06,-56.145559073876605
4D->5D,5.0,interp,4,5,6.357926590380875e-07,1.4084947464160403e-06,-54.860132729931564
4D->5D,10.0,exact,4,5,6.517639989243703e-07,1.2529369198203513e-06,-47.98110035596831
4D->5F,1.0,exact,4,5,1.430799402923774e-06,1.150106170938959e-06,24.40585391830861
4D->5F,3.0,interp,4,5,4.491756040724958e-06,2.242594943471349e-06,100.29279267757984
4D->5F,5.0,interp,4,5,5.95278846988474e-06,2.7293797717631403e-06,118.10040989786201
4D->5F,10.0,exact,4,5,7.155152045761057e-06,3.19376077601266e-06,124.03531596671766
4D->5G,1.0,exact,4,5,1.046610591636442e-06,1.5393728749490681e-06,-32.01058634536027
4D->5G,3.0,interp,4,5,1.7241826053657184e-06,2.0003779849586153e-06,-13.807159530333013
4D->5G,5.0,interp,4,5,1.8732636668784441e-06,2.0588284451200972e-06,-9.01312485173229
4D->5G,10.0,exact,4,5,1.8483410950027042e-06,1.9457373343092513e-06,-5.005621138534789
4F->5S,1.0,exact,4,5,2.1162176585842865e-08,4.549870566351927e-08,-53.48839867589763
4F->5S,3.0,interp,4,5,1.553982712794015e-08,2.8517169007164275e-08,-45.50711845191881
4F->5S,5.0,interp,4,5,1.2590722451932724e-08,2.098782328904285e-08,-40.00939364442817
4F->5S,10.0,exact,4,5,9.072545987238167e-09,1.3494516685460088e-08,-32.76864819461414
4F->5P,1.0,exact,4,5,8.203500800929807e-08,1.7062014623819726e-07,-51.91950668312542
4F->5P,3.0,interp,4,5,6.503869062852664e-08,1.1842380853393534e-07,-45.07971713315633
4F->5P,5.0,interp,4,5,5.445131193975069e-08,8.905383735029649e-08,-38.85573765275887
4F->5P,10.0,exact,4,5,4.105733145689533e-08,5.825981195803316e-08,-29.527181642002986
4F->5D,1.0,exact,4,5,2.109033874355042e-07,4.3392284105023005e-07,-51.39610836685814
4F->5D,3.0,interp,4,5,2.086231462511659e-07,3.9375170595666154e-07,-47.01657336460452
4F->5D,5.0,interp,4,5,1.9232543305033957e-07,3.17705581898355e-07,-39.46425747348968
4F->5D,10.0,exact,4,5,1.647630518509357e-07,2.2110651526241497e-07,-25.482498037024992
4F->5F,1.0,exact,4,5,5.554952336788067e-07,1.1416804847049742e-06,-51.34407208314906
4F->5F,3.0,interp,4,5,6.144738773247226e-07,1.5750068238266462e-06,-60.98595459848275
4F->5F,5.0,interp,4,5,5.918867687558053e-07,1.5644593048025059e-06,-62.16668807307046
4F->5F,10.0,exact,4,5,5.53578839623999e-07,1.34067760048004e-06,-58.70902598612927
4F->5G,1.0,exact,4,5,2.697779992160219e-06,3.0880140047555207e-06,-12.637054495036093
4F->5G,3.0,interp,4,5,7.640353101578856e-06,5.2500227460888206e-06,45.52990474699927
4F->5G,5.0,interp,4,5,1.00061641942182e-05,5.920876753560252e-06,68.99801517066612
4F->5G,10.0,exact,4,5,1.2032655910091519e-05,6.387521552025322e-06,88.37753911415402
