nu,lu,nl,ll,A_s-1,f_abs,R2_au2,Z,M_au,source
2,1,1,0,626840000.0,0.4162,1.6648,1.0,1836.152673,Hoang-Binh ba5 (ADUU v1.0)
3,1,1,0,167350000.0,0.079101,0.26697,1.0,1836.152673,Hoang-Binh ba5 (ADUU v1.0)
3,1,2,0,22461000.0,0.43487,9.3931,1.0,1836.152673,Hoang-Binh ba5 (ADUU v1.0)
3,2,2,1,64688000.0,0.69578,22.543,1.0,1836.152673,Hoang-Binh ba5 (ADUU v1.0)
3,0,2,1,6317200.0,0.01359,0.8806,1.0,1836.152673,Hoang-Binh ba5 (ADUU v1.0)
4,1,1,0,68225000.0,0.028991,0.092771,1.0,1836.152673,Hoang-Binh ba5 (ADUU v1.0)
4,1,2,0,9673500.0,0.10276,1.6442,1.0,1836.152673,Hoang-Binh ba5 (ADUU v1.0)
4,2,2,1,20637000.0,0.1218,2.9231,1.0,1836.152673,Hoang-Binh ba5 (ADUU v1.0)
4,0,2,1,2579600.0,0.0030449,0.14615,1.0,1836.152673,Hoang-Binh ba5 (ADUU v1.0)
4,1,3,0,3066900.0,0.48471,29.914,1.0,1836.152673,Hoang-Binh ba5 (ADUU v1.0)
4,2,3,1,7041600.0,0.61829,57.236,1.0,1836.152673,Hoang-Binh ba5 (ADUU v1.0)
4,3,3,2,13796000.0,1.0175,104.66,1.0,1836.152673,Hoang-Binh ba5 (ADUU v1.0)
4,0,3,1,1836500.0,0.03225,5.9709,1.0,1836.152673,Hoang-Binh ba5 (ADUU v1.0)
4,1,3,2,347730.0,0.010992,1.6959,1.0,1836.152673,Hoang-Binh ba5 (ADUU v1.0)
5,1,1,0,34395000.0,0.013938,0.043557,1.0,1836.152673,Hoang-Binh ba5 (ADUU v1.0)
5,1,2,0,4951100.0,0.04193,0.599,1.0,1836.152673,Hoang-Binh ba5 (ADUU v1.0)
5,2,2,1,9430700.0,0.044371,0.9508,1.0,1836.152673,Hoang-Binh ba5 (ADUU v1.0)
5,0,2,1,1289400.0,0.0012133,0.051997,1.0,1836.152673,Hoang-Binh ba5 (ADUU v1.0)
5,1,3,0,1638600.0,0.12102,5.1057,1.0,1836.152673,Hoang-Binh ba5 (ADUU v1.0)
5,2,3,1,3393400.0,0.13923,8.8109,1.0,1836.152673,Hoang-Binh ba5 (ADUU v1.0)
5,3,3,2,4544700.0,0.15664,11.014,1.0,1836.152673,Hoang-Binh ba5 (ADUU v1.0)
5,0,3,1,905200.0,0.0074283,0.94014,1.0,1836.152673,Hoang-Binh ba5 (ADUU v1.0)
5,1,3,2,149620.0,0.0022101,0.23309,1.0,1836.152673,Hoang-Binh ba5 (ADUU v1.0)
5,1,4,0,737600.0,0.54415,72.553,1.0,1836.152673,Hoang-Binh ba5 (ADUU v1.0)
5,2,4,1,1486600.0,0.60929,121.86,1.0,1836.152673,Hoang-Binh ba5 (ADUU v1.0)
5,3,4,2,2585900.0,0.89025,197.83,1.0,1836.152673,Hoang-Binh ba5 (ADUU v1.0)
5,4,4,3,4256600.0,1.3458,314.02,1.0,1836.152673,Hoang-Binh ba5 (ADUU v1.0)
5,0,4,1,645440.0,0.052907,21.163,1.0,1836.152673,Hoang-Binh ba5 (ADUU v1.0)
5,1,4,2,188570.0,0.027822,9.274,1.0,1836.152673,Hoang-Binh ba5 (ADUU v1.0)
5,2,4,3,50505.0,0.0088712,2.7599,1.0,1836.152673,Hoang-Binh ba5 (ADUU v1.0)
6,1,1,0,19740000.0,0.0077995,0.024067,1.0,1836.152673,Hoang-Binh ba5 (ADUU v1.0)
6,1,2,0,2859900.0,0.021629,0.292,1.0,1836.152673,Hoang-Binh ba5 (ADUU v1.0)
6,2,2,1,5147900.0,0.021629,0.43799,1.0,1836.152673,Hoang-Binh ba5 (ADUU v1.0)
6,0,2,1,735410.0,0.00061798,0.025028,1.0,1836.152673,Hoang-Binh ba5 (ADUU v1.0)
6,1,3,0,955630.0,0.051394,1.8502,1.0,1836.152673,Hoang-Binh ba5 (ADUU v1.0)
6,2,3,1,1878800.0,0.056136,3.0313,1.0,1836.152673,Hoang-Binh ba5 (ADUU v1.0)
6,3,3,2,2147200.0,0.053891,3.2334,1.0,1836.152673,Hoang-Binh ba5 (ADUU v1.0)
6,0,3,1,507460.0,0.0030323,0.32749,1.0,1836.152673,Hoang-Binh ba5 (ADUU v1.0)
6,1,3,2,78285.0,0.00084204,0.075784,1.0,1836.152673,Hoang-Binh ba5 (ADUU v1.0)
6,1,4,0,445870.0,0.13812,11.934,1.0,1836.152673,Hoang-Binh ba5 (ADUU v1.0)
6,2,4,1,862680.0,0.14846,19.241,1.0,1836.152673,Hoang-Binh ba5 (ADUU v1.0)
6,3,4,2,1287700.0,0.18615,26.806,1.0,1836.152673,Hoang-Binh ba5 (ADUU v1.0)
6,4,4,3,1373600.0,0.18235,27.572,1.0,1836.152673,Hoang-Binh ba5 (ADUU v1.0)
6,0,4,1,358440.0,0.012337,3.1978,1.0,1836.152673,Hoang-Binh ba5 (ADUU v1.0)
6,1,4,2,94221.0,0.0058375,1.2609,1.0,1836.152673,Hoang-Binh ba5 (ADUU v1.0)
6,2,4,3,21462.0,0.0015829,0.31912,1.0,1836.152673,Hoang-Binh ba5 (ADUU v1.0)
6,1,5,0,243090.0,0.60776,149.18,1.0,1836.152673,Hoang-Binh ba5 (ADUU v1.0)
6,2,5,1,449740.0,0.62467,229.99,1.0,1836.152673,Hoang-Binh ba5 (ADUU v1.0)
6,3,5,2,723660.0,0.84431,345.4,1.0,1836.152673,Hoang-Binh ba5 (ADUU v1.0)
6,4,5,3,1106300.0,1.1854,509.18,1.0,1836.152673,Hoang-Binh ba5 (ADUU v1.0)
6,5,5,4,1645800.0,1.6763,740.63,1.0,1836.152673,Hoang-Binh ba5 (ADUU v1.0)
6,0,5,1,268320.0,0.074538,54.887,1.0,1836.152673,Hoang-Binh ba5 (ADUU v1.0)
6,1,5,2,95987.0,0.047996,29.452,1.0,1836.152673,Hoang-Binh ba5 (ADUU v1.0)
6,2,5,3,39102.0,0.023276,13.331,1.0,1836.152673,Hoang-Binh ba5 (ADUU v1.0)
6,3,5,4,11379.0,0.0073758,4.0735,1.0,1836.152673,Hoang-Binh ba5 (ADUU v1.0)
7,1,1,0,12369000.0,0.004814,0.014743,1.0,1836.152673,Hoang-Binh ba5 (ADUU v1.0)
7,1,2,0,1798200.0,0.01274,0.16647,1.0,1836.152673,Hoang-Binh ba5 (ADUU v1.0)
7,2,2,1,3132800.0,0.012331,0.2417,1.0,1836.152673,Hoang-Binh ba5 (ADUU v1.0)
7,0,2,1,458910.0,0.00036127,0.014162,1.0,1836.152673,Hoang-Binh ba5 (ADUU v1.0)
7,1,3,0,602880.0,0.027369,0.90521,1.0,1836.152673,Hoang-Binh ba5 (ADUU v1.0)
7,2,3,1,1150200.0,0.029009,1.4392,1.0,1836.152673,Hoang-Binh ba5 (ADUU v1.0)
7,3,3,2,1207700.0,0.025585,1.4104,1.0,1836.152673,Hoang-Binh ba5 (ADUU v1.0)
7,0,3,1,313000.0,0.0015788,0.15665,1.0,1836.152673,Hoang-Binh ba5 (ADUU v1.0)
7,1,3,2,46388.0,0.00042116,0.034825,1.0,1836.152673,Hoang-Binh ba5 (ADUU v1.0)
7,1,4,0,282960.0,0.059648,4.2513,1.0,1836.152673,Hoang-Binh ba5 (ADUU v1.0)
7,2,4,1,534090.0,0.062547,6.6868,1.0,1836.152673,Hoang-Binh ba5 (ADUU v1.0)
7,3,4,2,734400.0,0.072245,8.5818,1.0,1836.152673,Hoang-Binh ba5 (ADUU v1.0)
7,4,4,3,646210.0,0.05838,7.2816,1.0,1836.152673,Hoang-Binh ba5 (ADUU v1.0)
7,0,4,1,217500.0,0.0050943,1.0893,1.0,1836.152673,Hoang-Binh ba5 (ADUU v1.0)
7,1,4,2,53938.0,0.002274,0.40518,1.0,1836.152673,Hoang-Binh ba5 (ADUU v1.0)
7,2,4,3,11246.0,0.00056441,0.093864,1.0,1836.152673,Hoang-Binh ba5 (ADUU v1.0)
7,1,5,0,159180.0,0.15488,23.716,1.0,1836.152673,Hoang-Binh ba5 (ADUU v1.0)
7,2,5,1,290400.0,0.15698,36.056,1.0,1836.152673,Hoang-Binh ba5 (ADUU v1.0)
7,3,5,2,433360.0,0.19677,50.218,1.0,1836.152673,Hoang-Binh ba5 (ADUU v1.0)
7,4,5,3,548470.0,0.22871,61.287,1.0,1836.152673,Hoang-Binh ba5 (ADUU v1.0)
7,5,5,4,509000.0,0.20177,55.613,1.0,1836.152673,Hoang-Binh ba5 (ADUU v1.0)
7,0,5,1,161820.0,0.017494,8.0363,1.0,1836.152673,Hoang-Binh ba5 (ADUU v1.0)
7,1,5,2,53103.0,0.010334,3.9559,1.0,1836.152673,Hoang-Binh ba5 (ADUU v1.0)
7,2,5,3,19131.0,0.004432,1.5835,1.0,1836.152673,Hoang-Binh ba5 (ADUU v1.0)
7,3,5,4,4653.7,0.0011739,0.40445,1.0,1836.152673,Hoang-Binh ba5 (ADUU v1.0)
7,1,6,0,97951.0,0.67356,274.19,1.0,1836.152673,Hoang-Binh ba5 (ADUU v1.0)
7,2,6,1,170510.0,0.6514,397.76,1.0,1836.152673,Hoang-Binh ba5 (ADUU v1.0)
7,3,6,2,259560.0,0.83294,565.12,1.0,1836.152673,Hoang-Binh ba5 (ADUU v1.0)
7,4,6,3,376580.0,1.1098,790.61,1.0,1836.152673,Hoang-Binh ba5 (ADUU v1.0)
7,5,6,4,532580.0,1.4921,1093.3,1.0,1836.152673,Hoang-Binh ba5 (ADUU v1.0)
7,6,6,5,741200.0,2.0079,1498.5,1.0,1836.152673,Hoang-Binh ba5 (ADUU v1.0)
7,0,6,1,126580.0,0.096717,118.11,1.0,1836.152673,Hoang-Binh ba5 (ADUU v1.0)
7,1,6,2,51073.0,0.070241,71.484,1.0,1836.152673,Hoang-Binh ba5 (ADUU v1.0)
7,2,6,3,25253.0,0.041346,39.272,1.0,1836.152673,Hoang-Binh ba5 (ADUU v1.0)
7,3,6,4,11109.0,0.019805,18.14,1.0,1836.152673,Hoang-Binh ba5 (ADUU v1.0)
7,4,6,5,3356.0,0.006294,5.6367,1.0,1836.152673,Hoang-Binh ba5 (ADUU v1.0)
8,1,1,0,8259500.0,0.0031834,0.0097019,1.0,1836.152673,Hoang-Binh ba5 (ADUU v1.0)
8,1,2,0,1203200.0,0.0081806,0.10471,1.0,1836.152673,Hoang-Binh ba5 (ADUU v1.0)
8,2,2,1,2053500.0,0.0077564,0.14892,1.0,1836.152673,Hoang-Binh ba5 (ADUU v1.0)
8,0,2,1,305580.0,0.00023084,0.0088644,1.0,1836.152673,Hoang-Binh ba5 (ADUU v1.0)
8,1,3,0,404020.0,0.016549,0.51995,1.0,1836.152673,Hoang-Binh ba5 (ADUU v1.0)
8,2,3,1,756270.0,0.01721,0.81107,1.0,1836.152673,Hoang-Binh ba5 (ADUU v1.0)
8,3,3,2,754310.0,0.014419,0.75504,1.0,1836.152673,Hoang-Binh ba5 (ADUU v1.0)
8,0,3,1,206800.0,0.0009412,0.088712,1.0,1836.152673,Hoang-Binh ba5 (ADUU v1.0)
8,1,3,2,29877.0,0.00024477,0.019225,1.0,1836.152673,Hoang-Binh ba5 (ADUU v1.0)
8,1,4,0,189850.0,0.03227,2.0653,1.0,1836.152673,Hoang-Binh ba5 (ADUU v1.0)
8,2,4,1,352650.0,0.0333,3.1968,1.0,1836.152673,Hoang-Binh ba5 (ADUU v1.0)
8,3,4,2,461330.0,0.036593,3.9032,1.0,1836.152673,Hoang-Binh ba5 (ADUU v1.0)
8,4,4,3,364500.0,0.026552,2.9739,1.0,1836.152673,Hoang-Binh ba5 (ADUU v1.0)
8,0,4,1,142030.0,0.0026824,0.51503,1.0,1836.152673,Hoang-Binh ba5 (ADUU v1.0)
8,1,4,2,33978.0,0.0011551,0.18481,1.0,1836.152673,Hoang-Binh ba5 (ADUU v1.0)
8,2,4,3,6710.1,0.00027156,0.040553,1.0,1836.152673,Hoang-Binh ba5 (ADUU v1.0)
8,1,5,0,107170.0,0.067369,8.2915,1.0,1836.152673,Hoang-Binh ba5 (ADUU v1.0)
8,2,5,1,193440.0,0.067554,12.471,1.0,1836.152673,Hoang-Binh ba5 (ADUU v1.0)
8,3,5,2,275510.0,0.080821,16.579,1.0,1836.152673,Hoang-Binh ba5 (ADUU v1.0)
8,4,5,3,313650.0,0.084497,18.199,1.0,1836.152673,Hoang-Binh ba5 (ADUU v1.0)
8,5,5,4,233960.0,0.059916,13.274,1.0,1836.152673,Hoang-Binh ba5 (ADUU v1.0)
8,0,5,1,104050.0,0.0072675,2.6834,1.0,1836.152673,Hoang-Binh ba5 (ADUU v1.0)
8,1,5,2,32473.0,0.0040825,1.2562,1.0,1836.152673,Hoang-Binh ba5 (ADUU v1.0)
8,2,5,3,10890.0,0.0016299,0.46807,1.0,1836.152673,Hoang-Binh ba5 (ADUU v1.0)
8,3,5,4,2389.7,0.00038945,0.10785,1.0,1836.152673,Hoang-Binh ba5 (ADUU v1.0)
8,1,6,0,67829.0,0.17153,42.342,1.0,1836.152673,Hoang-Binh ba5 (ADUU v1.0)
8,2,6,1,118010.0,0.16579,61.39,1.0,1836.152673,Hoang-Binh ba5 (ADUU v1.0)
8,3,6,2,172670.0,0.20376,83.834,1.0,1836.152673,Hoang-Binh ba5 (ADUU v1.0)
8,4,6,3,226350.0,0.24531,105.97,1.0,1836.152673,Hoang-Binh ba5 (ADUU v1.0)
8,5,6,4,257930.0,0.26573,118.08,1.0,1836.152673,Hoang-Binh ba5 (ADUU v1.0)
8,6,6,5,217680.0,0.21685,98.141,1.0,1836.152673,Hoang-Binh ba5 (ADUU v1.0)
8,0,6,1,81088.0,0.022784,16.873,1.0,1836.152673,Hoang-Binh ba5 (ADUU v1.0)
8,1,6,2,30420.0,0.015385,9.4949,1.0,1836.152673,Hoang-Binh ba5 (ADUU v1.0)
8,2,6,3,13627.0,0.0082046,4.7259,1.0,1836.152673,Hoang-Binh ba5 (ADUU v1.0)
8,3,6,4,5239.7,0.0034352,1.908,1.0,1836.152673,Hoang-Binh ba5 (ADUU v1.0)
8,4,6,5,1306.4,0.00090098,0.48931,1.0,1836.152673,Hoang-Binh ba5 (ADUU v1.0)
8,1,7,0,45371.0,0.74065,464.53,1.0,1836.152673,Hoang-Binh ba5 (ADUU v1.0)
8,2,7,1,75457.0,0.68432,643.8,1.0,1836.152673,Hoang-Binh ba5 (ADUU v1.0)
8,3,7,2,110170.0,0.83928,877.32,1.0,1836.152673,Hoang-Binh ba5 (ADUU v1.0)
8,4,7,3,153690.0,1.0752,1180.1,1.0,1836.152673,Hoang-Binh ba5 (ADUU v1.0)
8,5,7,4,209300.0,1.392,1571.5,1.0,1836.152673,Hoang-Binh ba5 (ADUU v1.0)
8,6,7,5,280770.0,1.8055,2076.1,1.0,1836.152673,Hoang-Binh ba5 (ADUU v1.0)
8,7,7,6,372690.0,2.34,2725.6,1.0,1836.152673,Hoang-Binh ba5 (ADUU v1.0)
8,0,7,1,65737.0,0.11923,224.35,1.0,1836.152673,Hoang-Binh ba5 (ADUU v1.0)
8,1,7,2,28746.0,0.093851,147.16,1.0,1836.152673,Hoang-Binh ba5 (ADUU v1.0)
8,2,7,3,15940.0,0.061955,90.669,1.0,1836.152673,Hoang-Binh ba5 (ADUU v1.0)
8,3,7,4,8473.7,0.035862,50.609,1.0,1836.152673,Hoang-Binh ba5 (ADUU v1.0)
8,4,7,5,3857.8,0.017175,23.699,1.0,1836.152673,Hoang-Binh ba5 (ADUU v1.0)
8,5,7,6,1190.6,0.005482,7.4497,1.0,1836.152673,Hoang-Binh ba5 (ADUU v1.0)
9,1,1,0,5788200.0,0.0022161,0.0067315,1.0,1836.152673,Hoang-Binh ba5 (ADUU v1.0)
9,1,2,0,844310.0,0.0055831,0.070477,1.0,1836.152673,Hoang-Binh ba5 (ADUU v1.0)
9,2,2,1,1421100.0,0.0052206,0.098852,1.0,1836.152673,Hoang-Binh ba5 (ADUU v1.0)
9,0,2,1,213720.0,0.00015702,0.0059465,1.0,1836.152673,Hoang-Binh ba5 (ADUU v1.0)
9,1,3,0,283730.0,0.010863,0.32996,1.0,1836.152673,Hoang-Binh ba5 (ADUU v1.0)
9,2,3,1,524320.0,0.011153,0.50814,1.0,1836.152673,Hoang-Binh ba5 (ADUU v1.0)
9,3,3,2,505600.0,0.0090336,0.45733,1.0,1836.152673,Hoang-Binh ba5 (ADUU v1.0)
9,0,3,1,143850.0,0.00061195,0.055764,1.0,1836.152673,Hoang-Binh ba5 (ADUU v1.0)
9,1,3,2,20428.0,0.00015643,0.011879,1.0,1836.152673,Hoang-Binh ba5 (ADUU v1.0)
9,1,4,0,133340.0,0.019797,1.1842,1.0,1836.152673,Hoang-Binh ba5 (ADUU v1.0)
9,2,4,1,244980.0,0.020207,1.813,1.0,1836.152673,Hoang-Binh ba5 (ADUU v1.0)
9,3,4,2,310130.0,0.021488,2.1422,1.0,1836.152673,Hoang-Binh ba5 (ADUU v1.0)
9,4,4,3,229020.0,0.014573,1.5254,1.0,1836.152673,Hoang-Binh ba5 (ADUU v1.0)
9,0,4,1,97999.0,0.0016167,0.29011,1.0,1836.152673,Hoang-Binh ba5 (ADUU v1.0)
9,1,4,2,22890.0,0.0006797,0.10164,1.0,1836.152673,Hoang-Binh ba5 (ADUU v1.0)
9,2,4,3,4361.2,0.00015417,0.021517,1.0,1836.152673,Hoang-Binh ba5 (ADUU v1.0)
9,1,5,0,75247.0,0.036747,3.9864,1.0,1836.152673,Hoang-Binh ba5 (ADUU v1.0)
9,2,5,1,134760.0,0.03656,5.9492,1.0,1836.152673,Hoang-Binh ba5 (ADUU v1.0)
9,3,5,2,186080.0,0.042407,7.6673,1.0,1836.152673,Hoang-Binh ba5 (ADUU v1.0)
9,4,5,3,198180.0,0.041478,7.8744,1.0,1836.152673,Hoang-Binh ba5 (ADUU v1.0)
9,5,5,4,130300.0,0.025924,5.0621,1.0,1836.152673,Hoang-Binh ba5 (ADUU v1.0)
9,0,5,1,70972.0,0.0038511,1.2533,1.0,1836.152673,Hoang-Binh ba5 (ADUU v1.0)
9,1,5,2,21443.0,0.0020944,0.56801,1.0,1836.152673,Hoang-Binh ba5 (ADUU v1.0)
9,2,5,3,6867.0,0.00079846,0.20211,1.0,1836.152673,Hoang-Binh ba5 (ADUU v1.0)
9,3,5,4,1411.2,0.00017867,0.043612,1.0,1836.152673,Hoang-Binh ba5 (ADUU v1.0)
9,1,6,0,47708.0,0.074818,14.545,1.0,1836.152673,Hoang-Binh ba5 (ADUU v1.0)
9,2,6,1,82775.0,0.072117,21.029,1.0,1836.152673,Hoang-Binh ba5 (ADUU v1.0)
9,3,6,2,117830.0,0.086231,27.939,1.0,1836.152673,Hoang-Binh ba5 (ADUU v1.0)
9,4,6,3,144820.0,0.097331,33.112,1.0,1836.152673,Hoang-Binh ba5 (ADUU v1.0)
9,5,6,4,145630.0,0.093043,32.558,1.0,1836.152673,Hoang-Binh ba5 (ADUU v1.0)
9,6,6,5,96787.0,0.059794,21.311,1.0,1836.152673,Hoang-Binh ba5 (ADUU v1.0)
9,0,6,1,54506.0,0.0094976,5.539,1.0,1836.152673,Hoang-Binh ba5 (ADUU v1.0)
9,1,6,2,19566.0,0.0061368,2.9825,1.0,1836.152673,Hoang-Binh ba5 (ADUU v1.0)
9,2,6,3,8252.7,0.0030815,1.3978,1.0,1836.152673,Hoang-Binh ba5 (ADUU v1.0)
9,3,6,4,2924.2,0.0011889,0.52004,1.0,1836.152673,Hoang-Binh ba5 (ADUU v1.0)
9,4,6,5,650.13,0.00027806,0.11892,1.0,1836.152673,Hoang-Binh ba5 (ADUU v1.0)
9,1,7,0,32745.0,0.18814,70.004,1.0,1836.152673,Hoang-Binh ba5 (ADUU v1.0)
9,2,7,1,54827.0,0.175,97.675,1.0,1836.152673,Hoang-Binh ba5 (ADUU v1.0)
9,3,7,2,78427.0,0.21028,130.41,1.0,1836.152673,Hoang-Binh ba5 (ADUU v1.0)
9,4,7,3,103080.0,0.25382,165.28,1.0,1836.152673,Hoang-Binh ba5 (ADUU v1.0)
9,5,7,4,124280.0,0.29091,194.84,1.0,1836.152673,Hoang-Binh ba5 (ADUU v1.0)
9,6,7,5,131520.0,0.29769,203.07,1.0,1836.152673,Hoang-Binh ba5 (ADUU v1.0)
9,7,7,6,103580.0,0.22888,158.16,1.0,1836.152673,Hoang-Binh ba5 (ADUU v1.0)
9,0,7,1,44100.0,0.028153,31.426,1.0,1836.152673,Hoang-Binh ba5 (ADUU v1.0)
9,1,7,2,18109.0,0.020809,19.357,1.0,1836.152673,Hoang-Binh ba5 (ADUU v1.0)
9,2,7,3,9247.7,0.012651,10.983,1.0,1836.152673,Hoang-Binh ba5 (ADUU v1.0)
9,3,7,4,4415.5,0.0065772,5.5065,1.0,1836.152673,Hoang-Binh ba5 (ADUU v1.0)
9,4,7,5,1741.7,0.0027292,2.2341,1.0,1836.152673,Hoang-Binh ba5 (ADUU v1.0)
9,5,7,6,439.23,0.00071178,0.57384,1.0,1836.152673,Hoang-Binh ba5 (ADUU v1.0)
9,1,8,0,23282.0,0.80855,739.68,1.0,1836.152673,Hoang-Binh ba5 (ADUU v1.0)
9,2,8,1,37367.0,0.72096,989.33,1.0,1836.152673,Hoang-Binh ba5 (ADUU v1.0)
9,3,8,2,52807.0,0.85583,1304.9,1.0,1836.152673,Hoang-Binh ba5 (ADUU v1.0)
9,4,8,3,71439.0,1.0633,1702.3,1.0,1836.152673,Hoang-Binh ba5 (ADUU v1.0)
9,5,8,4,94475.0,1.3367,2201.1,1.0,1836.152673,Hoang-Binh ba5 (ADUU v1.0)
9,6,8,5,123170.0,1.685,2826.1,1.0,1836.152673,Hoang-Binh ba5 (ADUU v1.0)
9,7,8,6,158980.0,2.1235,3607.7,1.0,1836.152673,Hoang-Binh ba5 (ADUU v1.0)
9,8,8,7,203690.0,2.6724,4583.9,1.0,1836.152673,Hoang-Binh ba5 (ADUU v1.0)
9,0,8,1,36792.0,0.14197,389.64,1.0,1836.152673,Hoang-Binh ba5 (ADUU v1.0)
9,1,8,2,17047.0,0.11841,270.8,1.0,1836.152673,Hoang-Binh ba5 (ADUU v1.0)
9,2,8,3,10206.0,0.08439,180.14,1.0,1836.152673,Hoang-Binh ba5 (ADUU v1.0)
9,3,8,4,6065.2,0.05461,112.41,1.0,1836.152673,Hoang-Binh ba5 (ADUU v1.0)
9,4,8,5,3328.8,0.031529,63.456,1.0,1836.152673,Hoang-Binh ba5 (ADUU v1.0)
9,5,8,6,1545.6,0.01514,30.01,1.0,1836.152673,Hoang-Binh ba5 (ADUU v1.0)
9,6,8,7,483.66,0.0048525,9.5126,1.0,1836.152673,Hoang-Binh ba5 (ADUU v1.0)
10,1,1,0,4212900.0,0.0016054,0.0048648,1.0,1836.152673,Hoang-Binh ba5 (ADUU v1.0)
10,1,2,0,615100.0,0.0039883,0.049853,1.0,1836.152673,Hoang-Binh ba5 (ADUU v1.0)
10,2,2,1,1025200.0,0.0036928,0.069241,1.0,1836.152673,Hoang-Binh ba5 (ADUU v1.0)
10,0,2,1,155330.0,0.0001119,0.0041964,1.0,1836.152673,Hoang-Binh ba5 (ADUU v1.0)
10,1,3,0,206790.0,0.0075543,0.22414,1.0,1836.152673,Hoang-Binh ba5 (ADUU v1.0)
10,2,3,1,378690.0,0.0076856,0.34205,1.0,1836.152673,Hoang-Binh ba5 (ADUU v1.0)
10,3,3,2,356700.0,0.0060809,0.30071,1.0,1836.152673,Hoang-Binh ba5 (ADUU v1.0)
10,0,3,1,104140.0,0.00042271,0.037626,1.0,1836.152673,Hoang-Binh ba5 (ADUU v1.0)
10,1,3,2,14610.0,0.00010674,0.0079178,1.0,1836.152673,Hoang-Binh ba5 (ADUU v1.0)
10,1,4,0,97163.0,0.013166,0.75233,1.0,1836.152673,Hoang-Binh ba5 (ADUU v1.0)
10,2,4,1,177130.0,0.013334,1.1429,1.0,1836.152673,Hoang-Binh ba5 (ADUU v1.0)
10,3,4,2,219170.0,0.013859,1.3199,1.0,1836.152673,Hoang-Binh ba5 (ADUU v1.0)
10,4,4,3,154620.0,0.0089789,0.89789,1.0,1836.152673,Hoang-Binh ba5 (ADUU v1.0)
10,0,4,1,70536.0,0.001062,0.18205,1.0,1836.152673,Hoang-Binh ba5 (ADUU v1.0)
10,1,4,2,16201.0,0.00043906,0.062723,1.0,1836.152673,Hoang-Binh ba5 (ADUU v1.0)
10,2,4,3,3010.6,9.7128e-05,0.01295,1.0,1836.152673,Hoang-Binh ba5 (ADUU v1.0)
10,1,5,0,54782.0,0.022733,2.2733,1.0,1836.152673,Hoang-Binh ba5 (ADUU v1.0)
10,2,5,1,97536.0,0.022486,3.3729,1.0,1836.152673,Hoang-Binh ba5 (ADUU v1.0)
10,3,5,2,131800.0,0.025524,4.2539,1.0,1836.152673,Hoang-Binh ba5 (ADUU v1.0)
10,4,5,3,134190.0,0.023864,4.1762,1.0,1836.152673,Hoang-Binh ba5 (ADUU v1.0)
10,5,5,4,81324.0,0.013749,2.4748,1.0,1836.152673,Hoang-Binh ba5 (ADUU v1.0)
10,0,5,1,50666.0,0.0023361,0.70084,1.0,1836.152673,Hoang-Binh ba5 (ADUU v1.0)
10,1,5,2,14971.0,0.0012425,0.31062,1.0,1836.152673,Hoang-Binh ba5 (ADUU v1.0)
10,2,5,3,4644.9,0.00045893,0.10708,1.0,1836.152673,Hoang-Binh ba5 (ADUU v1.0)
10,3,5,4,912.83,9.8207e-05,0.022097,1.0,1836.152673,Hoang-Binh ba5 (ADUU v1.0)
10,1,6,0,34684.0,0.040986,6.9163,1.0,1836.152673,Hoang-Binh ba5 (ADUU v1.0)
10,2,6,1,60009.0,0.039396,9.9721,1.0,1836.152673,Hoang-Binh ba5 (ADUU v1.0)
10,3,6,2,83761.0,0.046191,12.991,1.0,1836.152673,Hoang-Binh ba5 (ADUU v1.0)
10,4,6,3,98532.0,0.049901,14.736,1.0,1836.152673,Hoang-Binh ba5 (ADUU v1.0)
10,5,6,4,91402.0,0.044004,13.366,1.0,1836.152673,Hoang-Binh ba5 (ADUU v1.0)
10,6,6,5,52732.0,0.024548,7.5944,1.0,1836.152673,Hoang-Binh ba5 (ADUU v1.0)
10,0,6,1,38476.0,0.0050519,2.5575,1.0,1836.152673,Hoang-Binh ba5 (ADUU v1.0)
10,1,6,2,13412.0,0.0031698,1.3373,1.0,1836.152673,Hoang-Binh ba5 (ADUU v1.0)
10,2,6,3,5434.7,0.0015291,0.60207,1.0,1836.152673,Hoang-Binh ba5 (ADUU v1.0)
10,3,6,4,1823.9,0.00055878,0.21216,1.0,1836.152673,Hoang-Binh ba5 (ADUU v1.0)
10,4,6,5,376.14,0.00012122,0.045003,1.0,1836.152673,Hoang-Binh ba5 (ADUU v1.0)
10,1,7,0,23817.0,0.082112,23.668,1.0,1836.152673,Hoang-Binh ba5 (ADUU v1.0)
10,2,7,1,39959.0,0.076534,33.09,1.0,1836.152673,Hoang-Binh ba5 (ADUU v1.0)
10,3,7,2,56245.0,0.090491,43.471,1.0,1836.152673,Hoang-Binh ba5 (ADUU v1.0)
10,4,7,3,70926.0,0.1048,52.86,1.0,1836.152673,Hoang-Binh ba5 (ADUU v1.0)
10,5,7,4,79006.0,0.11097,57.573,1.0,1836.152673,Hoang-Binh ba5 (ADUU v1.0)
10,6,7,5,72641.0,0.098657,52.133,1.0,1836.152673,Hoang-Binh ba5 (ADUU v1.0)
10,7,7,6,44313.0,0.058758,31.453,1.0,1836.152673,Hoang-Binh ba5 (ADUU v1.0)
10,0,7,1,30699.0,0.01176,10.169,1.0,1836.152673,Hoang-Binh ba5 (ADUU v1.0)
10,1,7,2,12121.0,0.0083575,6.0224,1.0,1836.152673,Hoang-Binh ba5 (ADUU v1.0)
10,2,7,3,5877.1,0.0048242,3.2445,1.0,1836.152673,Hoang-Binh ba5 (ADUU v1.0)
10,3,7,4,2622.5,0.002344,1.5202,1.0,1836.152673,Hoang-Binh ba5 (ADUU v1.0)
10,4,7,5,945.42,0.00088893,0.56368,1.0,1836.152673,Hoang-Binh ba5 (ADUU v1.0)
10,5,7,6,210.58,0.00020477,0.12788,1.0,1836.152673,Hoang-Binh ba5 (ADUU v1.0)
10,1,8,0,17346.0,0.20474,109.2,1.0,1836.152673,Hoang-Binh ba5 (ADUU v1.0)
10,2,8,1,28144.0,0.18455,147.64,1.0,1836.152673,Hoang-Binh ba5 (ADUU v1.0)
10,3,8,2,39405.0,0.21706,192.94,1.0,1836.152673,Hoang-Binh ba5 (ADUU v1.0)
10,4,8,3,51407.0,0.26005,242.72,1.0,1836.152673,Hoang-Binh ba5 (ADUU v1.0)
10,5,8,4,63037.0,0.30314,291.01,1.0,1836.152673,Hoang-Binh ba5 (ADUU v1.0)
10,6,8,5,71571.0,0.3328,325.4,1.0,1836.152673,Hoang-Binh ba5 (ADUU v1.0)
10,7,8,6,71659.0,0.32532,322.22,1.0,1836.152673,Hoang-Binh ba5 (ADUU v1.0)
10,8,8,7,53526.0,0.23868,238.68,1.0,1836.152673,Hoang-Binh ba5 (ADUU v1.0)
10,0,8,1,25598.0,0.033572,53.715,1.0,1836.152673,Hoang-Binh ba5 (ADUU v1.0)
10,1,8,2,11222.0,0.026493,35.324,1.0,1836.152673,Hoang-Binh ba5 (ADUU v1.0)
10,2,8,3,6260.8,0.017595,21.896,1.0,1836.152673,Hoang-Binh ba5 (ADUU v1.0)
10,3,8,4,3403.5,0.010415,12.499,1.0,1836.152673,Hoang-Binh ba5 (ADUU v1.0)
10,4,8,5,1666.8,0.0053657,6.2958,1.0,1836.152673,Hoang-Binh ba5 (ADUU v1.0)
10,5,8,6,665.8,0.0022166,2.5614,1.0,1836.152673,Hoang-Binh ba5 (ADUU v1.0)
10,6,8,7,168.88,0.00057586,0.65813,1.0,1836.152673,Hoang-Binh ba5 (ADUU v1.0)
10,1,9,0,12920.0,0.877,1121.6,1.0,1836.152673,Hoang-Binh ba5 (ADUU v1.0)
10,2,9,1,20155.0,0.76004,1458.1,1.0,1836.152673,Hoang-Binh ba5 (ADUU v1.0)
10,3,9,2,27744.0,0.87883,1873.3,1.0,1836.152673,Hoang-Binh ba5 (ADUU v1.0)
10,4,9,3,36617.0,1.0652,2384.1,1.0,1836.152673,Hoang-Binh ba5 (ADUU v1.0)
10,5,9,4,47293.0,1.3078,3010.8,1.0,1836.152673,Hoang-Binh ba5 (ADUU v1.0)
10,6,9,5,60261.0,1.6113,3778.2,1.0,1836.152673,Hoang-Binh ba5 (ADUU v1.0)
10,7,9,6,76062.0,1.9857,4716.4,1.0,1836.152673,Hoang-Binh ba5 (ADUU v1.0)
10,8,9,7,95331.0,2.4445,5862.0,1.0,1836.152673,Hoang-Binh ba5 (ADUU v1.0)
10,9,9,8,118830.0,3.005,7259.5,1.0,1836.152673,Hoang-Binh ba5 (ADUU v1.0)
10,0,9,1,21860.0,0.16486,632.55,1.0,1836.152673,Hoang-Binh ba5 (ADUU v1.0)
10,1,9,2,10581.0,0.14365,459.29,1.0,1836.152673,Hoang-Binh ba5 (ADUU v1.0)
10,2,9,3,6693.8,0.10818,322.83,1.0,1836.152673,Hoang-Binh ba5 (ADUU v1.0)
10,3,9,4,4284.9,0.075404,216.99,1.0,1836.152673,Hoang-Binh ba5 (ADUU v1.0)
10,4,9,5,2624.0,0.048576,136.68,1.0,1836.152673,Hoang-Binh ba5 (ADUU v1.0)
10,5,9,6,1466.7,0.028079,77.809,1.0,1836.152673,Hoang-Binh ba5 (ADUU v1.0)
10,6,9,7,689.8,0.013526,37.07,1.0,1836.152673,Hoang-Binh ba5 (ADUU v1.0)
10,7,9,8,217.95,0.0043511,11.825,1.0,1836.152673,Hoang-Binh ba5 (ADUU v1.0)
11,1,1,0,3161600.0,0.0012005,0.0036316,1.0,1836.152673,Hoang-Binh ba5 (ADUU v1.0)
11,1,2,0,461900.0,0.0029521,0.036636,1.0,1836.152673,Hoang-Binh ba5 (ADUU v1.0)
11,2,2,1,764300.0,0.0027138,0.050518,1.0,1836.152673,Hoang-Binh ba5 (ADUU v1.0)
11,0,2,1,116440.0,8.2685e-05,0.0030784,1.0,1836.152673,Hoang-Binh ba5 (ADUU v1.0)
11,1,3,0,155330.0,0.0054844,0.15998,1.0,1836.152673,Hoang-Binh ba5 (ADUU v1.0)
11,2,3,1,282560.0,0.0055426,0.24252,1.0,1836.152673,Hoang-Binh ba5 (ADUU v1.0)
11,3,3,2,261660.0,0.0043114,0.2096,1.0,1836.152673,Hoang-Binh ba5 (ADUU v1.0)
11,0,3,1,77840.0,0.00030538,0.026724,1.0,1836.152673,Hoang-Binh ba5 (ADUU v1.0)
11,1,3,2,10823.0,7.6429e-05,0.0055735,1.0,1836.152673,Hoang-Binh ba5 (ADUU v1.0)
11,1,4,0,72964.0,0.0092641,0.51244,1.0,1836.152673,Hoang-Binh ba5 (ADUU v1.0)
11,2,4,1,132250.0,0.0093287,0.77402,1.0,1836.152673,Hoang-Binh ba5 (ADUU v1.0)
11,3,4,2,160950.0,0.0095368,0.8792,1.0,1836.152673,Hoang-Binh ba5 (ADUU v1.0)
11,4,4,3,109910.0,0.005981,0.57896,1.0,1836.152673,Hoang-Binh ba5 (ADUU v1.0)
11,0,4,1,52498.0,0.00074062,0.1229,1.0,1836.152673,Hoang-Binh ba5 (ADUU v1.0)
11,1,4,2,11912.0,0.00030248,0.041829,1.0,1836.152673,Hoang-Binh ba5 (ADUU v1.0)
11,2,4,3,2173.6,6.5709e-05,0.0084808,1.0,1836.152673,Hoang-Binh ba5 (ADUU v1.0)
11,1,5,0,41099.0,0.015241,1.4407,1.0,1836.152673,Hoang-Binh ba5 (ADUU v1.0)
11,2,5,1,72855.0,0.015009,2.1282,1.0,1836.152673,Hoang-Binh ba5 (ADUU v1.0)
11,3,5,2,96911.0,0.016771,2.6422,1.0,1836.152673,Hoang-Binh ba5 (ADUU v1.0)
11,4,5,3,95549.0,0.015185,2.5121,1.0,1836.152673,Hoang-Binh ba5 (ADUU v1.0)
11,5,5,4,54741.0,0.0082701,1.4072,1.0,1836.152673,Hoang-Binh ba5 (ADUU v1.0)
11,0,5,1,37485.0,0.0015445,0.438,1.0,1836.152673,Hoang-Binh ba5 (ADUU v1.0)
11,1,5,2,10900.0,0.00080837,0.19104,1.0,1836.152673,Hoang-Binh ba5 (ADUU v1.0)
11,2,5,3,3305.6,0.00029186,0.064376,1.0,1836.152673,Hoang-Binh ba5 (ADUU v1.0)
11,3,5,4,629.19,6.049e-05,0.012866,1.0,1836.152673,Hoang-Binh ba5 (ADUU v1.0)
11,1,6,0,25977.0,0.025479,3.9172,1.0,1836.152673,Hoang-Binh ba5 (ADUU v1.0)
11,2,6,1,44836.0,0.024432,5.6343,1.0,1836.152673,Hoang-Binh ba5 (ADUU v1.0)
11,3,6,2,61686.0,0.028235,7.2348,1.0,1836.152673,Hoang-Binh ba5 (ADUU v1.0)
11,4,6,3,70329.0,0.029564,7.954,1.0,1836.152673,Hoang-Binh ba5 (ADUU v1.0)
11,5,6,4,61699.0,0.024655,6.8229,1.0,1836.152673,Hoang-Binh ba5 (ADUU v1.0)
11,6,6,5,32430.0,0.012531,3.5319,1.0,1836.152673,Hoang-Binh ba5 (ADUU v1.0)
11,0,6,1,28234.0,0.003077,1.4192,1.0,1836.152673,Hoang-Binh ba5 (ADUU v1.0)
11,1,6,2,9639.9,0.001891,0.72683,1.0,1836.152673,Hoang-Binh ba5 (ADUU v1.0)
11,2,6,3,3797.0,0.00088672,0.31809,1.0,1836.152673,Hoang-Binh ba5 (ADUU v1.0)
11,3,6,4,1226.5,0.00031189,0.10789,1.0,1836.152673,Hoang-Binh ba5 (ADUU v1.0)
11,4,6,5,240.02,6.4206e-05,0.021716,1.0,1836.152673,Hoang-Binh ba5 (ADUU v1.0)
11,1,7,0,17799.0,0.045077,11.136,1.0,1836.152673,Hoang-Binh ba5 (ADUU v1.0)
11,2,7,1,29875.0,0.042034,15.576,1.0,1836.152673,Hoang-Binh ba5 (ADUU v1.0)
11,3,7,2,41535.0,0.049089,20.212,1.0,1836.152673,Hoang-Binh ba5 (ADUU v1.0)
11,4,7,3,50835.0,0.055176,23.854,1.0,1836.152673,Hoang-Binh ba5 (ADUU v1.0)
11,5,7,4,53601.0,0.055305,24.593,1.0,1836.152673,Hoang-Binh ba5 (ADUU v1.0)
11,6,7,5,44923.0,0.044819,20.299,1.0,1836.152673,Hoang-Binh ba5 (ADUU v1.0)
11,7,7,6,23488.0,0.022878,10.496,1.0,1836.152673,Hoang-Binh ba5 (ADUU v1.0)
11,0,7,1,22281.0,0.0062697,4.6466,1.0,1836.152673,Hoang-Binh ba5 (ADUU v1.0)
11,1,7,2,8564.7,0.0043381,2.6792,1.0,1836.152673,Hoang-Binh ba5 (ADUU v1.0)
11,2,7,3,4008.0,0.0024168,1.3931,1.0,1836.152673,Hoang-Binh ba5 (ADUU v1.0)
11,3,7,4,1707.4,0.0011211,0.62315,1.0,1836.152673,Hoang-Binh ba5 (ADUU v1.0)
11,4,7,5,578.95,0.00039988,0.21733,1.0,1836.152673,Hoang-Binh ba5 (ADUU v1.0)
11,5,7,6,118.64,8.4748e-05,0.045362,1.0,1836.152673,Hoang-Binh ba5 (ADUU v1.0)
11,1,8,0,12956.0,0.089312,36.402,1.0,1836.152673,Hoang-Binh ba5 (ADUU v1.0)
11,2,8,1,21127.0,0.08091,49.466,1.0,1836.152673,Hoang-Binh ba5 (ADUU v1.0)
11,3,8,2,29317.0,0.094314,64.067,1.0,1836.152673,Hoang-Binh ba5 (ADUU v1.0)
11,4,8,3,37216.0,0.10995,78.423,1.0,1836.152673,Hoang-Binh ba5 (ADUU v1.0)
11,5,8,4,43274.0,0.12153,89.163,1.0,1836.152673,Hoang-Binh ba5 (ADUU v1.0)
11,6,8,5,44837.0,0.12176,90.983,1.0,1836.152673,Hoang-Binh ba5 (ADUU v1.0)
11,7,8,6,38502.0,0.10208,77.27,1.0,1836.152673,Hoang-Binh ba5 (ADUU v1.0)
11,8,8,7,21979.0,0.057237,43.741,1.0,1836.152673,Hoang-Binh ba5 (ADUU v1.0)
11,0,8,1,18331.0,0.014041,17.168,1.0,1836.152673,Hoang-Binh ba5 (ADUU v1.0)
11,1,8,2,7757.5,0.010695,10.898,1.0,1836.152673,Hoang-Binh ba5 (ADUU v1.0)
11,2,8,3,4135.4,0.0067875,6.455,1.0,1836.152673,Hoang-Binh ba5 (ADUU v1.0)
11,3,8,4,2122.0,0.0037925,3.4779,1.0,1836.152673,Hoang-Binh ba5 (ADUU v1.0)
11,4,8,5,965.2,0.0018146,1.6271,1.0,1836.152673,Hoang-Binh ba5 (ADUU v1.0)
11,5,8,6,349.93,0.00068038,0.60084,1.0,1836.152673,Hoang-Binh ba5 (ADUU v1.0)
11,6,8,7,77.77,0.00015488,0.13527,1.0,1836.152673,Hoang-Binh ba5 (ADUU v1.0)
11,1,9,0,9871.7,0.22135,162.71,1.0,1836.152673,Hoang-Binh ba5 (ADUU v1.0)
11,2,9,1,15604.0,0.19438,214.32,1.0,1836.152673,Hoang-Binh ba5 (ADUU v1.0)
11,3,9,2,21430.0,0.22424,274.72,1.0,1836.152673,Hoang-Binh ba5 (ADUU v1.0)
11,4,9,3,27662.0,0.26582,341.95,1.0,1836.152673,Hoang-Binh ba5 (ADUU v1.0)
11,5,9,4,34010.0,0.31069,411.08,1.0,1836.152673,Hoang-Binh ba5 (ADUU v1.0)
11,6,9,5,39657.0,0.3503,472.07,1.0,1836.152673,Hoang-Binh ba5 (ADUU v1.0)
11,7,9,6,43010.0,0.37092,506.35,1.0,1836.152673,Hoang-Binh ba5 (ADUU v1.0)
11,8,9,7,41240.0,0.34933,481.47,1.0,1836.152673,Hoang-Binh ba5 (ADUU v1.0)
11,9,9,8,29546.0,0.24681,342.69,1.0,1836.152673,Hoang-Binh ba5 (ADUU v1.0)
11,0,9,1,15664.0,0.039025,86.058,1.0,1836.152673,Hoang-Binh ba5 (ADUU v1.0)
11,1,9,2,7217.0,0.032364,59.476,1.0,1836.152673,Hoang-Binh ba5 (ADUU v1.0)
11,2,9,3,4292.7,0.022917,39.307,1.0,1836.152673,Hoang-Binh ba5 (ADUU v1.0)
11,3,9,4,2546.7,0.014805,24.486,1.0,1836.152673,Hoang-Binh ba5 (ADUU v1.0)
11,4,9,5,1419.3,0.0086792,14.036,1.0,1836.152673,Hoang-Binh ba5 (ADUU v1.0)
11,5,9,6,704.08,0.0044528,7.0917,1.0,1836.152673,Hoang-Binh ba5 (ADUU v1.0)
11,6,9,7,283.21,0.0018345,2.8896,1.0,1836.152673,Hoang-Binh ba5 (ADUU v1.0)
11,7,9,8,72.053,0.00047518,0.74224,1.0,1836.152673,Hoang-Binh ba5 (ADUU v1.0)
11,1,10,0,7628.6,0.94588,1635.0,1.0,1836.152673,Hoang-Binh ba5 (ADUU v1.0)
11,2,10,1,11625.0,0.80079,2076.3,1.0,1836.152673,Hoang-Binh ba5 (ADUU v1.0)
11,3,10,2,15660.0,0.90613,2610.5,1.0,1836.152673,Hoang-Binh ba5 (ADUU v1.0)
11,4,10,3,20251.0,1.0761,3255.3,1.0,1836.152673,Hoang-Binh ba5 (ADUU v1.0)
11,5,10,4,25652.0,1.2958,4031.8,1.0,1836.152673,Hoang-Binh ba5 (ADUU v1.0)
11,6,10,5,32076.0,1.5668,4965.1,1.0,1836.152673,Hoang-Binh ba5 (ADUU v1.0)
11,7,10,6,39750.0,1.8957,6085.5,1.0,1836.152673,Hoang-Binh ba5 (ADUU v1.0)
11,8,10,7,48931.0,2.292,7428.6,1.0,1836.152673,Hoang-Binh ba5 (ADUU v1.0)
11,9,10,8,59920.0,2.7679,9037.3,1.0,1836.152673,Hoang-Binh ba5 (ADUU v1.0)
11,10,10,9,73069.0,3.3379,10963.0,1.0,1836.152673,Hoang-Binh ba5 (ADUU v1.0)
11,0,10,1,13637.0,0.18787,974.25,1.0,1836.152673,Hoang-Binh ba5 (ADUU v1.0)
11,1,10,2,6830.8,0.16939,732.02,1.0,1836.152673,Hoang-Binh ba5 (ADUU v1.0)
11,2,10,3,4505.2,0.133,536.45,1.0,1836.152673,Hoang-Binh ba5 (ADUU v1.0)
11,3,10,4,3042.0,0.097789,380.33,1.0,1836.152673,Hoang-Binh ba5 (ADUU v1.0)
11,4,10,5,2003.6,0.067754,257.66,1.0,1836.152673,Hoang-Binh ba5 (ADUU v1.0)
11,5,10,6,1248.1,0.043648,163.47,1.0,1836.152673,Hoang-Binh ba5 (ADUU v1.0)
11,6,10,7,705.96,0.025287,93.667,1.0,1836.152673,Hoang-Binh ba5 (ADUU v1.0)
11,7,10,8,335.05,0.012219,44.882,1.0,1836.152673,Hoang-Binh ba5 (ADUU v1.0)
11,8,10,9,106.62,0.0039428,14.388,1.0,1836.152673,Hoang-Binh ba5 (ADUU v1.0)
12,1,1,0,2433100.0,0.00092144,0.0027836,1.0,1836.152673,Hoang-Binh ba5 (ADUU v1.0)
12,1,2,0,355640.0,0.0022483,0.027751,1.0,1836.152673,Hoang-Binh ba5 (ADUU v1.0)
12,2,2,1,585280.0,0.0020556,0.038058,1.0,1836.152673,Hoang-Binh ba5 (ADUU v1.0)
12,0,2,1,89531.0,6.289e-05,0.0023287,1.0,1836.152673,Hoang-Binh ba5 (ADUU v1.0)
12,1,3,0,119620.0,0.0041172,0.11857,1.0,1836.152673,Hoang-Binh ba5 (ADUU v1.0)
12,2,3,1,216500.0,0.0041399,0.17884,1.0,1836.152673,Hoang-Binh ba5 (ADUU v1.0)
12,3,3,2,197940.0,0.0031794,0.15261,1.0,1836.152673,Hoang-Binh ba5 (ADUU v1.0)
12,0,3,1,59722.0,0.0002284,0.019734,1.0,1836.152673,Hoang-Binh ba5 (ADUU v1.0)
12,1,3,2,8247.7,5.6776e-05,0.0040879,1.0,1836.152673,Hoang-Binh ba5 (ADUU v1.0)
12,1,4,0,56174.0,0.0067974,0.36706,1.0,1836.152673,Hoang-Binh ba5 (ADUU v1.0)
12,2,4,1,101370.0,0.006815,0.55201,1.0,1836.152673,Hoang-Binh ba5 (ADUU v1.0)
12,3,4,2,121850.0,0.0068811,0.6193,1.0,1836.152673,Hoang-Binh ba5 (ADUU v1.0)
12,4,4,3,81236.0,0.0042129,0.39812,1.0,1836.152673,Hoang-Binh ba5 (ADUU v1.0)
12,0,4,1,40148.0,0.0005398,0.087448,1.0,1836.152673,Hoang-Binh ba5 (ADUU v1.0)
12,1,4,2,9026.2,0.00021845,0.02949,1.0,1836.152673,Hoang-Binh ba5 (ADUU v1.0)
12,2,4,3,1624.7,4.681e-05,0.005898,1.0,1836.152673,Hoang-Binh ba5 (ADUU v1.0)
12,1,5,0,31616.0,0.010806,0.98076,1.0,1836.152673,Hoang-Binh ba5 (ADUU v1.0)
12,2,5,1,55855.0,0.010606,1.4439,1.0,1836.152673,Hoang-Binh ba5 (ADUU v1.0)
12,3,5,2,73425.0,0.011712,1.7715,1.0,1836.152673,Hoang-Binh ba5 (ADUU v1.0)
12,4,5,3,70694.0,0.010356,1.6447,1.0,1836.152673,Hoang-Binh ba5 (ADUU v1.0)
12,5,5,4,38885.0,0.0054148,0.88457,1.0,1836.152673,Hoang-Binh ba5 (ADUU v1.0)
12,0,5,1,28539.0,0.0010839,0.2951,1.0,1836.152673,Hoang-Binh ba5 (ADUU v1.0)
12,1,5,2,8199.5,0.00056052,0.12718,1.0,1836.152673,Hoang-Binh ba5 (ADUU v1.0)
12,2,5,3,2444.9,0.00019897,0.042135,1.0,1836.152673,Hoang-Binh ba5 (ADUU v1.0)
12,3,5,4,454.46,4.0272e-05,0.0082237,1.0,1836.152673,Hoang-Binh ba5 (ADUU v1.0)
12,1,6,0,19954.0,0.01717,2.4725,1.0,1836.152673,Hoang-Binh ba5 (ADUU v1.0)
12,2,6,1,34371.0,0.016431,3.5491,1.0,1836.152673,Hoang-Binh ba5 (ADUU v1.0)
12,3,6,2,46773.0,0.018782,4.5077,1.0,1836.152673,Hoang-Binh ba5 (ADUU v1.0)
12,4,6,3,52105.0,0.019215,4.8422,1.0,1836.152673,Hoang-Binh ba5 (ADUU v1.0)
12,5,6,4,43900.0,0.01539,3.989,1.0,1836.152673,Hoang-Binh ba5 (ADUU v1.0)
12,6,6,5,21612.0,0.007326,1.9341,1.0,1836.152673,Hoang-Binh ba5 (ADUU v1.0)
12,0,6,1,21367.0,0.0020429,0.88251,1.0,1836.152673,Hoang-Binh ba5 (ADUU v1.0)
12,1,6,2,7184.8,0.0012365,0.44513,1.0,1836.152673,Hoang-Binh ba5 (ADUU v1.0)
12,2,6,3,2771.5,0.00056783,0.19079,1.0,1836.152673,Hoang-Binh ba5 (ADUU v1.0)
12,3,6,4,870.46,0.00019419,0.062918,1.0,1836.152673,Hoang-Binh ba5 (ADUU v1.0)
12,4,6,5,163.96,3.8477e-05,0.01219,1.0,1836.152673,Hoang-Binh ba5 (ADUU v1.0)
12,1,7,0,13641.0,0.028104,6.2622,1.0,1836.152673,Hoang-Binh ba5 (ADUU v1.0)
12,2,7,1,22893.0,0.026204,8.7582,1.0,1836.152673,Hoang-Binh ba5 (ADUU v1.0)
12,3,7,2,31525.0,0.030311,11.256,1.0,1836.152673,Hoang-Binh ba5 (ADUU v1.0)
12,4,7,3,37734.0,0.033319,12.992,1.0,1836.152673,Hoang-Binh ba5 (ADUU v1.0)
12,5,7,4,38232.0,0.032091,12.871,1.0,1836.152673,Hoang-Binh ba5 (ADUU v1.0)
12,6,7,5,30022.0,0.024367,9.9541,1.0,1836.152673,Hoang-Binh ba5 (ADUU v1.0)
12,7,7,6,14158.0,0.011219,4.6425,1.0,1836.152673,Hoang-Binh ba5 (ADUU v1.0)
12,0,7,1,16725.0,0.0038288,2.5594,1.0,1836.152673,Hoang-Binh ba5 (ADUU v1.0)
12,1,7,2,6306.2,0.0025985,1.4475,1.0,1836.152673,Hoang-Binh ba5 (ADUU v1.0)
12,2,7,3,2876.4,0.001411,0.73361,1.0,1836.152673,Hoang-Binh ba5 (ADUU v1.0)
12,3,7,4,1185.1,0.000633,0.31735,1.0,1836.152673,Hoang-Binh ba5 (ADUU v1.0)
12,4,7,5,384.51,0.00021606,0.10591,1.0,1836.152673,Hoang-Binh ba5 (ADUU v1.0)
12,5,7,6,74.266,4.3157e-05,0.020835,1.0,1836.152673,Hoang-Binh ba5 (ADUU v1.0)
12,1,8,0,9900.9,0.049073,16.96,1.0,1836.152673,Hoang-Binh ba5 (ADUU v1.0)
12,2,8,1,16188.0,0.044574,23.107,1.0,1836.152673,Hoang-Binh ba5 (ADUU v1.0)
12,3,8,2,22295.0,0.051569,29.704,1.0,1836.152673,Hoang-Binh ba5 (ADUU v1.0)
12,4,8,3,27720.0,0.058882,35.612,1.0,1836.152673,Hoang-Binh ba5 (ADUU v1.0)
12,5,8,4,31004.0,0.062606,38.946,1.0,1836.152673,Hoang-Binh ba5 (ADUU v1.0)
12,6,8,5,30119.0,0.058807,37.26,1.0,1836.152673,Hoang-Binh ba5 (ADUU v1.0)
12,7,8,6,23337.0,0.044487,28.553,1.0,1836.152673,Hoang-Binh ba5 (ADUU v1.0)
12,8,8,7,11296.0,0.021151,13.706,1.0,1836.152673,Hoang-Binh ba5 (ADUU v1.0)
12,0,8,1,13613.0,0.0074969,7.7728,1.0,1836.152673,Hoang-Binh ba5 (ADUU v1.0)
12,1,8,2,5621.0,0.005572,4.8142,1.0,1836.152673,Hoang-Binh ba5 (ADUU v1.0)
12,2,8,3,2902.7,0.0034254,2.7622,1.0,1836.152673,Hoang-Binh ba5 (ADUU v1.0)
12,3,8,4,1430.4,0.0018381,1.4293,1.0,1836.152673,Hoang-Binh ba5 (ADUU v1.0)
12,4,8,5,617.85,0.00083517,0.635,1.0,1836.152673,Hoang-Binh ba5 (ADUU v1.0)
12,5,8,6,209.4,0.00029274,0.2192,1.0,1836.152673,Hoang-Binh ba5 (ADUU v1.0)
12,6,8,7,42.516,6.0877e-05,0.045084,1.0,1836.152673,Hoang-Binh ba5 (ADUU v1.0)
12,1,9,0,7534.4,0.096454,53.574,1.0,1836.152673,Hoang-Binh ba5 (ADUU v1.0)
12,2,9,1,11992.0,0.085289,71.058,1.0,1836.152673,Hoang-Binh ba5 (ADUU v1.0)
12,3,9,2,16401.0,0.097982,90.703,1.0,1836.152673,Hoang-Binh ba5 (ADUU v1.0)
12,4,9,3,20789.0,0.11406,110.86,1.0,1836.152673,Hoang-Binh ba5 (ADUU v1.0)
12,5,9,4,24633.0,0.12847,128.44,1.0,1836.152673,Hoang-Binh ba5 (ADUU v1.0)
12,6,9,5,26966.0,0.136,138.48,1.0,1836.152673,Hoang-Binh ba5 (ADUU v1.0)
12,7,9,6,26413.0,0.13005,134.15,1.0,1836.152673,Hoang-Binh ba5 (ADUU v1.0)
12,8,9,7,21486.0,0.10391,108.22,1.0,1836.152673,Hoang-Binh ba5 (ADUU v1.0)
12,9,9,8,11631.0,0.055474,58.201,1.0,1836.152673,Hoang-Binh ba5 (ADUU v1.0)
12,0,9,1,11483.0,0.016334,27.217,1.0,1836.152673,Hoang-Binh ba5 (ADUU v1.0)
12,1,9,2,5123.6,0.013118,18.216,1.0,1836.152673,Hoang-Binh ba5 (ADUU v1.0)
12,2,9,3,2926.6,0.0089205,11.561,1.0,1836.152673,Hoang-Binh ba5 (ADUU v1.0)
12,3,9,4,1651.1,0.0054802,6.8487,1.0,1836.152673,Hoang-Binh ba5 (ADUU v1.0)
12,4,9,5,864.37,0.0030179,3.6877,1.0,1836.152673,Hoang-Binh ba5 (ADUU v1.0)
12,5,9,6,396.16,0.0014305,1.7215,1.0,1836.152673,Hoang-Binh ba5 (ADUU v1.0)
12,6,9,7,143.77,0.00053171,0.63284,1.0,1836.152673,Hoang-Binh ba5 (ADUU v1.0)
12,7,9,8,31.831,0.00011985,0.14146,1.0,1836.152673,Hoang-Binh ba5 (ADUU v1.0)
12,1,10,0,5948.7,0.23796,233.63,1.0,1836.152673,Hoang-Binh ba5 (ADUU v1.0)
12,2,10,1,9198.4,0.20442,301.05,1.0,1836.152673,Hoang-Binh ba5 (ADUU v1.0)
12,3,10,2,12418.0,0.23181,379.33,1.0,1836.152673,Hoang-Binh ba5 (ADUU v1.0)
12,4,10,3,15849.0,0.27172,466.86,1.0,1836.152673,Hoang-Binh ba5 (ADUU v1.0)
12,5,10,4,19425.0,0.31658,559.48,1.0,1836.152673,Hoang-Binh ba5 (ADUU v1.0)
12,6,10,5,22874.0,0.36045,648.82,1.0,1836.152673,Hoang-Binh ba5 (ADUU v1.0)
12,7,10,6,25657.0,0.39474,719.75,1.0,1836.152673,Hoang-Binh ba5 (ADUU v1.0)
12,8,10,7,26834.0,0.40551,746.5,1.0,1836.152673,Hoang-Binh ba5 (ADUU v1.0)
12,9,10,8,24851.0,0.37034,686.81,1.0,1836.152673,Hoang-Binh ba5 (ADUU v1.0)
12,10,10,9,17212.0,0.25367,473.21,1.0,1836.152673,Hoang-Binh ba5 (ADUU v1.0)
12,0,10,1,10012.0,0.044502,131.08,1.0,1836.152673,Hoang-Binh ba5 (ADUU v1.0)
12,1,10,2,4796.9,0.038377,94.197,1.0,1836.152673,Hoang-Binh ba5 (ADUU v1.0)
12,2,10,3,2995.5,0.02853,65.359,1.0,1836.152673,Hoang-Binh ba5 (ADUU v1.0)
12,3,10,4,1893.1,0.019633,43.371,1.0,1836.152673,Hoang-Binh ba5 (ADUU v1.0)
12,4,10,5,1150.8,0.012554,27.118,1.0,1836.152673,Hoang-Binh ba5 (ADUU v1.0)
12,5,10,6,649.59,0.0073291,15.591,1.0,1836.152673,Hoang-Binh ba5 (ADUU v1.0)
12,6,10,7,324.65,0.0037517,7.8932,1.0,1836.152673,Hoang-Binh ba5 (ADUU v1.0)
12,7,10,8,131.13,0.0015427,3.2187,1.0,1836.152673,Hoang-Binh ba5 (ADUU v1.0)
12,8,10,9,33.412,0.00039862,0.82623,1.0,1836.152673,Hoang-Binh ba5 (ADUU v1.0)
12,1,11,0,4735.6,1.015,2306.8,1.0,1836.152673,Hoang-Binh ba5 (ADUU v1.0)
12,2,11,1,7077.0,0.84271,2872.9,1.0,1836.152673,Hoang-Binh ba5 (ADUU v1.0)
12,3,11,2,9362.0,0.93643,3547.0,1.0,1836.152673,Hoang-Binh ba5 (ADUU v1.0)
12,4,11,3,11901.0,1.0932,4348.0,1.0,1836.152673,Hoang-Binh ba5 (ADUU v1.0)
12,5,11,4,14831.0,1.2951,5297.9,1.0,1836.152673,Hoang-Binh ba5 (ADUU v1.0)
12,6,11,5,18254.0,1.5413,6422.1,1.0,1836.152673,Hoang-Binh ba5 (ADUU v1.0)
12,7,11,6,22277.0,1.8365,7751.2,1.0,1836.152673,Hoang-Binh ba5 (ADUU v1.0)
12,8,11,7,27013.0,2.1873,9320.7,1.0,1836.152673,Hoang-Binh ba5 (ADUU v1.0)
12,9,11,8,32592.0,2.6025,11172.0,1.0,1836.152673,Hoang-Binh ba5 (ADUU v1.0)
12,10,11,9,39165.0,3.0928,13355.0,1.0,1836.152673,Hoang-Binh ba5 (ADUU v1.0)
12,11,11,10,46910.0,3.6707,15927.0,1.0,1836.152673,Hoang-Binh ba5 (ADUU v1.0)
12,0,11,1,8858.0,0.21096,1438.3,1.0,1836.152673,Hoang-Binh ba5 (ADUU v1.0)
12,1,11,2,4561.1,0.19552,1110.9,1.0,1836.152673,Hoang-Binh ba5 (ADUU v1.0)
12,2,11,3,3108.3,0.15863,841.19,1.0,1836.152673,Hoang-Binh ba5 (ADUU v1.0)
12,3,11,4,2185.2,0.12143,620.94,1.0,1836.152673,Hoang-Binh ba5 (ADUU v1.0)
12,4,11,5,1516.4,0.088643,443.21,1.0,1836.152673,Hoang-Binh ba5 (ADUU v1.0)
12,5,11,6,1014.9,0.061357,302.13,1.0,1836.152673,Hoang-Binh ba5 (ADUU v1.0)
12,6,11,7,639.29,0.039585,192.78,1.0,1836.152673,Hoang-Binh ba5 (ADUU v1.0)
12,7,11,8,364.67,0.022989,111.03,1.0,1836.152673,Hoang-Binh ba5 (ADUU v1.0)
12,8,11,9,174.24,0.011139,53.442,1.0,1836.152673,Hoang-Binh ba5 (ADUU v1.0)
12,9,11,10,55.754,0.003604,17.201,1.0,1836.152673,Hoang-Binh ba5 (ADUU v1.0)
13,1,1,0,1912300.0,0.00072273,0.0021811,1.0,1836.152673,Hoang-Binh ba5 (ADUU v1.0)
13,1,2,0,279630.0,0.0017529,0.021545,1.0,1836.152673,Hoang-Binh ba5 (ADUU v1.0)
13,2,2,1,458250.0,0.0015959,0.029423,1.0,1836.152673,Hoang-Binh ba5 (ADUU v1.0)
13,0,2,1,70324.0,4.8983e-05,0.0018061,1.0,1836.152673,Hoang-Binh ba5 (ADUU v1.0)
13,1,3,0,94064.0,0.0031747,0.090539,1.0,1836.152673,Hoang-Binh ba5 (ADUU v1.0)
13,2,3,1,169590.0,0.0031798,0.13603,1.0,1836.152673,Hoang-Binh ba5 (ADUU v1.0)
13,3,3,2,153540.0,0.0024183,0.11494,1.0,1836.152673,Hoang-Binh ba5 (ADUU v1.0)
13,0,3,1,46829.0,0.00017561,0.015025,1.0,1836.152673,Hoang-Binh ba5 (ADUU v1.0)
13,1,3,2,6433.3,4.3425e-05,0.0030961,1.0,1836.152673,Hoang-Binh ba5 (ADUU v1.0)
13,1,4,0,44164.0,0.0051519,0.27315,1.0,1836.152673,Hoang-Binh ba5 (ADUU v1.0)
13,2,4,1,79431.0,0.0051476,0.40939,1.0,1836.152673,Hoang-Binh ba5 (ADUU v1.0)
13,3,4,2,94569.0,0.0051481,0.45492,1.0,1836.152673,Hoang-Binh ba5 (ADUU v1.0)
13,4,4,3,61901.0,0.0030947,0.28714,1.0,1836.152673,Hoang-Binh ba5 (ADUU v1.0)
13,0,4,1,31403.0,0.00040702,0.06474,1.0,1836.152673,Hoang-Binh ba5 (ADUU v1.0)
13,1,4,2,7010.0,0.00016355,0.021678,1.0,1836.152673,Hoang-Binh ba5 (ADUU v1.0)
13,2,4,3,1248.6,3.4679e-05,0.0042902,1.0,1836.152673,Hoang-Binh ba5 (ADUU v1.0)
13,1,5,0,24840.0,0.0079862,0.70295,1.0,1836.152673,Hoang-Binh ba5 (ADUU v1.0)
13,2,5,1,43768.0,0.0078176,1.0322,1.0,1836.152673,Hoang-Binh ba5 (ADUU v1.0)
13,3,5,2,57012.0,0.0085538,1.2549,1.0,1836.152673,Hoang-Binh ba5 (ADUU v1.0)
13,4,5,3,53908.0,0.0074279,1.1442,1.0,1836.152673,Hoang-Binh ba5 (ADUU v1.0)
13,5,5,4,28758.0,0.0037668,0.5968,1.0,1836.152673,Hoang-Binh ba5 (ADUU v1.0)
13,0,5,1,22246.0,0.00079469,0.20985,1.0,1836.152673,Hoang-Binh ba5 (ADUU v1.0)
13,1,5,2,6333.1,0.00040723,0.089611,1.0,1836.152673,Hoang-Binh ba5 (ADUU v1.0)
13,2,5,3,1864.0,0.00014269,0.029305,1.0,1836.152673,Hoang-Binh ba5 (ADUU v1.0)
13,3,5,4,340.26,2.8362e-05,0.005617,1.0,1836.152673,Hoang-Binh ba5 (ADUU v1.0)
13,1,6,0,15658.0,0.012237,1.6793,1.0,1836.152673,Hoang-Binh ba5 (ADUU v1.0)
13,2,6,1,26926.0,0.01169,2.4065,1.0,1836.152673,Hoang-Binh ba5 (ADUU v1.0)
13,3,6,2,36333.0,0.013251,3.0307,1.0,1836.152673,Hoang-Binh ba5 (ADUU v1.0)
13,4,6,3,39765.0,0.013319,3.1986,1.0,1836.152673,Hoang-Binh ba5 (ADUU v1.0)
13,5,6,4,32500.0,0.010348,2.5561,1.0,1836.152673,Hoang-Binh ba5 (ADUU v1.0)
13,6,6,5,15248.0,0.0046945,1.1811,1.0,1836.152673,Hoang-Binh ba5 (ADUU v1.0)
13,0,6,1,16579.0,0.0014396,0.5927,1.0,1836.152673,Hoang-Binh ba5 (ADUU v1.0)
13,1,6,2,5510.6,0.00086132,0.2955,1.0,1836.152673,Hoang-Binh ba5 (ADUU v1.0)
13,2,6,3,2092.3,0.00038932,0.12467,1.0,1836.152673,Hoang-Binh ba5 (ADUU v1.0)
13,3,6,4,643.3,0.00013034,0.040246,1.0,1836.152673,Hoang-Binh ba5 (ADUU v1.0)
13,4,6,5,117.72,2.5092e-05,0.0075756,1.0,1836.152673,Hoang-Binh ba5 (ADUU v1.0)
13,1,7,0,10683.0,0.019001,3.9337,1.0,1836.152673,Hoang-Binh ba5 (ADUU v1.0)
13,2,7,1,17924.0,0.017711,5.4998,1.0,1836.152673,Hoang-Binh ba5 (ADUU v1.0)
13,3,7,2,24498.0,0.020333,7.0156,1.0,1836.152673,Hoang-Binh ba5 (ADUU v1.0)
13,4,7,3,28827.0,0.021973,7.9605,1.0,1836.152673,Hoang-Binh ba5 (ADUU v1.0)
13,5,7,4,28344.0,0.020538,7.6533,1.0,1836.152673,Hoang-Binh ba5 (ADUU v1.0)
13,6,7,5,21217.0,0.014865,5.642,1.0,1836.152673,Hoang-Binh ba5 (ADUU v1.0)
13,7,7,6,9296.0,0.006359,2.4449,1.0,1836.152673,Hoang-Binh ba5 (ADUU v1.0)
13,0,7,1,12899.0,0.0025491,1.5832,1.0,1836.152673,Hoang-Binh ba5 (ADUU v1.0)
13,1,7,2,4793.8,0.0017052,0.88255,1.0,1836.152673,Hoang-Binh ba5 (ADUU v1.0)
13,2,7,3,2144.9,0.0009083,0.43876,1.0,1836.152673,Hoang-Binh ba5 (ADUU v1.0)
13,3,7,4,861.83,0.00039739,0.18511,1.0,1836.152673,Hoang-Binh ba5 (ADUU v1.0)
13,4,7,5,270.58,0.00013125,0.059778,1.0,1836.152673,Hoang-Binh ba5 (ADUU v1.0)
13,5,7,6,50.017,2.5091e-05,0.011254,1.0,1836.152673,Hoang-Binh ba5 (ADUU v1.0)
13,1,8,0,7733.4,0.030647,9.4708,1.0,1836.152673,Hoang-Binh ba5 (ADUU v1.0)
13,2,8,1,12663.0,0.027879,12.923,1.0,1836.152673,Hoang-Binh ba5 (ADUU v1.0)
13,3,8,2,17333.0,0.032056,16.51,1.0,1836.152673,Hoang-Binh ba5 (ADUU v1.0)
13,4,8,3,21207.0,0.036017,19.478,1.0,1836.152673,Hoang-Binh ba5 (ADUU v1.0)
13,5,8,4,23034.0,0.03719,20.687,1.0,1836.152673,Hoang-Binh ba5 (ADUU v1.0)
13,6,8,5,21339.0,0.033314,18.874,1.0,1836.152673,Hoang-Binh ba5 (ADUU v1.0)
13,7,8,6,15366.0,0.023421,13.441,1.0,1836.152673,Hoang-Binh ba5 (ADUU v1.0)
13,8,8,7,6650.6,0.0099567,5.7692,1.0,1836.152673,Hoang-Binh ba5 (ADUU v1.0)
13,0,8,1,10415.0,0.0045862,4.2518,1.0,1836.152673,Hoang-Binh ba5 (ADUU v1.0)
13,1,8,2,4223.8,0.0033477,2.5864,1.0,1836.152673,Hoang-Binh ba5 (ADUU v1.0)
13,2,8,3,2130.8,0.0020105,1.4497,1.0,1836.152673,Hoang-Binh ba5 (ADUU v1.0)
13,3,8,4,1019.3,0.0010472,0.72815,1.0,1836.152673,Hoang-Binh ba5 (ADUU v1.0)
13,4,8,5,423.84,0.00045808,0.31143,1.0,1836.152673,Hoang-Binh ba5 (ADUU v1.0)
13,5,8,6,136.75,0.00015285,0.10234,1.0,1836.152673,Hoang-Binh ba5 (ADUU v1.0)
13,6,8,7,26.01,2.9778e-05,0.019719,1.0,1836.152673,Hoang-Binh ba5 (ADUU v1.0)
13,1,9,0,5865.0,0.053004,24.735,1.0,1836.152673,Hoang-Binh ba5 (ADUU v1.0)
13,2,9,1,9373.2,0.04706,32.942,1.0,1836.152673,Hoang-Binh ba5 (ADUU v1.0)
13,3,9,2,12766.0,0.053842,41.877,1.0,1836.152673,Hoang-Binh ba5 (ADUU v1.0)
13,4,9,3,15948.0,0.061769,50.445,1.0,1836.152673,Hoang-Binh ba5 (ADUU v1.0)
13,5,9,4,18372.0,0.067642,56.82,1.0,1836.152673,Hoang-Binh ba5 (ADUU v1.0)
13,6,9,5,19195.0,0.068336,58.466,1.0,1836.152673,Hoang-Binh ba5 (ADUU v1.0)
13,7,9,6,17481.0,0.060763,52.662,1.0,1836.152673,Hoang-Binh ba5 (ADUU v1.0)
13,8,9,7,12720.0,0.043426,37.998,1.0,1836.152673,Hoang-Binh ba5 (ADUU v1.0)
13,9,9,8,5785.5,0.019479,17.17,1.0,1836.152673,Hoang-Binh ba5 (ADUU v1.0)
13,0,9,1,8693.4,0.0087294,12.221,1.0,1836.152673,Hoang-Binh ba5 (ADUU v1.0)
13,1,9,2,3791.7,0.0068534,7.9957,1.0,1836.152673,Hoang-Binh ba5 (ADUU v1.0)
13,2,9,3,2104.4,0.004528,4.9306,1.0,1836.152673,Hoang-Binh ba5 (ADUU v1.0)
13,3,9,4,1145.5,0.0026838,2.8181,1.0,1836.152673,Hoang-Binh ba5 (ADUU v1.0)
13,4,9,5,573.45,0.0014134,1.4511,1.0,1836.152673,Hoang-Binh ba5 (ADUU v1.0)
13,5,9,6,248.4,0.00063318,0.64022,1.0,1836.152673,Hoang-Binh ba5 (ADUU v1.0)
13,6,9,7,83.821,0.00021884,0.21884,1.0,1836.152673,Hoang-Binh ba5 (ADUU v1.0)
13,7,9,8,16.85,4.4788e-05,0.044415,1.0,1836.152673,Hoang-Binh ba5 (ADUU v1.0)
13,1,10,0,4621.9,0.10355,76.088,1.0,1836.152673,Hoang-Binh ba5 (ADUU v1.0)
13,2,10,1,7205.0,0.08968,98.843,1.0,1836.152673,Hoang-Binh ba5 (ADUU v1.0)
13,3,10,2,9718.2,0.10161,124.43,1.0,1836.152673,Hoang-Binh ba5 (ADUU v1.0)
13,4,10,3,12256.0,0.11768,151.32,1.0,1836.152673,Hoang-Binh ba5 (ADUU v1.0)
13,5,10,4,14633.0,0.13356,176.65,1.0,1836.152673,Hoang-Binh ba5 (ADUU v1.0)
13,6,10,5,16469.0,0.14535,195.81,1.0,1836.152673,Hoang-Binh ba5 (ADUU v1.0)
13,7,10,6,17194.0,0.14816,202.19,1.0,1836.152673,Hoang-Binh ba5 (ADUU v1.0)
13,8,10,7,16097.0,0.13624,187.7,1.0,1836.152673,Hoang-Binh ba5 (ADUU v1.0)
13,9,10,8,12530.0,0.10459,145.16,1.0,1836.152673,Hoang-Binh ba5 (ADUU v1.0)
13,10,10,9,6495.1,0.053613,74.848,1.0,1836.152673,Hoang-Binh ba5 (ADUU v1.0)
13,0,10,1,7485.8,0.018635,41.078,1.0,1836.152673,Hoang-Binh ba5 (ADUU v1.0)
13,1,10,2,3482.4,0.015604,28.664,1.0,1836.152673,Hoang-Binh ba5 (ADUU v1.0)
13,2,10,3,2096.8,0.011185,19.177,1.0,1836.152673,Hoang-Binh ba5 (ADUU v1.0)
13,3,10,4,1267.5,0.0073626,12.172,1.0,1836.152673,Hoang-Binh ba5 (ADUU v1.0)
13,4,10,5,729.86,0.0044597,7.2092,1.0,1836.152673,Hoang-Binh ba5 (ADUU v1.0)
13,5,10,6,385.39,0.0024354,3.8772,1.0,1836.152673,Hoang-Binh ba5 (ADUU v1.0)
13,6,10,7,177.13,0.0011465,1.8051,1.0,1836.152673,Hoang-Binh ba5 (ADUU v1.0)
13,7,10,8,64.211,0.00042312,0.66067,1.0,1836.152673,Hoang-Binh ba5 (ADUU v1.0)
13,8,10,9,14.155,9.4585e-05,0.14672,1.0,1836.152673,Hoang-Binh ba5 (ADUU v1.0)
13,1,11,0,3755.9,0.25459,325.38,1.0,1836.152673,Hoang-Binh ba5 (ADUU v1.0)
13,2,11,1,5699.5,0.21463,411.46,1.0,1836.152673,Hoang-Binh ba5 (ADUU v1.0)
13,3,11,2,7578.7,0.23973,510.65,1.0,1836.152673,Hoang-Binh ba5 (ADUU v1.0)
13,4,11,3,9567.1,0.27793,621.61,1.0,1836.152673,Hoang-Binh ba5 (ADUU v1.0)
13,5,11,4,11660.0,0.32201,740.78,1.0,1836.152673,Hoang-Binh ba5 (ADUU v1.0)
13,6,11,5,13762.0,0.36747,861.03,1.0,1836.152673,Hoang-Binh ba5 (ADUU v1.0)
13,7,11,6,15670.0,0.40853,969.68,1.0,1836.152673,Hoang-Binh ba5 (ADUU v1.0)
13,8,11,7,17038.0,0.4363,1045.5,1.0,1836.152673,Hoang-Binh ba5 (ADUU v1.0)
13,9,11,8,17301.0,0.43689,1054.7,1.0,1836.152673,Hoang-Binh ba5 (ADUU v1.0)
13,10,11,9,15570.0,0.38883,944.21,1.0,1836.152673,Hoang-Binh ba5 (ADUU v1.0)
13,11,11,10,10487.0,0.25952,633.22,1.0,1836.152673,Hoang-Binh ba5 (ADUU v1.0)
13,0,11,1,6638.3,0.049996,191.7,1.0,1836.152673,Hoang-Binh ba5 (ADUU v1.0)
13,1,11,2,3282.2,0.044496,142.17,1.0,1836.152673,Hoang-Binh ba5 (ADUU v1.0)
13,2,11,3,2129.7,0.034371,102.5,1.0,1836.152673,Hoang-Binh ba5 (ADUU v1.0)
13,3,11,4,1412.1,0.024816,71.362,1.0,1836.152673,Hoang-Binh ba5 (ADUU v1.0)
13,4,11,5,913.98,0.016896,47.508,1.0,1836.152673,Hoang-Binh ba5 (ADUU v1.0)
13,5,11,6,562.62,0.010756,29.786,1.0,1836.152673,Hoang-Binh ba5 (ADUU v1.0)
13,6,11,7,320.0,0.0062661,17.161,1.0,1836.152673,Hoang-Binh ba5 (ADUU v1.0)
13,7,11,8,160.66,0.003203,8.6991,1.0,1836.152673,Hoang-Binh ba5 (ADUU v1.0)
13,8,11,9,65.052,0.0013151,3.5483,1.0,1836.152673,Hoang-Binh ba5 (ADUU v1.0)
13,9,11,10,16.588,0.0003391,0.91012,1.0,1836.152673,Hoang-Binh ba5 (ADUU v1.0)
13,1,12,0,3064.1,1.0844,3166.7,1.0,1836.152673,Hoang-Binh ba5 (ADUU v1.0)
13,2,12,1,4503.9,0.88551,3879.0,1.0,1836.152673,Hoang-Binh ba5 (ADUU v1.0)
13,3,12,2,5866.8,0.96892,4715.9,1.0,1836.152673,Hoang-Binh ba5 (ADUU v1.0)
13,4,12,3,7350.0,1.1148,5697.1,1.0,1836.152673,Hoang-Binh ba5 (ADUU v1.0)
13,5,12,4,9032.2,1.3023,6845.5,1.0,1836.152673,Hoang-Binh ba5 (ADUU v1.0)
13,6,12,5,10969.0,1.5292,8187.4,1.0,1836.152673,Hoang-Binh ba5 (ADUU v1.0)
13,7,12,6,13212.0,1.7984,9753.5,1.0,1836.152673,Hoang-Binh ba5 (ADUU v1.0)
13,8,12,7,15817.0,2.1147,11579.0,1.0,1836.152673,Hoang-Binh ba5 (ADUU v1.0)
13,9,12,8,18846.0,2.4847,13706.0,1.0,1836.152673,Hoang-Binh ba5 (ADUU v1.0)
13,10,12,9,22368.0,2.9164,16182.0,1.0,1836.152673,Hoang-Binh ba5 (ADUU v1.0)
13,11,12,10,26462.0,3.419,19061.0,1.0,1836.152673,Hoang-Binh ba5 (ADUU v1.0)
13,12,12,11,31224.0,4.0036,22409.0,1.0,1836.152673,Hoang-Binh ba5 (ADUU v1.0)
13,0,12,1,5953.6,0.23411,2051.0,1.0,1836.152673,Hoang-Binh ba5 (ADUU v1.0)
13,1,12,2,3135.8,0.22195,1620.4,1.0,1836.152673,Hoang-Binh ba5 (ADUU v1.0)
13,2,12,3,2194.2,0.18488,1259.8,1.0,1836.152673,Hoang-Binh ba5 (ADUU v1.0)
13,3,12,4,1592.2,0.14608,959.88,1.0,1836.152673,Hoang-Binh ba5 (ADUU v1.0)
13,4,12,5,1149.3,0.11093,712.67,1.0,1836.152673,Hoang-Binh ba5 (ADUU v1.0)
13,5,12,6,809.78,0.08083,511.44,1.0,1836.152673,Hoang-Binh ba5 (ADUU v1.0)
13,6,12,7,547.68,0.055993,350.39,1.0,1836.152673,Hoang-Binh ba5 (ADUU v1.0)
13,7,12,8,347.71,0.036193,224.6,1.0,1836.152673,Hoang-Binh ba5 (ADUU v1.0)
13,8,12,9,199.61,0.021069,129.89,1.0,1836.152673,Hoang-Binh ba5 (ADUU v1.0)
13,9,12,10,95.873,0.010233,62.754,1.0,1836.152673,Hoang-Binh ba5 (ADUU v1.0)
13,10,12,11,30.81,0.0033185,20.263,1.0,1836.152673,Hoang-Binh ba5 (ADUU v1.0)
14,1,1,0,1530300.0,0.0005774,0.0017411,1.0,1836.152673,Hoang-Binh ba5 (ADUU v1.0)
14,1,2,0,223830.0,0.0013938,0.017074,1.0,1836.152673,Hoang-Binh ba5 (ADUU v1.0)
14,2,2,1,365590.0,0.0012648,0.02324,1.0,1836.152673,Hoang-Binh ba5 (ADUU v1.0)
14,0,2,1,56244.0,3.8916e-05,0.0014302,1.0,1836.152673,Hoang-Binh ba5 (ADUU v1.0)
14,1,3,0,75301.0,0.0025025,0.07082,1.0,1836.152673,Hoang-Binh ba5 (ADUU v1.0)
14,2,3,1,135340.0,0.0024988,0.10607,1.0,1836.152673,Hoang-Binh ba5 (ADUU v1.0)
14,3,3,2,121590.0,0.0018857,0.088941,1.0,1836.152673,Hoang-Binh ba5 (ADUU v1.0)
14,0,3,1,37403.0,0.00013811,0.011726,1.0,1836.152673,Hoang-Binh ba5 (ADUU v1.0)
14,1,3,2,5117.1,3.4011e-05,0.0024063,1.0,1836.152673,Hoang-Binh ba5 (ADUU v1.0)
14,1,4,0,35348.0,0.0040071,0.20944,1.0,1836.152673,Hoang-Binh ba5 (ADUU v1.0)
14,2,4,1,63403.0,0.0039931,0.31306,1.0,1836.152673,Hoang-Binh ba5 (ADUU v1.0)
14,3,4,2,74922.0,0.0039635,0.34527,1.0,1836.152673,Hoang-Binh ba5 (ADUU v1.0)
14,4,4,3,48345.0,0.0023488,0.21483,1.0,1836.152673,Hoang-Binh ba5 (ADUU v1.0)
14,0,4,1,25032.0,0.0003153,0.049439,1.0,1836.152673,Hoang-Binh ba5 (ADUU v1.0)
14,1,4,2,5556.8,0.00012599,0.016462,1.0,1836.152673,Hoang-Binh ba5 (ADUU v1.0)
14,2,4,3,981.6,2.6494e-05,0.0032311,1.0,1836.152673,Hoang-Binh ba5 (ADUU v1.0)
14,1,5,0,19870.0,0.0060933,0.52381,1.0,1836.152673,Hoang-Binh ba5 (ADUU v1.0)
14,2,5,1,34936.0,0.005952,0.7675,1.0,1836.152673,Hoang-Binh ba5 (ADUU v1.0)
14,3,5,2,45182.0,0.006466,0.92642,1.0,1836.152673,Hoang-Binh ba5 (ADUU v1.0)
14,4,5,3,42123.0,0.0055362,0.83285,1.0,1836.152673,Hoang-Binh ba5 (ADUU v1.0)
14,5,5,4,21946.0,0.0027419,0.42427,1.0,1836.152673,Hoang-Binh ba5 (ADUU v1.0)
14,0,5,1,17685.0,0.00060261,0.15541,1.0,1836.152673,Hoang-Binh ba5 (ADUU v1.0)
14,1,5,2,4998.7,0.00030658,0.065888,1.0,1836.152673,Hoang-Binh ba5 (ADUU v1.0)
14,2,5,3,1456.3,0.00010633,0.021329,1.0,1836.152673,Hoang-Binh ba5 (ADUU v1.0)
14,3,5,4,262.1,2.0838e-05,0.0040306,1.0,1836.152673,Hoang-Binh ba5 (ADUU v1.0)
14,1,6,0,12512.0,0.009088,1.2023,1.0,1836.152673,Hoang-Binh ba5 (ADUU v1.0)
14,2,6,1,21487.0,0.0086705,1.7207,1.0,1836.152673,Hoang-Binh ba5 (ADUU v1.0)
14,3,6,2,28801.0,0.0097623,2.1526,1.0,1836.152673,Hoang-Binh ba5 (ADUU v1.0)
14,4,6,3,31089.0,0.0096775,2.2406,1.0,1836.152673,Hoang-Binh ba5 (ADUU v1.0)
14,5,6,4,24820.0,0.0073446,1.749,1.0,1836.152673,Hoang-Binh ba5 (ADUU v1.0)
14,6,6,5,11226.0,0.0032122,0.77913,1.0,1836.152673,Hoang-Binh ba5 (ADUU v1.0)
14,0,6,1,13134.0,0.00106,0.4207,1.0,1836.152673,Hoang-Binh ba5 (ADUU v1.0)
14,1,6,2,4326.2,0.00062846,0.20786,1.0,1836.152673,Hoang-Binh ba5 (ADUU v1.0)
14,2,6,3,1622.4,0.00028058,0.086614,1.0,1836.152673,Hoang-Binh ba5 (ADUU v1.0)
14,3,6,4,490.64,9.2392e-05,0.027503,1.0,1836.152673,Hoang-Binh ba5 (ADUU v1.0)
14,4,6,5,87.804,1.7393e-05,0.0050625,1.0,1836.152673,Hoang-Binh ba5 (ADUU v1.0)
14,1,7,0,8524.0,0.013589,2.6634,1.0,1836.152673,Hoang-Binh ba5 (ADUU v1.0)
14,2,7,1,14296.0,0.012661,3.7223,1.0,1836.152673,Hoang-Binh ba5 (ADUU v1.0)
14,3,7,2,19422.0,0.014448,4.7198,1.0,1836.152673,Hoang-Binh ba5 (ADUU v1.0)
14,4,7,3,22550.0,0.015406,5.2844,1.0,1836.152673,Hoang-Binh ba5 (ADUU v1.0)
14,5,7,4,21665.0,0.014071,4.9641,1.0,1836.152673,Hoang-Binh ba5 (ADUU v1.0)
14,6,7,5,15637.0,0.0098198,3.5286,1.0,1836.152673,Hoang-Binh ba5 (ADUU v1.0)
14,7,7,6,6486.3,0.003977,1.4476,1.0,1836.152673,Hoang-Binh ba5 (ADUU v1.0)
14,0,7,1,10172.0,0.0018017,1.0594,1.0,1836.152673,Hoang-Binh ba5 (ADUU v1.0)
14,1,7,2,3738.3,0.0011919,0.58402,1.0,1836.152673,Hoang-Binh ba5 (ADUU v1.0)
14,2,7,3,1648.0,0.0006255,0.28606,1.0,1836.152673,Hoang-Binh ba5 (ADUU v1.0)
14,3,7,4,649.46,0.00026842,0.11837,1.0,1836.152673,Hoang-Binh ba5 (ADUU v1.0)
14,4,7,5,198.81,8.6438e-05,0.037272,1.0,1836.152673,Hoang-Binh ba5 (ADUU v1.0)
14,5,7,6,35.537,1.5979e-05,0.0067857,1.0,1836.152673,Hoang-Binh ba5 (ADUU v1.0)
14,1,8,0,6156.3,0.020764,5.9195,1.0,1836.152673,Hoang-Binh ba5 (ADUU v1.0)
14,2,8,1,10089.0,0.018905,8.0844,1.0,1836.152673,Hoang-Binh ba5 (ADUU v1.0)
14,3,8,2,13741.0,0.021628,10.277,1.0,1836.152673,Hoang-Binh ba5 (ADUU v1.0)
14,4,8,3,16600.0,0.023995,11.971,1.0,1836.152673,Hoang-Binh ba5 (ADUU v1.0)
14,5,8,4,17626.0,0.02422,12.429,1.0,1836.152673,Hoang-Binh ba5 (ADUU v1.0)
14,6,8,5,15749.0,0.020925,10.937,1.0,1836.152673,Hoang-Binh ba5 (ADUU v1.0)
14,7,8,6,10739.0,0.01393,7.3755,1.0,1836.152673,Hoang-Binh ba5 (ADUU v1.0)
14,8,8,7,4287.9,0.0054634,2.9204,1.0,1836.152673,Hoang-Binh ba5 (ADUU v1.0)
14,0,8,1,8163.6,0.0030593,2.6165,1.0,1836.152673,Hoang-Binh ba5 (ADUU v1.0)
14,1,8,2,3265.5,0.0022027,1.57,1.0,1836.152673,Hoang-Binh ba5 (ADUU v1.0)
14,2,8,3,1618.2,0.0012995,0.86444,1.0,1836.152673,Hoang-Binh ba5 (ADUU v1.0)
14,3,8,4,756.75,0.00066171,0.42446,1.0,1836.152673,Hoang-Binh ba5 (ADUU v1.0)
14,4,8,5,305.71,0.00028121,0.17637,1.0,1836.152673,Hoang-Binh ba5 (ADUU v1.0)
14,5,8,6,95.022,9.0394e-05,0.055836,1.0,1836.152673,Hoang-Binh ba5 (ADUU v1.0)
14,6,8,7,17.209,1.6768e-05,0.010244,1.0,1836.152673,Hoang-Binh ba5 (ADUU v1.0)
14,1,9,0,4654.6,0.033131,13.721,1.0,1836.152673,Hoang-Binh ba5 (ADUU v1.0)
14,2,9,1,7458.5,0.029493,18.322,1.0,1836.152673,Hoang-Binh ba5 (ADUU v1.0)
14,3,9,2,10121.0,0.033619,23.206,1.0,1836.152673,Hoang-Binh ba5 (ADUU v1.0)
14,4,9,3,12497.0,0.038121,27.629,1.0,1836.152673,Hoang-Binh ba5 (ADUU v1.0)
14,5,9,4,14083.0,0.040838,30.444,1.0,1836.152673,Hoang-Binh ba5 (ADUU v1.0)
14,6,9,5,14198.0,0.039812,30.229,1.0,1836.152673,Hoang-Binh ba5 (ADUU v1.0)
14,7,9,6,12249.0,0.033533,25.792,1.0,1836.152673,Hoang-Binh ba5 (ADUU v1.0)
14,8,9,7,8223.8,0.022113,17.172,1.0,1836.152673,Hoang-Binh ba5 (ADUU v1.0)
14,9,9,8,3319.7,0.0088029,6.8865,1.0,1836.152673,Hoang-Binh ba5 (ADUU v1.0)
14,0,9,1,6760.0,0.0053463,6.6426,1.0,1836.152673,Hoang-Binh ba5 (ADUU v1.0)
14,1,9,2,2899.1,0.0041271,4.2732,1.0,1836.152673,Hoang-Binh ba5 (ADUU v1.0)
14,2,9,3,1574.8,0.0026688,2.579,1.0,1836.152673,Hoang-Binh ba5 (ADUU v1.0)
14,3,9,4,834.54,0.00154,1.4351,1.0,1836.152673,Hoang-Binh ba5 (ADUU v1.0)
14,4,9,5,404.07,0.00078438,0.71469,1.0,1836.152673,Hoang-Binh ba5 (ADUU v1.0)
14,5,9,6,167.82,0.00033691,0.30232,1.0,1836.152673,Hoang-Binh ba5 (ADUU v1.0)
14,6,9,7,53.654,0.00011033,0.097912,1.0,1836.152673,Hoang-Binh ba5 (ADUU v1.0)
14,7,9,8,10.05,2.104e-05,0.018517,1.0,1836.152673,Hoang-Binh ba5 (ADUU v1.0)
14,1,10,0,3654.3,0.05689,34.845,1.0,1836.152673,Hoang-Binh ba5 (ADUU v1.0)
14,2,10,1,5725.6,0.04952,45.497,1.0,1836.152673,Hoang-Binh ba5 (ADUU v1.0)
14,3,10,2,7709.4,0.056009,57.176,1.0,1836.152673,Hoang-Binh ba5 (ADUU v1.0)
14,4,10,3,9624.6,0.064215,68.83,1.0,1836.152673,Hoang-Binh ba5 (ADUU v1.0)
14,5,10,4,11254.0,0.07138,78.697,1.0,1836.152673,Hoang-Binh ba5 (ADUU v1.0)
14,6,10,5,12234.0,0.075027,84.249,1.0,1836.152673,Hoang-Binh ba5 (ADUU v1.0)
14,7,10,6,12106.0,0.072487,82.454,1.0,1836.152673,Hoang-Binh ba5 (ADUU v1.0)
14,8,10,7,10462.0,0.061528,70.661,1.0,1836.152673,Hoang-Binh ba5 (ADUU v1.0)
14,9,10,8,7229.2,0.041928,48.509,1.0,1836.152673,Hoang-Binh ba5 (ADUU v1.0)
14,10,10,9,3123.7,0.017916,20.85,1.0,1836.152673,Hoang-Binh ba5 (ADUU v1.0)
14,0,10,1,5761.0,0.0099651,18.311,1.0,1836.152673,Hoang-Binh ba5 (ADUU v1.0)
14,1,10,2,2624.1,0.0081704,12.511,1.0,1836.152673,Hoang-Binh ba5 (ADUU v1.0)
14,2,10,3,1539.0,0.0057047,8.153,1.0,1836.152673,Hoang-Binh ba5 (ADUU v1.0)
14,3,10,4,900.89,0.0036361,5.011,1.0,1836.152673,Hoang-Binh ba5 (ADUU v1.0)
14,4,10,5,498.74,0.0021175,2.8534,1.0,1836.152673,Hoang-Binh ba5 (ADUU v1.0)
14,5,10,6,250.9,0.0011017,1.462,1.0,1836.152673,Hoang-Binh ba5 (ADUU v1.0)
14,6,10,7,108.53,0.0004881,0.64063,1.0,1836.152673,Hoang-Binh ba5 (ADUU v1.0)
14,7,10,8,36.407,0.0001667,0.21697,1.0,1836.152673,Hoang-Binh ba5 (ADUU v1.0)
14,8,10,9,7.2477,3.3652e-05,0.043513,1.0,1836.152673,Hoang-Binh ba5 (ADUU v1.0)
14,1,11,0,2962.2,0.11062,104.94,1.0,1836.152673,Hoang-Binh ba5 (ADUU v1.0)
14,2,11,1,4535.3,0.094092,133.89,1.0,1836.152673,Hoang-Binh ba5 (ADUU v1.0)
14,3,11,2,6039.0,0.10524,166.4,1.0,1836.152673,Hoang-Binh ba5 (ADUU v1.0)
14,4,11,3,7565.9,0.12109,201.02,1.0,1836.152673,Hoang-Binh ba5 (ADUU v1.0)
14,5,11,4,9049.7,0.13768,235.1,1.0,1836.152673,Hoang-Binh ba5 (ADUU v1.0)
14,6,11,5,10332.0,0.15199,264.34,1.0,1836.152673,Hoang-Binh ba5 (ADUU v1.0)
14,7,11,6,11164.0,0.16035,282.5,1.0,1836.152673,Hoang-Binh ba5 (ADUU v1.0)
14,8,11,7,11215.0,0.15822,281.42,1.0,1836.152673,Hoang-Binh ba5 (ADUU v1.0)
14,9,11,8,10114.0,0.14072,252.15,1.0,1836.152673,Hoang-Binh ba5 (ADUU v1.0)
14,10,11,9,7590.4,0.10443,188.23,1.0,1836.152673,Hoang-Binh ba5 (ADUU v1.0)
14,11,11,10,3794.8,0.051736,93.696,1.0,1836.152673,Hoang-Binh ba5 (ADUU v1.0)
14,0,11,1,5046.9,0.020941,59.597,1.0,1836.152673,Hoang-Binh ba5 (ADUU v1.0)
14,1,11,2,2428.6,0.018139,43.018,1.0,1836.152673,Hoang-Binh ba5 (ADUU v1.0)
14,2,11,3,1524.5,0.013555,30.003,1.0,1836.152673,Hoang-Binh ba5 (ADUU v1.0)
14,3,11,4,971.35,0.0094044,20.073,1.0,1836.152673,Hoang-Binh ba5 (ADUU v1.0)
14,4,11,5,599.37,0.0061044,12.74,1.0,1836.152673,Hoang-Binh ba5 (ADUU v1.0)
14,5,11,6,348.31,0.0036687,7.5406,1.0,1836.152673,Hoang-Binh ba5 (ADUU v1.0)
14,6,11,7,184.64,0.0019919,4.0492,1.0,1836.152673,Hoang-Binh ba5 (ADUU v1.0)
14,7,11,8,84.903,0.00093254,1.8799,1.0,1836.152673,Hoang-Binh ba5 (ADUU v1.0)
14,8,11,9,30.714,0.00034208,0.68509,1.0,1836.152673,Hoang-Binh ba5 (ADUU v1.0)
14,9,11,10,6.7408,7.5919e-05,0.15124,1.0,1836.152673,Hoang-Binh ba5 (ADUU v1.0)
14,1,12,0,2465.0,0.27121,441.62,1.0,1836.152673,Hoang-Binh ba5 (ADUU v1.0)
14,2,12,1,3680.5,0.22497,549.48,1.0,1836.152673,Hoang-Binh ba5 (ADUU v1.0)
14,3,12,2,4828.6,0.24793,672.83,1.0,1836.152673,Hoang-Binh ba5 (ADUU v1.0)
14,4,12,3,6033.0,0.28448,810.62,1.0,1836.152673,Hoang-Binh ba5 (ADUU v1.0)
14,5,12,4,7305.1,0.32745,959.74,1.0,1836.152673,Hoang-Binh ba5 (ADUU v1.0)
14,6,12,5,8609.8,0.37318,1114.0,1.0,1836.152673,Hoang-Binh ba5 (ADUU v1.0)
14,7,12,6,9866.7,0.41753,1262.6,1.0,1836.152673,Hoang-Binh ba5 (ADUU v1.0)
14,8,12,7,10935.0,0.45452,1387.7,1.0,1836.152673,Hoang-Binh ba5 (ADUU v1.0)
14,9,12,8,11589.0,0.47503,1461.1,1.0,1836.152673,Hoang-Binh ba5 (ADUU v1.0)
14,10,12,9,11481.0,0.46539,1439.8,1.0,1836.152673,Hoang-Binh ba5 (ADUU v1.0)
14,11,12,10,10088.0,0.40521,1259.6,1.0,1836.152673,Hoang-Binh ba5 (ADUU v1.0)
14,12,12,11,6636.8,0.26457,825.71,1.0,1836.152673,Hoang-Binh ba5 (ADUU v1.0)
14,0,12,1,4540.1,0.055503,271.13,1.0,1836.152673,Hoang-Binh ba5 (ADUU v1.0)
14,1,12,2,2303.9,0.050698,206.38,1.0,1836.152673,Hoang-Binh ba5 (ADUU v1.0)
14,2,12,3,1542.0,0.040394,153.47,1.0,1836.152673,Hoang-Binh ba5 (ADUU v1.0)
14,3,12,4,1061.8,0.030288,110.97,1.0,1836.152673,Hoang-Binh ba5 (ADUU v1.0)
14,4,12,5,720.71,0.021626,77.471,1.0,1836.152673,Hoang-Binh ba5 (ADUU v1.0)
14,5,12,6,472.25,0.014655,51.703,1.0,1836.152673,Hoang-Binh ba5 (ADUU v1.0)
14,6,12,7,292.89,0.0093097,32.484,1.0,1836.152673,Hoang-Binh ba5 (ADUU v1.0)
14,7,12,8,167.39,0.0054168,18.743,1.0,1836.152673,Hoang-Binh ba5 (ADUU v1.0)
14,8,12,9,84.294,0.002766,9.5084,1.0,1836.152673,Hoang-Binh ba5 (ADUU v1.0)
14,9,12,10,34.181,0.0011342,3.8784,1.0,1836.152673,Hoang-Binh ba5 (ADUU v1.0)
14,10,12,11,8.718,0.00029193,0.99392,1.0,1836.152673,Hoang-Binh ba5 (ADUU v1.0)
14,1,13,0,2052.8,1.1539,4246.9,1.0,1836.152673,Hoang-Binh ba5 (ADUU v1.0)
14,2,13,1,2974.8,0.92897,5128.6,1.0,1836.152673,Hoang-Binh ba5 (ADUU v1.0)
14,3,13,2,3823.8,1.003,6152.8,1.0,1836.152673,Hoang-Binh ba5 (ADUU v1.0)
14,4,13,3,4730.5,1.1396,7339.9,1.0,1836.152673,Hoang-Binh ba5 (ADUU v1.0)
14,5,13,4,5743.6,1.3153,8713.7,1.0,1836.152673,Hoang-Binh ba5 (ADUU v1.0)
14,6,13,5,6894.6,1.5267,10302.0,1.0,1836.152673,Hoang-Binh ba5 (ADUU v1.0)
14,7,13,6,8211.5,1.7753,12134.0,1.0,1836.152673,Hoang-Binh ba5 (ADUU v1.0)
14,8,13,7,9722.9,2.0647,14248.0,1.0,1836.152673,Hoang-Binh ba5 (ADUU v1.0)
14,9,13,8,11460.0,2.3998,16683.0,1.0,1836.152673,Hoang-Binh ba5 (ADUU v1.0)
14,10,13,9,13457.0,2.7868,19488.0,1.0,1836.152673,Hoang-Binh ba5 (ADUU v1.0)
14,11,13,10,15754.0,3.2328,22715.0,1.0,1836.152673,Hoang-Binh ba5 (ADUU v1.0)
14,12,13,11,18394.0,3.7462,26426.0,1.0,1836.152673,Hoang-Binh ba5 (ADUU v1.0)
14,13,13,12,21431.0,4.3367,30694.0,1.0,1836.152673,Hoang-Binh ba5 (ADUU v1.0)
14,0,13,1,4119.8,0.25731,2841.0,1.0,1836.152673,Hoang-Binh ba5 (ADUU v1.0)
14,1,13,2,2211.6,0.24863,2287.7,1.0,1836.152673,Hoang-Binh ba5 (ADUU v1.0)
14,2,13,3,1581.5,0.21166,1817.6,1.0,1836.152673,Hoang-Binh ba5 (ADUU v1.0)
14,3,13,4,1177.2,0.17156,1420.7,1.0,1836.152673,Hoang-Binh ba5 (ADUU v1.0)
14,4,13,5,876.47,0.13436,1087.9,1.0,1836.152673,Hoang-Binh ba5 (ADUU v1.0)
14,5,13,6,641.94,0.10178,811.59,1.0,1836.152673,Hoang-Binh ba5 (ADUU v1.0)
14,6,13,7,456.79,0.074177,585.01,1.0,1836.152673,Hoang-Binh ba5 (ADUU v1.0)
14,7,13,8,311.24,0.051456,402.43,1.0,1836.152673,Hoang-Binh ba5 (ADUU v1.0)
14,8,13,9,198.78,0.033325,258.93,1.0,1836.152673,Hoang-Binh ba5 (ADUU v1.0)
14,9,13,10,114.68,0.019441,150.26,1.0,1836.152673,Hoang-Binh ba5 (ADUU v1.0)
14,10,13,11,55.31,0.0094622,72.816,1.0,1836.152673,Hoang-Binh ba5 (ADUU v1.0)
14,11,13,12,17.837,0.0030748,23.576,1.0,1836.152673,Hoang-Binh ba5 (ADUU v1.0)
15,1,1,0,1243600.0,0.00046862,0.0014121,1.0,1836.152673,Hoang-Binh ba5 (ADUU v1.0)
15,1,2,0,181940.0,0.0011269,0.013768,1.0,1836.152673,Hoang-Binh ba5 (ADUU v1.0)
15,2,2,1,296380.0,0.0010199,0.01869,1.0,1836.152673,Hoang-Binh ba5 (ADUU v1.0)
15,0,2,1,45689.0,3.1444e-05,0.0011525,1.0,1836.152673,Hoang-Binh ba5 (ADUU v1.0)
15,1,3,0,61214.0,0.0020093,0.056513,1.0,1836.152673,Hoang-Binh ba5 (ADUU v1.0)
15,2,3,1,109750.0,0.0020014,0.084432,1.0,1836.152673,Hoang-Binh ba5 (ADUU v1.0)
15,3,3,2,97989.0,0.001501,0.07036,1.0,1836.152673,Hoang-Binh ba5 (ADUU v1.0)
15,0,3,1,30350.0,0.00011069,0.0093398,1.0,1836.152673,Hoang-Binh ba5 (ADUU v1.0)
15,1,3,2,4138.3,2.7168e-05,0.0019102,1.0,1836.152673,Hoang-Binh ba5 (ADUU v1.0)
15,1,4,0,28730.0,0.0031835,0.16451,1.0,1836.152673,Hoang-Binh ba5 (ADUU v1.0)
15,2,4,1,51422.0,0.0031655,0.24537,1.0,1836.152673,Hoang-Binh ba5 (ADUU v1.0)
15,3,4,2,60399.0,0.0031233,0.26899,1.0,1836.152673,Hoang-Binh ba5 (ADUU v1.0)
15,4,4,3,38532.0,0.0018298,0.16547,1.0,1836.152673,Hoang-Binh ba5 (ADUU v1.0)
15,0,4,1,20280.0,0.00024969,0.038708,1.0,1836.152673,Hoang-Binh ba5 (ADUU v1.0)
15,1,4,2,4481.7,9.9323e-05,0.012831,1.0,1836.152673,Hoang-Binh ba5 (ADUU v1.0)
15,2,4,3,786.44,2.0749e-05,0.0025017,1.0,1836.152673,Hoang-Binh ba5 (ADUU v1.0)
15,1,5,0,16142.0,0.0047688,0.40237,1.0,1836.152673,Hoang-Binh ba5 (ADUU v1.0)
15,2,5,1,28333.0,0.0046502,0.58854,1.0,1836.152673,Hoang-Binh ba5 (ADUU v1.0)
15,3,5,2,36433.0,0.0050228,0.70633,1.0,1836.152673,Hoang-Binh ba5 (ADUU v1.0)
15,4,5,3,33586.0,0.0042524,0.62789,1.0,1836.152673,Hoang-Binh ba5 (ADUU v1.0)
15,5,5,4,17175.0,0.0020671,0.31394,1.0,1836.152673,Hoang-Binh ba5 (ADUU v1.0)
15,0,5,1,14298.0,0.00046931,0.1188,1.0,1836.152673,Hoang-Binh ba5 (ADUU v1.0)
15,1,5,2,4017.8,0.00023739,0.050075,1.0,1836.152673,Hoang-Binh ba5 (ADUU v1.0)
15,2,5,3,1161.1,8.1668e-05,0.016078,1.0,1836.152673,Hoang-Binh ba5 (ADUU v1.0)
15,3,5,4,206.62,1.5825e-05,0.0030043,1.0,1836.152673,Hoang-Binh ba5 (ADUU v1.0)
15,1,6,0,10157.0,0.0069671,0.89578,1.0,1836.152673,Hoang-Binh ba5 (ADUU v1.0)
15,2,6,1,17422.0,0.0066396,1.2805,1.0,1836.152673,Hoang-Binh ba5 (ADUU v1.0)
15,3,6,2,23228.0,0.0074356,1.5933,1.0,1836.152673,Hoang-Binh ba5 (ADUU v1.0)
15,4,6,3,24798.0,0.0072903,1.6403,1.0,1836.152673,Hoang-Binh ba5 (ADUU v1.0)
15,5,6,4,19434.0,0.0054311,1.2569,1.0,1836.152673,Hoang-Binh ba5 (ADUU v1.0)
15,6,6,5,8542.3,0.0023084,0.54412,1.0,1836.152673,Hoang-Binh ba5 (ADUU v1.0)
15,0,6,1,10588.0,0.00080704,0.31129,1.0,1836.152673,Hoang-Binh ba5 (ADUU v1.0)
15,1,6,2,3462.7,0.00047507,0.1527,1.0,1836.152673,Hoang-Binh ba5 (ADUU v1.0)
15,2,6,3,1285.9,0.00021002,0.063007,1.0,1836.152673,Hoang-Binh ba5 (ADUU v1.0)
15,3,6,4,383.79,6.8256e-05,0.019745,1.0,1836.152673,Hoang-Binh ba5 (ADUU v1.0)
15,4,6,5,67.478,1.2624e-05,0.0035708,1.0,1836.152673,Hoang-Binh ba5 (ADUU v1.0)
15,1,7,0,6910.4,0.010127,1.9032,1.0,1836.152673,Hoang-Binh ba5 (ADUU v1.0)
15,2,7,1,11585.0,0.0094323,2.6589,1.0,1836.152673,Hoang-Binh ba5 (ADUU v1.0)
15,3,7,2,15663.0,0.010712,3.355,1.0,1836.152673,Hoang-Binh ba5 (ADUU v1.0)
15,4,7,3,17993.0,0.011301,3.7165,1.0,1836.152673,Hoang-Binh ba5 (ADUU v1.0)
15,5,7,4,16973.0,0.010134,3.4279,1.0,1836.152673,Hoang-Binh ba5 (ADUU v1.0)
15,6,7,5,11906.0,0.0068738,2.3682,1.0,1836.152673,Hoang-Binh ba5 (ADUU v1.0)
15,7,7,6,4735.4,0.0026692,0.93156,1.0,1836.152673,Hoang-Binh ba5 (ADUU v1.0)
15,0,7,1,8170.7,0.0013305,0.7501,1.0,1836.152673,Hoang-Binh ba5 (ADUU v1.0)
15,1,7,2,2976.4,0.00087241,0.40987,1.0,1836.152673,Hoang-Binh ba5 (ADUU v1.0)
15,2,7,3,1296.8,0.00045251,0.19842,1.0,1836.152673,Hoang-Binh ba5 (ADUU v1.0)
15,3,7,4,503.32,0.00019124,0.080862,1.0,1836.152673,Hoang-Binh ba5 (ADUU v1.0)
15,4,7,5,151.04,6.0368e-05,0.024958,1.0,1836.152673,Hoang-Binh ba5 (ADUU v1.0)
15,5,7,6,26.297,1.087e-05,0.0044259,1.0,1836.152673,Hoang-Binh ba5 (ADUU v1.0)
15,1,8,0,4981.8,0.014884,3.9937,1.0,1836.152673,Hoang-Binh ba5 (ADUU v1.0)
15,2,8,1,8169.3,0.01356,5.4575,1.0,1836.152673,Hoang-Binh ba5 (ADUU v1.0)
15,3,8,2,11080.0,0.015448,6.9086,1.0,1836.152673,Hoang-Binh ba5 (ADUU v1.0)
15,4,8,3,13250.0,0.016965,7.9664,1.0,1836.152673,Hoang-Binh ba5 (ADUU v1.0)
15,5,8,4,13818.0,0.016819,8.1233,1.0,1836.152673,Hoang-Binh ba5 (ADUU v1.0)
15,6,8,5,12003.0,0.014127,6.9494,1.0,1836.152673,Hoang-Binh ba5 (ADUU v1.0)
15,7,8,6,7848.0,0.0090182,4.4939,1.0,1836.152673,Hoang-Binh ba5 (ADUU v1.0)
15,8,8,7,2949.4,0.0033289,1.6748,1.0,1836.152673,Hoang-Binh ba5 (ADUU v1.0)
15,0,8,1,6527.2,0.0021668,1.7442,1.0,1836.152673,Hoang-Binh ba5 (ADUU v1.0)
15,1,8,2,2583.1,0.0015435,1.0354,1.0,1836.152673,Hoang-Binh ba5 (ADUU v1.0)
15,2,8,3,1262.4,0.00089798,0.56221,1.0,1836.152673,Hoang-Binh ba5 (ADUU v1.0)
15,3,8,4,579.94,0.00044921,0.2712,1.0,1836.152673,Hoang-Binh ba5 (ADUU v1.0)
15,4,8,5,229.06,0.00018664,0.11018,1.0,1836.152673,Hoang-Binh ba5 (ADUU v1.0)
15,5,8,6,69.156,5.8276e-05,0.03388,1.0,1836.152673,Hoang-Binh ba5 (ADUU v1.0)
15,6,8,7,12.059,1.0408e-05,0.0059845,1.0,1836.152673,Hoang-Binh ba5 (ADUU v1.0)
15,1,9,0,3757.1,0.022476,8.534,1.0,1836.152673,Hoang-Binh ba5 (ADUU v1.0)
15,2,9,1,6031.3,0.020045,11.416,1.0,1836.152673,Hoang-Binh ba5 (ADUU v1.0)
15,3,9,2,8158.1,0.022775,14.413,1.0,1836.152673,Hoang-Binh ba5 (ADUU v1.0)
15,4,9,3,9978.0,0.025582,16.998,1.0,1836.152673,Hoang-Binh ba5 (ADUU v1.0)
15,5,9,4,11050.0,0.026931,18.406,1.0,1836.152673,Hoang-Binh ba5 (ADUU v1.0)
15,6,9,5,10834.0,0.025533,17.773,1.0,1836.152673,Hoang-Binh ba5 (ADUU v1.0)
15,7,9,6,8964.8,0.020627,14.545,1.0,1836.152673,Hoang-Binh ba5 (ADUU v1.0)
15,8,9,7,5665.8,0.012805,9.1158,1.0,1836.152673,Hoang-Binh ba5 (ADUU v1.0)
15,9,9,8,2096.7,0.004673,3.3514,1.0,1836.152673,Hoang-Binh ba5 (ADUU v1.0)
15,0,9,1,5372.7,0.0035712,4.0679,1.0,1836.152673,Hoang-Binh ba5 (ADUU v1.0)
15,1,9,2,2274.4,0.0027212,2.583,1.0,1836.152673,Hoang-Binh ba5 (ADUU v1.0)
15,2,9,3,1215.1,0.0017308,1.5333,1.0,1836.152673,Hoang-Binh ba5 (ADUU v1.0)
15,3,9,4,630.74,0.00097826,0.83572,1.0,1836.152673,Hoang-Binh ba5 (ADUU v1.0)
15,4,9,5,297.62,0.00048558,0.40561,1.0,1836.152673,Hoang-Binh ba5 (ADUU v1.0)
15,5,9,6,119.66,0.00020191,0.1661,1.0,1836.152673,Hoang-Binh ba5 (ADUU v1.0)
15,6,9,7,36.708,6.344e-05,0.051615,1.0,1836.152673,Hoang-Binh ba5 (ADUU v1.0)
15,7,9,8,6.5168,1.1466e-05,0.0092515,1.0,1836.152673,Hoang-Binh ba5 (ADUU v1.0)
15,1,10,0,2939.7,0.035572,19.209,1.0,1836.152673,Hoang-Binh ba5 (ADUU v1.0)
15,2,10,1,4622.0,0.031071,25.168,1.0,1836.152673,Hoang-Binh ba5 (ADUU v1.0)
15,3,10,2,6211.6,0.035076,31.569,1.0,1836.152673,Hoang-Binh ba5 (ADUU v1.0)
15,4,10,3,7689.4,0.039877,37.684,1.0,1836.152673,Hoang-Binh ba5 (ADUU v1.0)
15,5,10,4,8842.6,0.043593,42.372,1.0,1836.152673,Hoang-Binh ba5 (ADUU v1.0)
15,6,10,5,9353.2,0.044586,44.14,1.0,1836.152673,Hoang-Binh ba5 (ADUU v1.0)
15,7,10,6,8880.9,0.041332,41.45,1.0,1836.152673,Hoang-Binh ba5 (ADUU v1.0)
15,8,10,7,7226.4,0.033034,33.447,1.0,1836.152673,Hoang-Binh ba5 (ADUU v1.0)
15,9,10,8,4578.7,0.020641,21.054,1.0,1836.152673,Hoang-Binh ba5 (ADUU v1.0)
15,10,10,9,1744.2,0.007776,7.9782,1.0,1836.152673,Hoang-Binh ba5 (ADUU v1.0)
15,0,10,1,4542.7,0.0061077,9.8945,1.0,1836.152673,Hoang-Binh ba5 (ADUU v1.0)
15,1,10,2,2036.7,0.004929,6.6542,1.0,1836.152673,Hoang-Binh ba5 (ADUU v1.0)
15,2,10,3,1171.0,0.0033738,4.251,1.0,1836.152673,Hoang-Binh ba5 (ADUU v1.0)
15,3,10,4,668.96,0.0020987,2.5499,1.0,1836.152673,Hoang-Binh ba5 (ADUU v1.0)
15,4,10,5,359.47,0.0011863,1.4093,1.0,1836.152673,Hoang-Binh ba5 (ADUU v1.0)
15,5,10,6,174.32,0.00059495,0.69609,1.0,1836.152673,Hoang-Binh ba5 (ADUU v1.0)
15,6,10,7,72.025,0.00025178,0.29134,1.0,1836.152673,Hoang-Binh ba5 (ADUU v1.0)
15,7,10,8,22.796,8.113e-05,0.093097,1.0,1836.152673,Hoang-Binh ba5 (ADUU v1.0)
15,8,10,9,4.2083,1.5188e-05,0.017314,1.0,1836.152673,Hoang-Binh ba5 (ADUU v1.0)
15,1,11,0,2373.2,0.06074,47.701,1.0,1836.152673,Hoang-Binh ba5 (ADUU v1.0)
15,2,11,1,3654.6,0.051963,61.213,1.0,1836.152673,Hoang-Binh ba5 (ADUU v1.0)
15,3,11,2,4866.4,0.058122,76.076,1.0,1836.152673,Hoang-Binh ba5 (ADUU v1.0)
15,4,11,3,6054.7,0.066412,91.273,1.0,1836.152673,Hoang-Binh ba5 (ADUU v1.0)
15,5,11,4,7130.9,0.074353,105.11,1.0,1836.152673,Hoang-Binh ba5 (ADUU v1.0)
15,6,11,5,7928.9,0.079942,115.1,1.0,1836.152673,Hoang-Binh ba5 (ADUU v1.0)
15,7,11,6,8226.6,0.08098,118.11,1.0,1836.152673,Hoang-Binh ba5 (ADUU v1.0)
15,8,11,7,7785.0,0.075271,110.84,1.0,1836.152673,Hoang-Binh ba5 (ADUU v1.0)
15,9,11,8,6440.1,0.061405,91.09,1.0,1836.152673,Hoang-Binh ba5 (ADUU v1.0)
15,10,11,9,4261.9,0.040186,59.963,1.0,1836.152673,Hoang-Binh ba5 (ADUU v1.0)
15,11,11,10,1763.9,0.016482,24.711,1.0,1836.152673,Hoang-Binh ba5 (ADUU v1.0)
15,0,11,1,3939.4,0.011202,26.393,1.0,1836.152673,Hoang-Binh ba5 (ADUU v1.0)
15,1,11,2,1858.8,0.0095145,18.68,1.0,1836.152673,Hoang-Binh ba5 (ADUU v1.0)
15,2,11,3,1138.9,0.0069401,12.717,1.0,1836.152673,Hoang-Binh ba5 (ADUU v1.0)
15,3,11,4,704.8,0.0046766,8.2636,1.0,1836.152673,Hoang-Binh ba5 (ADUU v1.0)
15,4,11,5,419.91,0.002931,5.064,1.0,1836.152673,Hoang-Binh ba5 (ADUU v1.0)
15,5,11,6,233.89,0.0016884,2.8729,1.0,1836.152673,Hoang-Binh ba5 (ADUU v1.0)
15,6,11,7,117.72,0.00087036,1.4647,1.0,1836.152673,Hoang-Binh ba5 (ADUU v1.0)
15,7,11,8,50.751,0.00038203,0.63755,1.0,1836.152673,Hoang-Binh ba5 (ADUU v1.0)
15,8,11,9,16.917,0.00012913,0.21409,1.0,1836.152673,Hoang-Binh ba5 (ADUU v1.0)
15,9,11,10,3.3369,2.5756e-05,0.042477,1.0,1836.152673,Hoang-Binh ba5 (ADUU v1.0)
15,1,12,0,1969.2,0.11767,141.21,1.0,1836.152673,Hoang-Binh ba5 (ADUU v1.0)
15,2,12,1,2967.8,0.098524,177.34,1.0,1836.152673,Hoang-Binh ba5 (ADUU v1.0)
15,3,12,2,3905.5,0.10891,217.82,1.0,1836.152673,Hoang-Binh ba5 (ADUU v1.0)
15,4,12,3,4858.0,0.12441,261.27,1.0,1836.152673,Hoang-Binh ba5 (ADUU v1.0)
15,5,12,4,5803.7,0.14129,305.19,1.0,1836.152673,Hoang-Binh ba5 (ADUU v1.0)
15,6,12,5,6673.0,0.15708,345.59,1.0,1836.152673,Hoang-Binh ba5 (ADUU v1.0)
15,7,12,6,7352.1,0.16897,376.57,1.0,1836.152673,Hoang-Binh ba5 (ADUU v1.0)
15,8,12,7,7683.0,0.17344,390.24,1.0,1836.152673,Hoang-Binh ba5 (ADUU v1.0)
15,9,12,8,7473.9,0.16638,377.14,1.0,1836.152673,Hoang-Binh ba5 (ADUU v1.0)
15,10,12,9,6532.3,0.14381,327.89,1.0,1836.152673,Hoang-Binh ba5 (ADUU v1.0)
15,11,12,10,4753.1,0.10369,237.55,1.0,1836.152673,Hoang-Binh ba5 (ADUU v1.0)
15,12,12,11,2304.5,0.049895,114.76,1.0,1836.152673,Hoang-Binh ba5 (ADUU v1.0)
15,0,12,1,3501.9,0.023251,83.704,1.0,1836.152673,Hoang-Binh ba5 (ADUU v1.0)
15,1,12,2,1733.0,0.020711,62.133,1.0,1836.152673,Hoang-Binh ba5 (ADUU v1.0)
15,2,12,3,1125.1,0.016008,44.822,1.0,1836.152673,Hoang-Binh ba5 (ADUU v1.0)
15,3,12,4,747.32,0.011578,31.26,1.0,1836.152673,Hoang-Binh ba5 (ADUU v1.0)
15,4,12,5,486.09,0.0079219,20.914,1.0,1836.152673,Hoang-Binh ba5 (ADUU v1.0)
15,5,12,6,302.81,0.0051035,13.269,1.0,1836.152673,Hoang-Binh ba5 (ADUU v1.0)
15,6,12,7,176.76,0.0030514,7.8465,1.0,1836.152673,Hoang-Binh ba5 (ADUU v1.0)
15,7,12,8,93.843,0.0016493,4.2057,1.0,1836.152673,Hoang-Binh ba5 (ADUU v1.0)
15,8,12,9,43.124,0.00076855,1.947,1.0,1836.152673,Hoang-Binh ba5 (ADUU v1.0)
15,9,12,10,15.561,0.00028043,0.70667,1.0,1836.152673,Hoang-Binh ba5 (ADUU v1.0)
15,10,12,11,3.4005,6.1844e-05,0.15517,1.0,1836.152673,Hoang-Binh ba5 (ADUU v1.0)
15,1,13,0,1671.6,0.28785,586.37,1.0,1836.152673,Hoang-Binh ba5 (ADUU v1.0)
15,2,13,1,2460.9,0.23542,719.33,1.0,1836.152673,Hoang-Binh ba5 (ADUU v1.0)
15,3,13,2,3190.3,0.25636,870.38,1.0,1836.152673,Hoang-Binh ba5 (ADUU v1.0)
15,4,13,3,3948.0,0.29136,1038.6,1.0,1836.152673,Hoang-Binh ba5 (ADUU v1.0)
15,5,13,4,4748.3,0.33311,1221.4,1.0,1836.152673,Hoang-Binh ba5 (ADUU v1.0)
15,6,13,5,5578.8,0.37844,1413.3,1.0,1836.152673,Hoang-Binh ba5 (ADUU v1.0)
15,7,13,6,6405.2,0.42421,1604.8,1.0,1836.152673,Hoang-Binh ba5 (ADUU v1.0)
15,8,13,7,7166.7,0.46621,1780.7,1.0,1836.152673,Hoang-Binh ba5 (ADUU v1.0)
15,9,13,8,7766.3,0.49822,1917.0,1.0,1836.152673,Hoang-Binh ba5 (ADUU v1.0)
15,10,13,9,8055.6,0.51105,1978.0,1.0,1836.152673,Hoang-Binh ba5 (ADUU v1.0)
15,11,13,10,7815.9,0.49135,1910.8,1.0,1836.152673,Hoang-Binh ba5 (ADUU v1.0)
15,12,13,11,6729.0,0.41982,1639.1,1.0,1836.152673,Hoang-Binh ba5 (ADUU v1.0)
15,13,13,12,4339.3,0.26899,1053.8,1.0,1836.152673,Hoang-Binh ba5 (ADUU v1.0)
15,0,13,1,3189.3,0.06102,372.9,1.0,1836.152673,Hoang-Binh ba5 (ADUU v1.0)
15,1,13,2,1654.1,0.056968,290.11,1.0,1836.152673,Hoang-Binh ba5 (ADUU v1.0)
15,2,13,3,1135.7,0.046565,221.33,1.0,1836.152673,Hoang-Binh ba5 (ADUU v1.0)
15,3,13,4,806.34,0.035998,164.99,1.0,1836.152673,Hoang-Binh ba5 (ADUU v1.0)
15,4,13,5,568.17,0.026683,119.58,1.0,1836.152673,Hoang-Binh ba5 (ADUU v1.0)
15,5,13,6,390.34,0.018958,83.674,1.0,1836.152673,Hoang-Binh ba5 (ADUU v1.0)
15,6,13,7,257.67,0.012818,55.951,1.0,1836.152673,Hoang-Binh ba5 (ADUU v1.0)
15,7,13,8,160.59,0.0081333,35.207,1.0,1836.152673,Hoang-Binh ba5 (ADUU v1.0)
15,8,13,9,92.076,0.0047287,20.336,1.0,1836.152673,Hoang-Binh ba5 (ADUU v1.0)
15,9,13,10,46.458,0.0024127,10.321,1.0,1836.152673,Hoang-Binh ba5 (ADUU v1.0)
15,10,13,11,18.856,0.00098819,4.209,1.0,1836.152673,Hoang-Binh ba5 (ADUU v1.0)
15,11,13,12,4.8087,0.00025393,1.0777,1.0,1836.152673,Hoang-Binh ba5 (ADUU v1.0)
15,1,14,0,1416.7,1.2235,5581.9,1.0,1836.152673,Hoang-Binh ba5 (ADUU v1.0)
15,2,14,1,2027.8,0.97297,6658.1,1.0,1836.152673,Hoang-Binh ba5 (ADUU v1.0)
15,3,14,2,2576.5,1.0384,7895.7,1.0,1836.152673,Hoang-Binh ba5 (ADUU v1.0)
15,4,14,3,3152.7,1.1669,9316.3,1.0,1836.152673,Hoang-Binh ba5 (ADUU v1.0)
15,5,14,4,3787.8,1.3328,10944.0,1.0,1836.152673,Hoang-Binh ba5 (ADUU v1.0)
15,6,14,5,4500.9,1.5313,12808.0,1.0,1836.152673,Hoang-Binh ba5 (ADUU v1.0)
15,7,14,6,5308.0,1.7632,14939.0,1.0,1836.152673,Hoang-Binh ba5 (ADUU v1.0)
15,8,14,7,6224.8,2.031,17373.0,1.0,1836.152673,Hoang-Binh ba5 (ADUU v1.0)
15,9,14,8,7268.0,2.3385,20152.0,1.0,1836.152673,Hoang-Binh ba5 (ADUU v1.0)
15,10,14,9,8455.9,2.6906,23322.0,1.0,1836.152673,Hoang-Binh ba5 (ADUU v1.0)
15,11,14,10,9808.7,3.0927,26936.0,1.0,1836.152673,Hoang-Binh ba5 (ADUU v1.0)
15,12,14,11,11349.0,3.5515,31054.0,1.0,1836.152673,Hoang-Binh ba5 (ADUU v1.0)
15,13,14,12,13104.0,4.0744,35745.0,1.0,1836.152673,Hoang-Binh ba5 (ADUU v1.0)
15,14,14,13,15102.0,4.6698,41086.0,1.0,1836.152673,Hoang-Binh ba5 (ADUU v1.0)
15,0,14,1,2923.5,0.28055,3839.6,1.0,1836.152673,Hoang-Binh ba5 (ADUU v1.0)
15,1,14,2,1594.9,0.2755,3142.1,1.0,1836.152673,Hoang-Binh ba5 (ADUU v1.0)
15,2,14,3,1161.5,0.23885,2542.5,1.0,1836.152673,Hoang-Binh ba5 (ADUU v1.0)
15,3,14,4,883.06,0.19773,2029.6,1.0,1836.152673,Hoang-Binh ba5 (ADUU v1.0)
15,4,14,5,674.02,0.15876,1593.4,1.0,1836.152673,Hoang-Binh ba5 (ADUU v1.0)
15,5,14,6,508.88,0.12396,1225.3,1.0,1836.152673,Hoang-Binh ba5 (ADUU v1.0)
15,6,14,7,376.22,0.093868,917.64,1.0,1836.152673,Hoang-Binh ba5 (ADUU v1.0)
15,7,14,8,269.59,0.068481,663.88,1.0,1836.152673,Hoang-Binh ba5 (ADUU v1.0)
15,8,14,9,184.72,0.047581,458.26,1.0,1836.152673,Hoang-Binh ba5 (ADUU v1.0)
15,9,14,10,118.53,0.030873,295.77,1.0,1836.152673,Hoang-Binh ba5 (ADUU v1.0)
15,10,14,11,68.649,0.018045,172.12,1.0,1836.152673,Hoang-Binh ba5 (ADUU v1.0)
15,11,14,12,33.221,0.0087989,83.627,1.0,1836.152673,Hoang-Binh ba5 (ADUU v1.0)
15,12,14,13,10.745,0.0028643,27.139,1.0,1836.152673,Hoang-Binh ba5 (ADUU v1.0)
