ni,li,nf,lf,threshold_eV,n_points,sigma_max_cm2,filename
4,1,7,2,13.328199,55,3.729977e-12,4P.7D
9,8,4,2,13.500000,47,2.798883e-16,9K.4D
7,0,6,2,13.328199,55,1.034705e-14,7S.6D
10,5,5,2,13.500000,47,1.479389e-15,:H.5D
7,4,6,4,13.328199,55,4.060410e-14,7G.6G
4,2,7,4,13.328199,55,5.527759e-12,4D.7G
9,5,9,4,13.500000,47,3.239927e-09,9H.9G
10,8,8,4,13.500000,47,1.497591e-13,:K.8G
8,0,8,5,13.393320,50,3.155919e-11,8S.8H
10,9,6,2,13.500000,47,7.669975e-15,:L.6D
7,1,8,5,13.393320,50,4.640069e-12,7P.8H
4,0,9,5,13.500000,47,7.756784e-16,4S.9H
8,2,6,4,13.393320,50,7.513159e-15,8D.6G
8,1,6,2,13.393320,50,5.085314e-15,8P.6D
6,5,4,2,13.228975,58,4.824888e-15,6H.4D
7,4,9,2,13.500000,47,5.807787e-14,7G.9D
4,2,8,2,13.393320,50,1.378859e-12,4D.8D
6,4,3,2,13.228975,58,7.163124e-16,6G.3D
4,1,8,4,13.393320,50,8.644474e-13,4P.8G
7,0,9,4,13.500000,47,6.068213e-15,7S.9G
9,5,6,2,13.500000,47,9.431353e-15,9H.6D
4,0,5,2,13.061780,63,1.126554e-12,4S.5D
10,8,7,2,13.500000,47,2.127095e-14,:K.7D
7,1,4,2,13.328199,55,1.118433e-15,7P.4D
8,4,7,5,13.393320,50,4.676473e-14,8G.7H
10,9,9,4,13.500000,47,2.397882e-13,:L.9G
6,5,8,5,13.393320,50,1.183680e-11,6H.8H
7,2,7,5,13.328199,55,3.018705e-10,7D.7H
10,5,9,5,13.500000,47,5.519358e-13,:H.9H
9,8,8,5,13.500000,47,3.094313e-13,9K.8H
8,1,9,4,13.500000,47,2.136336e-13,8P.9G
9,2,3,2,13.500000,47,8.918901e-17,9D.3D
8,2,9,2,13.500000,47,3.066310e-13,8D.9D
8,0,4,2,13.393320,50,1.495631e-16,8S.4D
9,0,7,1,13.500000,47,1.176679e-14,9S.7P
10,1,6,1,13.500000,47,1.754377e-15,:P.6P
10,2,6,0,13.500000,47,3.287532e-15,:D.6S
9,4,7,0,13.500000,47,1.975880e-14,9G.7S
7,5,8,0,13.393320,50,1.184520e-11,7H.8S
6,5,2,0,13.228975,58,2.630586e-17,6H.2S
4,2,4,3,12.755506,70,5.482954e-08,4D.4F
7,4,5,3,13.328199,55,2.236306e-14,7G.5F
7,1,8,3,13.393320,50,5.410147e-12,7P.8F
4,0,9,3,13.500000,47,9.361346e-16,4S.9F
8,2,5,3,13.393320,50,2.492812e-15,8D.5F
8,0,8,3,13.393320,50,3.626366e-11,8S.8F
9,5,9,6,13.500000,47,2.275230e-09,9H.9I
6,2,7,0,13.328199,55,2.515214e-11,6D.7S
10,8,8,6,13.500000,47,1.003061e-13,:K.8I
5,4,6,0,13.228975,58,6.342641e-13,5G.6S
8,5,5,1,13.393320,50,3.869991e-15,8H.5P
5,0,6,1,13.228975,58,2.552458e-13,5S.6P
6,1,7,1,13.328199,55,1.190960e-11,6P.7P
4,1,1,0,12.755506,70,3.402344e-18,4P.1S
9,8,2,0,13.500000,47,1.663648e-18,9K.2S
10,5,3,0,13.500000,47,5.376543e-17,:H.3S
4,2,7,6,13.328199,55,5.600566e-12,4D.7I
8,0,2,0,13.393320,50,4.970502e-18,8S.2S
10,2,9,1,13.500000,47,2.547697e-12,:D.9P
9,4,8,1,13.500000,47,5.715378e-13,9G.8P
9,0,8,0,13.500000,47,1.935556e-13,9S.8S
10,1,9,0,13.500000,47,2.498692e-12,:P.9S
8,4,2,1,13.393320,50,1.068028e-17,8G.2P
8,1,9,6,13.500000,47,3.567561e-14,8P.9I
10,4,4,0,13.500000,47,3.402344e-16,:G.4S
9,2,5,0,13.500000,47,1.606522e-15,9D.5S
9,1,5,1,13.500000,47,9.736584e-16,9P.5P
10,0,4,1,13.500000,47,6.031810e-17,:S.4P
8,2,9,7,13.500000,47,7.235931e-14,8D.9J
7,5,7,1,13.328199,55,5.174923e-10,7H.7P
10,5,9,3,13.500000,47,3.130716e-12,:H.9F
9,8,8,3,13.500000,47,1.498151e-13,9K.8F
7,2,7,3,13.328199,55,1.191240e-06,7D.7F
6,5,8,3,13.393320,50,9.313741e-12,6H.8F
8,4,7,3,13.393320,50,1.107512e-12,8G.7F
10,9,9,6,13.500000,47,7.140722e-13,:L.9I
7,2,2,1,13.328199,55,2.839487e-17,7D.2P
5,0,9,0,13.500000,47,2.589142e-15,5S.9S
6,1,8,0,13.393320,50,3.668371e-12,6P.8S
4,0,3,0,12.755506,70,1.894111e-15,4S.3S
6,2,8,1,13.393320,50,6.026209e-12,6D.8P
10,8,1,0,13.500000,47,5.816188e-20,:K.1S
5,4,9,1,13.500000,47,1.983720e-14,5G.9P
7,1,2,0,13.328199,55,1.780420e-17,7P.2S
7,4,9,7,13.500000,47,6.023409e-14,7G.9J
5,1,4,1,13.061780,63,7.325540e-15,5P.4P
6,0,5,1,13.228975,58,1.151756e-14,6S.5P
4,2,8,7,13.393320,50,1.556957e-12,4D.8J
4,1,8,6,13.393320,50,8.182427e-13,4P.8I
6,4,5,0,13.228975,58,2.686591e-14,6G.5S
5,2,4,0,13.061780,63,1.690811e-14,5D.4S
7,0,9,6,13.500000,47,6.549862e-15,7S.9I
10,5,6,1,13.500000,47,4.819287e-15,:H.6P
5,2,8,7,13.393320,50,3.755179e-12,5D.8J
7,0,5,1,13.328199,55,1.644046e-15,7S.5P
9,8,7,1,13.500000,47,4.116416e-14,9K.7P
4,1,4,1,12.755506,70,7.720380e-09,4P.4P
6,4,9,7,13.500000,47,2.898293e-14,6G.9J
6,0,9,6,13.500000,47,3.525556e-15,6S.9I
4,2,4,0,12.755506,70,2.317234e-09,4D.4S
7,4,5,0,13.328199,55,9.969007e-15,7G.5S
5,1,8,6,13.393320,50,1.980360e-12,5P.8I
5,4,3,1,13.061780,63,1.230444e-15,5G.3P
7,1,8,0,13.393320,50,4.757681e-12,7P.8S
4,0,9,0,13.500000,47,1.699492e-15,4S.9S
6,2,2,1,13.228975,58,4.623267e-17,6D.2P
6,1,2,0,13.228975,58,4.463651e-17,6P.2S
7,2,8,1,13.393320,50,1.076709e-11,7D.8P
5,0,3,0,13.061780,63,6.297836e-16,5S.3S
10,2,6,3,13.500000,47,2.395362e-15,:D.6F
9,4,7,3,13.500000,47,1.255647e-13,9G.7F
10,9,5,1,13.500000,47,1.171918e-15,:L.5P
7,5,8,3,13.393320,50,1.452787e-11,7H.8F
6,2,7,3,13.328199,55,2.028805e-11,6D.7F
5,4,6,3,13.228975,58,1.019863e-12,5G.6F
10,0,8,6,13.500000,47,2.814284e-15,:S.8I
8,2,5,0,13.393320,50,2.657189e-15,8D.5S
9,1,9,6,13.500000,47,1.787701e-13,9P.9I
6,5,7,1,13.328199,55,1.853227e-11,6H.7P
9,2,9,7,13.500000,47,3.606764e-13,9D.9J
8,1,5,1,13.393320,50,1.548276e-15,8P.5P
10,4,8,7,13.500000,47,2.887092e-14,:G.8J
10,1,3,0,13.500000,47,3.729977e-17,:P.3S
8,4,8,1,13.393320,50,4.214426e-10,8G.8P
9,0,2,0,13.500000,47,3.167120e-18,9S.2S
9,4,2,1,13.500000,47,8.104019e-18,9G.2P
8,0,8,0,13.393320,50,9.554566e-09,8S.8S
10,2,3,1,13.500000,47,5.398946e-17,:D.3P
5,1,1,0,13.061780,63,1.581880e-18,5P.1S
10,5,9,0,13.500000,47,4.578463e-13,:H.9S
5,2,7,6,13.328199,55,1.108632e-11,5D.7I
9,8,8,0,13.500000,47,1.134955e-13,9K.8S
7,2,7,0,13.328199,55,1.283650e-09,7D.7S
8,5,9,6,13.500000,47,3.528357e-12,8H.9I
7,1,7,1,13.328199,55,1.820184e-08,7P.7P
10,8,4,1,13.500000,47,3.060709e-16,:K.4P
4,0,6,1,13.228975,58,2.430366e-13,4S.6P
9,5,5,1,13.500000,47,2.757439e-15,9H.5P
9,0,8,3,13.500000,47,1.984000e-14,9S.8F
10,1,9,3,13.500000,47,1.975040e-13,:P.9F
10,4,4,3,13.500000,47,4.253630e-16,:G.4F
9,2,5,3,13.500000,47,1.646566e-15,9D.5F
5,0,9,3,13.500000,47,2.225945e-15,5S.9F
6,1,8,3,13.393320,50,3.223126e-12,6P.8F
6,4,5,3,13.228975,58,2.203823e-13,6G.5F
5,2,4,3,13.061780,63,7.227530e-15,5D.4F
6,5,8,0,13.393320,50,6.639471e-12,6H.8S
10,4,7,6,13.500000,47,1.065228e-14,:G.7I
7,5,2,0,13.328199,55,9.918602e-18,7H.2S
10,0,1,0,13.500000,47,5.774183e-20,:S.1S
8,0,7,1,13.393320,50,9.448155e-14,8S.7P
8,4,7,0,13.393320,50,1.294571e-13,8G.7S
10,1,5,2,13.500000,47,5.398946e-16,:P.5D
9,0,4,2,13.500000,47,1.191520e-16,9S.4D
10,2,5,4,13.500000,47,8.372846e-16,:D.5G
8,2,3,2,13.393320,50,1.493391e-16,8D.3D
10,0,8,4,13.500000,47,2.884291e-15,:S.8G
9,1,9,4,13.500000,47,4.147219e-13,9P.9G
9,2,9,2,13.500000,47,1.624164e-11,9D.9D
10,4,8,2,13.500000,47,1.272729e-13,:G.8D
6,2,7,5,13.328199,55,1.835305e-11,6D.7H
5,4,6,5,13.228975,58,1.618004e-12,5G.6H
7,5,8,5,13.393320,50,1.698932e-11,7H.8H
10,2,6,5,13.500000,47,2.043086e-15,:D.6H
9,4,7,5,13.500000,47,2.102732e-14,9G.7H
5,4,5,4,13.061780,63,1.260967e-09,5G.5G
6,1,4,2,13.228975,58,2.323115e-15,6P.4D
5,0,5,2,13.061780,63,1.246966e-10,5S.5D
8,5,6,2,13.393320,50,1.469589e-14,8H.6D
5,2,8,2,13.393320,50,3.069110e-12,5D.8D
6,4,9,2,13.500000,47,3.556359e-14,6G.9D
6,0,9,4,13.500000,47,3.771981e-15,6S.9G
5,1,8,4,13.393320,50,2.175260e-12,5P.8G
7,4,3,2,13.328199,55,3.822386e-16,7G.3D
9,2,6,4,13.500000,47,4.514056e-15,9D.6G
10,4,7,4,13.500000,47,1.153997e-14,:G.7G
7,5,4,2,13.328199,55,1.980920e-15,7H.4D
10,0,7,2,13.500000,47,1.739256e-15,:S.7D
9,1,6,2,13.500000,47,3.256729e-15,9P.6D
5,4,9,8,13.500000,47,6.992307e-15,5G.9K
5,0,9,5,13.500000,47,1.811503e-15,5S.9H
6,1,8,5,13.393320,50,3.049508e-12,6P.8H
9,0,8,5,13.500000,47,6.549862e-15,9S.8H
10,1,9,5,13.500000,47,1.960198e-14,:P.9H
10,2,9,8,13.500000,47,3.595563e-14,:D.9K
8,5,9,4,13.500000,47,1.321734e-13,8H.9G
6,0,6,2,13.228975,58,6.684275e-12,6S.6D
5,1,7,2,13.328199,55,8.207629e-12,5P.7D
5,2,7,4,13.328199,55,1.043665e-11,5D.7G
6,4,6,4,13.228975,58,7.350743e-10,6G.6G
10,5,9,4,13.500000,47,5.051710e-12,:H.9G
9,8,8,4,13.500000,47,1.672329e-13,9K.8G
7,2,7,4,13.328199,55,5.575363e-10,7D.7G
7,1,7,2,13.328199,55,1.796101e-07,7P.7D
10,8,4,2,13.500000,47,2.917895e-16,:K.4D
4,0,6,2,13.228975,58,1.266288e-13,4S.6D
9,5,5,2,13.500000,47,2.728596e-15,9H.5D
8,2,9,8,13.500000,47,7.723180e-14,8D.9K
8,1,9,5,13.500000,47,7.675576e-14,8P.9H
4,1,8,5,13.393320,50,6.230630e-13,4P.8H
7,0,9,5,13.500000,47,5.642570e-15,7S.9H
7,4,9,8,13.500000,47,7.560764e-14,7G.9K
6,5,8,4,13.393320,50,1.347216e-11,6H.8G
8,0,7,2,13.393320,50,3.094313e-14,8S.7D
8,4,7,4,13.393320,50,8.804090e-14,8G.7G
10,9,9,5,13.500000,47,2.692752e-13,:L.9H
10,5,6,2,13.500000,47,4.906096e-15,:H.6D
7,0,5,2,13.328199,55,1.261808e-15,7S.5D
9,8,7,2,13.500000,47,4.973303e-14,9K.7D
4,1,4,2,12.755506,70,8.165625e-08,4P.4D
7,4,5,4,13.328199,55,9.960607e-15,7G.5G
5,4,3,2,13.061780,63,1.405462e-15,5G.3D
7,1,8,4,13.393320,50,5.104916e-12,7P.8G
4,0,9,4,13.500000,47,9.814992e-16,4S.9G
7,2,8,2,13.393320,50,8.286037e-12,7D.8D
10,9,5,2,13.500000,47,1.397061e-15,:L.5D
8,2,6,5,13.393320,50,5.740580e-15,8D.6H
9,5,9,5,13.500000,47,1.748497e-11,9H.9H
10,8,8,5,13.500000,47,1.934716e-13,:K.8H
7,4,6,5,13.328199,55,3.626366e-14,7G.6H
4,2,7,5,13.328199,55,5.505356e-12,4D.7H
8,2,5,4,13.393320,50,2.133816e-15,8D.5G
6,5,7,2,13.328199,55,1.772019e-11,6H.7D
8,1,5,2,13.393320,50,1.470709e-15,8P.5D
8,4,8,2,13.393320,50,4.136018e-10,8G.8D
8,0,8,4,13.393320,50,6.297836e-11,8S.8G
10,2,3,2,13.500000,47,6.115818e-17,:D.3D
8,0,1,0,13.393320,50,1.120673e-19,8S.1S
8,4,7,6,13.393320,50,4.071611e-14,8G.7I
10,9,9,3,13.500000,47,2.537896e-13,:L.9F
6,5,8,6,13.393320,50,1.583560e-11,6H.8I
9,2,6,0,13.500000,47,7.608369e-15,9D.6S
10,4,7,0,13.500000,47,1.208882e-14,:G.7S
7,5,4,1,13.328199,55,1.789941e-15,7H.4P
10,0,7,1,13.500000,47,3.746779e-15,:S.7P
9,1,6,1,13.500000,47,3.449949e-15,9P.6P
4,1,8,3,13.393320,50,7.135121e-13,4P.8F
7,0,9,3,13.500000,47,8.725682e-15,7S.9F
7,2,4,3,13.328199,55,1.283370e-15,7D.4F
8,1,9,3,13.500000,47,5.502556e-13,8P.9F
8,4,4,3,13.393320,50,1.055987e-15,8G.4F
7,2,7,6,13.328199,55,3.405144e-10,7D.7I
8,5,9,0,13.500000,47,1.237445e-13,8H.9S
7,1,1,0,13.328199,55,5.306536e-19,7P.1S
10,8,2,0,13.500000,47,1.991841e-18,:K.2S
9,5,3,0,13.500000,47,9.187728e-17,9H.3S
6,0,6,1,13.228975,58,5.522158e-09,6S.6P
5,1,7,1,13.328199,55,7.149122e-12,5P.7P
10,5,9,6,13.500000,47,1.689971e-13,:H.9I
5,2,7,0,13.328199,55,1.516073e-11,5D.7S
9,8,8,6,13.500000,47,1.424504e-12,9K.8I
6,4,6,0,13.228975,58,7.023110e-11,6G.6S
8,4,8,7,13.393320,50,5.603366e-10,8G.8J
10,1,5,1,13.500000,47,6.026209e-16,:P.5P
9,0,4,1,13.500000,47,1.032464e-16,9S.4P
9,4,4,0,13.500000,47,7.375945e-16,9G.4S
10,2,5,0,13.500000,47,8.249634e-16,:D.5S
8,0,8,6,13.393320,50,2.915095e-11,8S.8I
8,2,3,1,13.393320,50,1.661968e-16,8D.3P
10,0,8,0,13.500000,47,2.076130e-14,:S.8S
9,1,9,0,13.500000,47,8.454054e-09,9P.9S
6,5,1,0,13.228975,58,1.822704e-19,6H.1S
9,2,9,1,13.500000,47,5.172123e-09,9D.9P
10,4,8,1,13.500000,47,5.541760e-14,:G.8P
8,1,3,0,13.393320,50,9.364146e-17,8P.3S
7,4,6,3,13.328199,55,5.113317e-13,7G.6F
4,2,7,3,13.328199,55,7.605569e-12,4D.7F
9,5,9,3,13.500000,47,4.964902e-12,9H.9F
10,8,8,3,13.500000,47,9.742184e-14,:K.8F
8,2,6,3,13.393320,50,7.622370e-15,8D.6F
10,9,3,0,13.500000,47,2.652428e-17,:L.3S
7,1,8,6,13.393320,50,5.183324e-12,7P.8I
5,4,5,0,13.061780,63,4.460851e-10,5G.5S
6,2,4,0,13.228975,58,3.365940e-15,6D.4S
4,0,9,6,13.500000,47,4.586864e-16,4S.9I
6,1,4,1,13.228975,58,2.533696e-15,6P.4P
5,0,5,1,13.061780,63,1.319773e-08,5S.5P
7,2,8,7,13.393320,50,1.026864e-11,7D.8J
8,5,6,1,13.393320,50,1.433745e-14,8H.6P
7,0,3,0,13.328199,55,1.020423e-16,7S.3S
5,2,8,1,13.393320,50,3.365940e-12,5D.8P
9,8,1,0,13.500000,47,6.793486e-20,9K.1S
6,4,9,1,13.500000,47,3.595563e-14,6G.9P
4,1,2,0,12.755506,70,1.989321e-16,4P.2S
4,2,2,1,12.755506,70,2.502053e-16,4D.2P
6,0,9,0,13.500000,47,6.477055e-15,6S.9S
5,1,8,0,13.393320,50,2.334036e-12,5P.8S
7,4,3,1,13.328199,55,2.864689e-16,7G.3P
5,1,2,0,13.061780,63,7.599968e-17,5P.2S
7,4,9,1,13.500000,47,4.990104e-14,7G.9P
4,2,8,1,13.393320,50,1.615483e-12,4D.8P
6,0,3,0,13.228975,58,2.033285e-16,6S.3S
6,4,3,1,13.228975,58,5.412947e-16,6G.3P
4,1,8,0,13.393320,50,1.369618e-12,4P.8S
7,0,9,0,13.500000,47,1.028544e-14,7S.9S
5,2,2,1,13.061780,63,1.005302e-16,5D.2P
5,0,9,6,13.500000,47,1.407422e-15,5S.9I
7,2,4,0,13.328199,55,1.672329e-15,7D.4S
6,1,8,6,13.393320,50,3.141917e-12,6P.8I
9,5,6,1,13.500000,47,9.210131e-15,9H.6P
6,2,8,7,13.393320,50,6.001006e-12,6D.8J
4,0,5,1,13.061780,63,1.212242e-12,4S.5P
10,8,7,1,13.500000,47,1.800302e-14,:K.7P
7,1,4,1,13.328199,55,1.162397e-15,7P.4P
5,4,9,7,13.500000,47,1.344416e-14,5G.9J
10,9,9,0,13.500000,47,2.476290e-13,:L.9S
9,2,6,3,13.500000,47,4.441249e-15,9D.6F
10,4,7,3,13.500000,47,3.769181e-14,:G.7F
8,5,9,3,13.500000,47,1.220083e-13,8H.9F
5,2,7,3,13.328199,55,1.334055e-11,5D.7F
6,4,6,3,13.228975,58,5.530559e-09,6G.6F
10,4,2,1,13.500000,47,5.244930e-18,:G.2P
8,1,9,0,13.500000,47,6.871894e-13,8P.9S
9,2,3,1,13.500000,47,8.353244e-17,9D.3P
9,1,3,0,13.500000,47,6.857893e-17,9P.3S
8,2,9,1,13.500000,47,4.108015e-13,8D.9P
10,0,2,0,13.500000,47,2.483011e-18,:S.2S
7,5,1,0,13.328199,55,9.504160e-20,7H.1S
10,2,9,7,13.500000,47,4.270432e-14,:D.9J
8,0,4,1,13.393320,50,1.482750e-16,8S.4P
9,4,8,7,13.500000,47,5.737780e-14,9G.8J
9,0,8,6,13.500000,47,7.070715e-15,9S.8I
8,4,4,0,13.393320,50,8.045213e-16,8G.4S
10,1,9,6,13.500000,47,2.121494e-14,:P.9I
4,1,7,1,13.328199,55,3.979202e-12,4P.7P
9,8,4,1,13.500000,47,2.920695e-16,9K.4P
7,0,6,1,13.328199,55,3.528357e-14,7S.6P
10,5,5,1,13.500000,47,1.423384e-15,:H.5P
7,4,6,0,13.328199,55,4.491654e-14,7G.6S
4,2,7,0,13.328199,55,7.930401e-12,4D.7S
9,5,9,0,13.500000,47,7.157523e-13,9H.9S
6,2,7,6,13.328199,55,1.788821e-11,6D.7I
10,8,8,0,13.500000,47,5.561362e-14,:K.8S
8,5,3,0,13.393320,50,1.074749e-16,8H.3S
6,1,1,0,13.228975,58,8.689278e-19,6P.1S
9,4,4,3,13.500000,47,7.751183e-16,9G.4F
10,2,5,3,13.500000,47,7.922001e-16,:D.5F
10,9,6,1,13.500000,47,8.204829e-15,:L.6P
10,0,8,3,13.500000,47,4.172422e-15,:S.8F
9,1,9,3,13.500000,47,3.435947e-12,9P.9F
5,4,5,3,13.061780,63,9.571367e-09,5G.5F
6,2,4,3,13.228975,58,3.116715e-15,6D.4F
6,0,9,3,13.500000,47,4.581263e-15,6S.9F
5,1,8,3,13.393320,50,1.670649e-12,5P.8F
8,2,6,0,13.393320,50,2.422245e-14,8D.6S
7,5,8,6,13.393320,50,2.174140e-11,7H.8I
8,1,6,1,13.393320,50,8.386848e-15,8P.6P
6,5,4,1,13.228975,58,4.396444e-15,6H.4P
9,0,1,0,13.500000,47,7.462754e-20,9S.1S
9,4,7,6,13.500000,47,1.962158e-14,9G.7I
10,2,9,2,13.500000,47,7.037111e-13,:D.9D
9,4,8,2,13.500000,47,1.289250e-12,9G.8D
9,0,8,4,13.500000,47,6.563863e-15,9S.8G
10,1,9,4,13.500000,47,5.116117e-14,:P.9G
9,2,5,4,13.500000,47,1.440746e-15,9D.5G
9,1,5,2,13.500000,47,1.103031e-15,9P.5D
10,0,4,2,13.500000,47,6.297836e-17,:S.4D
7,5,7,2,13.328199,55,6.642271e-10,7H.7D
5,2,7,5,13.328199,55,1.075029e-11,5D.7H
6,4,6,5,13.228975,58,2.505133e-09,6G.6H
8,5,9,5,13.500000,47,2.187301e-13,8H.9H
9,2,6,5,13.500000,47,4.057610e-15,9D.6H
10,4,7,5,13.500000,47,1.141395e-14,:G.7H
5,0,9,4,13.500000,47,1.939756e-15,5S.9G
6,1,8,4,13.393320,50,3.673971e-12,6P.8G
6,2,8,2,13.393320,50,5.141320e-12,6D.8D
5,4,9,2,13.500000,47,1.828865e-14,5G.9D
5,1,4,2,13.061780,63,5.281334e-15,5P.4D
6,0,5,2,13.228975,58,3.738378e-15,6S.5D
6,4,5,4,13.228975,58,3.391143e-14,6G.5G
9,0,7,2,13.500000,47,4.948100e-15,9S.7D
10,1,6,2,13.500000,47,1.662528e-15,:P.6D
10,2,6,4,13.500000,47,2.325355e-15,:D.6G
9,4,7,4,13.500000,47,2.245267e-14,9G.7G
7,5,8,4,13.393320,50,1.909513e-11,7H.8G
6,0,9,5,13.500000,47,3.626366e-15,6S.9H
5,1,8,5,13.393320,50,1.752697e-12,5P.8H
6,4,9,8,13.500000,47,2.683791e-14,6G.9K
9,2,9,8,13.500000,47,3.452749e-13,9D.9K
10,0,8,5,13.500000,47,2.542657e-15,:S.8H
9,1,9,5,13.500000,47,1.817104e-13,9P.9H
6,2,7,4,13.328199,55,1.499552e-11,6D.7G
5,4,6,4,13.228975,58,1.418063e-12,5G.6G
8,5,5,2,13.393320,50,4.001604e-15,8H.5D
5,0,6,2,13.228975,58,2.168259e-13,5S.6D
6,1,7,2,13.328199,55,1.289530e-11,6P.7D
9,7,8,4,13.500000,47,4.889294e-13,9J.8G
10,6,9,4,13.500000,47,3.662770e-12,:I.9G
9,6,5,2,13.500000,47,2.420565e-15,9I.5D
10,7,4,2,13.500000,47,3.704774e-16,:J.4D
4,3,6,4,13.228975,58,8.552064e-13,4F.6G
2,1,7,2,13.328199,55,3.578762e-13,2P.7D
1,0,6,2,13.228975,58,5.970203e-16,1S.6D
7,3,9,8,13.500000,47,6.227829e-14,7F.9K
8,3,7,4,13.393320,50,4.645669e-14,8F.7G
2,0,9,5,13.500000,47,1.670649e-17,2S.9H
7,3,5,4,13.328199,55,6.502257e-15,7F.5G
9,7,7,2,13.500000,47,3.407944e-14,9J.7D
10,6,6,2,13.500000,47,5.116117e-15,:I.6D
4,3,9,2,13.500000,47,7.291937e-15,4F.9D
5,3,3,2,13.061780,63,1.606522e-15,5F.3D
2,0,5,2,13.061780,63,1.105272e-13,2S.5D
2,1,8,4,13.393320,50,3.895194e-14,2P.8G
1,0,9,4,13.500000,47,1.138315e-18,1S.9G
10,7,8,5,13.500000,47,5.443750e-14,:J.8H
9,6,9,5,13.500000,47,2.688832e-09,9I.9H
7,3,6,5,13.328199,55,2.569260e-14,7F.6H
8,3,8,2,13.393320,50,1.725254e-06,8F.8D
8,3,7,6,13.393320,50,2.747638e-14,8F.7I
2,0,9,3,13.500000,47,3.284732e-17,2S.9F
7,6,4,1,13.328199,55,1.768659e-15,7I.4P
10,3,7,0,13.500000,47,9.238134e-15,:F.7S
4,3,5,3,13.061780,63,5.849791e-12,4F.5F
2,1,1,0,10.204389,96,6.387445e-17,2P.1S
8,3,4,3,13.393320,50,8.482057e-16,8F.4F
3,0,6,1,13.228975,58,5.538960e-14,3S.6P
9,6,3,0,13.500000,47,6.171824e-17,9I.3S
10,7,2,0,13.500000,47,2.369599e-18,:J.2S
8,6,9,0,13.500000,47,1.578800e-13,8I.9S
9,7,8,6,13.500000,47,5.454951e-12,9J.8I
6,3,6,0,13.228975,58,3.945599e-11,6F.6S
10,6,9,6,13.500000,47,4.799685e-13,:I.9I
8,7,4,1,13.393320,50,9.319342e-16,8J.4P
9,3,4,0,13.500000,47,5.471753e-16,9F.4S
8,3,8,7,13.393320,50,4.550460e-10,8F.8J
10,3,8,1,13.500000,47,1.335175e-13,:F.8P
7,3,6,3,13.328199,55,3.959600e-14,7F.6F
10,7,8,3,13.500000,47,8.739683e-14,:J.8F
9,6,9,3,13.500000,47,1.045906e-12,9I.9F
3,1,4,1,12.755506,70,1.658048e-11,3P.4P
2,1,8,6,13.393320,50,2.400403e-14,2P.8I
1,0,9,6,13.500000,47,5.435349e-19,1S.9I
3,2,4,0,12.755506,70,1.927155e-11,3D.4S
3,0,9,0,13.500000,47,5.908597e-16,3S.9S
2,0,3,0,12.094089,78,9.924203e-12,2S.3S
8,6,6,1,13.393320,50,1.693891e-14,8I.6P
4,3,9,7,13.500000,47,3.055109e-15,4F.9J
5,3,5,0,13.061780,63,8.067615e-10,5F.5S
7,3,3,1,13.328199,55,3.147518e-16,7F.3P
9,7,1,0,13.500000,47,4.572862e-20,9J.1S
6,3,9,1,13.500000,47,2.836687e-14,6F.9P
6,3,3,1,13.228975,58,6.233430e-16,6F.3P
7,3,9,1,13.500000,47,5.216927e-14,7F.9P
8,7,1,0,13.393320,50,6.860693e-20,8J.1S
10,7,7,1,13.500000,47,1.968039e-14,:J.7P
5,3,9,7,13.500000,47,8.846094e-15,5F.9J
9,6,6,1,13.500000,47,9.884999e-15,9I.6P
4,3,5,0,13.061780,63,4.172422e-12,4F.5S
2,0,9,0,13.500000,47,1.294291e-16,2S.9S
3,0,3,0,12.094089,78,4.763281e-09,3S.3S
10,3,7,3,13.500000,47,8.952505e-15,:F.7F
1,0,5,1,13.061780,63,6.222229e-15,1S.5P
3,2,8,7,13.393320,50,4.833288e-13,3D.8J
2,1,4,1,12.755506,70,4.488854e-12,2P.4P
3,1,8,6,13.393320,50,2.426725e-13,3P.8I
8,6,9,3,13.500000,47,1.511873e-13,8I.9F
6,3,6,3,13.228975,58,7.583166e-10,6F.6F
7,6,1,0,13.328199,55,8.938503e-20,7I.1S
10,3,2,1,13.500000,47,7.636372e-18,:F.2P
8,3,4,0,13.393320,50,7.401148e-16,8F.4S
9,3,8,7,13.500000,47,3.920396e-14,9F.8J
7,3,6,0,13.328199,55,9.369747e-14,7F.6S
8,7,8,6,13.393320,50,4.642869e-07,8J.8I
10,6,5,1,13.500000,47,1.644606e-15,:I.5P
9,7,4,1,13.500000,47,5.208526e-16,9J.4P
8,6,3,0,13.393320,50,1.157917e-16,8I.3S
10,7,8,0,13.500000,47,4.794084e-14,:J.8S
9,6,9,0,13.500000,47,6.348242e-13,9I.9S
2,0,6,1,13.228975,58,1.322574e-14,2S.6P
9,3,4,3,13.500000,47,6.485455e-16,9F.4F
3,1,1,0,12.094089,78,9.966207e-18,3P.1S
3,2,7,6,13.328199,55,1.901952e-12,3D.7I
5,3,5,3,13.061780,63,3.606764e-09,5F.5F
3,2,4,3,12.755506,70,1.256767e-11,3D.4F
7,6,8,6,13.393320,50,2.003882e-11,7I.8I
9,3,7,6,13.500000,47,1.411343e-14,9F.7I
3,0,9,3,13.500000,47,3.057909e-16,3S.9F
9,3,8,2,13.500000,47,1.631165e-12,9F.8D
7,6,7,2,13.328199,55,8.851694e-10,7I.7D
6,3,6,5,13.228975,58,6.356642e-11,6F.6H
8,6,9,5,13.500000,47,1.691931e-13,8I.9H
10,3,7,5,13.500000,47,8.837693e-15,:F.7H
3,2,8,2,13.393320,50,4.460851e-13,3D.8D
3,1,8,4,13.393320,50,3.167120e-13,3P.8G
3,0,5,2,13.061780,63,4.480453e-13,3S.5D
5,3,9,2,13.500000,47,1.625564e-14,5F.9D
4,3,3,2,12.755506,70,1.514673e-14,4F.3D
6,3,5,4,13.228975,58,1.879830e-14,6F.5G
8,7,7,2,13.393320,50,6.731880e-14,8J.7D
9,3,7,4,13.500000,47,1.675129e-14,9F.7G
3,0,9,5,13.500000,47,1.888791e-16,3S.9H
7,6,8,4,13.393320,50,1.662248e-11,7I.8G
6,3,9,8,13.500000,47,2.252548e-14,6F.9K
3,1,7,2,13.328199,55,1.528114e-12,3P.7D
3,2,7,4,13.328199,55,2.440727e-12,3D.7G
8,6,5,2,13.393320,50,3.727177e-15,8I.5D
5,3,6,4,13.228975,58,1.242766e-12,5F.6G
8,7,8,4,13.393320,50,9.338944e-10,8J.8G
7,3,6,4,13.328199,55,2.901093e-14,7F.6G
10,6,5,2,13.500000,47,1.526994e-15,:I.5D
9,7,4,2,13.500000,47,4.978903e-16,9J.4D
10,7,8,4,13.500000,47,7.263934e-14,:J.8G
9,6,9,4,13.500000,47,3.780382e-12,9I.9G
2,0,6,2,13.228975,58,1.241365e-14,2S.6D
4,3,9,8,13.500000,47,1.303532e-15,4F.9K
2,1,8,5,13.393320,50,2.979501e-14,2P.8H
1,0,9,5,13.500000,47,6.496656e-19,1S.9H
6,3,3,2,13.228975,58,6.838291e-16,6F.3D
7,3,9,2,13.500000,47,4.536458e-14,7F.9D
10,7,7,2,13.500000,47,1.856308e-14,:J.7D
9,6,6,2,13.500000,47,9.588169e-15,9I.6D
4,3,5,4,13.061780,63,7.157523e-12,4F.5G
2,0,9,4,13.500000,47,3.279131e-17,2S.9G
8,3,7,5,13.393320,50,3.553559e-14,8F.7H
1,0,5,2,13.061780,63,3.833587e-15,1S.5D
2,1,4,2,12.755506,70,3.830787e-12,2P.4D
4,3,6,5,13.228975,58,9.210131e-13,4F.6H
9,7,8,5,13.500000,47,1.784340e-12,9J.8H
10,6,9,5,13.500000,47,6.720679e-12,:I.9H
9,3,7,0,13.500000,47,3.057909e-14,9F.7S
2,1,8,3,13.393320,50,6.183025e-14,2P.8F
1,0,9,3,13.500000,47,1.113393e-18,1S.9F
7,6,8,0,13.393320,50,1.132994e-11,7I.8S
7,3,5,3,13.328199,55,7.297537e-15,7F.5F
3,1,7,1,13.328199,55,1.292611e-12,3P.7P
3,2,7,0,13.328199,55,2.437086e-12,3D.7S
8,6,5,1,13.393320,50,3.584362e-15,8I.5P
10,7,8,6,13.500000,47,4.290034e-13,:J.8I
5,3,6,0,13.228975,58,6.351042e-13,5F.6S
9,6,9,6,13.500000,47,1.755497e-11,9I.9I
8,7,8,0,13.393320,50,9.798190e-10,8J.8S
10,6,3,0,13.500000,47,4.390844e-17,:I.3S
9,7,2,0,13.500000,47,2.461729e-18,9J.2S
8,3,2,1,13.393320,50,1.543796e-17,8F.2P
9,3,8,1,13.500000,47,1.145316e-12,9F.8P
7,6,7,1,13.328199,55,7.692377e-10,7I.7P
10,3,4,0,13.500000,47,2.923495e-16,:F.4S
9,7,8,3,13.500000,47,1.778460e-13,9J.8F
10,6,9,3,13.500000,47,1.416103e-12,:I.9F
4,3,6,3,13.228975,58,7.465554e-13,4F.6F
3,2,8,1,13.393320,50,8.482057e-13,3D.8P
1,0,3,0,12.094089,78,5.208526e-13,1S.3S
2,1,2,0,10.204389,96,7.636372e-09,2P.2S
3,1,8,0,13.393320,50,3.164320e-13,3P.8S
2,0,9,6,13.500000,47,1.299891e-17,2S.9I
3,0,5,1,13.061780,63,5.410147e-13,3S.5P
8,3,7,3,13.393320,50,1.005862e-13,8F.7F
10,7,1,0,13.500000,47,8.854495e-20,:J.1S
5,3,9,1,13.500000,47,1.654127e-14,5F.9P
4,3,3,1,12.755506,70,5.043310e-15,4F.3P
6,3,5,0,13.228975,58,2.759679e-14,6F.5S
7,3,9,7,13.500000,47,4.794084e-14,7F.9J
8,7,7,1,13.393320,50,6.121419e-14,8J.7P
7,3,5,0,13.328199,55,8.134822e-15,7F.5S
9,7,7,1,13.500000,47,3.704774e-14,9J.7P
6,3,9,7,13.500000,47,1.920994e-14,6F.9J
10,6,6,1,13.500000,47,5.432549e-15,:I.6P
4,3,9,1,13.500000,47,8.493258e-15,4F.9P
5,3,3,1,13.061780,63,1.154557e-15,5F.3P
3,0,9,6,13.500000,47,1.073628e-16,3S.9I
9,3,7,3,13.500000,47,1.780140e-14,9F.7F
2,0,5,1,13.061780,63,1.041705e-13,2S.5P
3,1,2,0,12.094089,78,8.339243e-16,3P.2S
7,6,8,3,13.393320,50,1.275809e-11,7I.8F
2,1,8,0,13.393320,50,5.452151e-14,2P.8S
3,2,2,1,12.094089,78,1.794981e-15,3D.2P
1,0,9,0,13.500000,47,6.258632e-18,1S.9S
5,3,6,3,13.228975,58,1.004462e-12,5F.6F
8,7,8,3,13.393320,50,9.753386e-10,8J.8F
3,2,7,3,13.328199,55,3.167120e-12,3D.7F
10,3,8,7,13.500000,47,2.107213e-14,:F.8J
9,3,2,1,13.500000,47,1.028544e-17,9F.2P
8,3,8,1,13.393320,50,3.685172e-10,8F.8P
9,7,8,0,13.500000,47,1.270208e-13,9J.8S
10,6,9,0,13.500000,47,2.853488e-13,:I.9S
8,7,2,0,13.393320,50,4.662471e-18,8J.2S
9,6,5,1,13.500000,47,2.496172e-15,9I.5P
10,7,4,1,13.500000,47,3.757980e-16,:J.4P
8,6,9,6,13.500000,47,1.834185e-13,8I.9I
4,3,6,0,13.228975,58,3.623566e-13,4F.6S
2,1,7,1,13.328199,55,3.374341e-13,2P.7P
1,0,6,1,13.228975,58,2.090411e-16,1S.6P
10,3,4,3,13.500000,47,3.536757e-16,:F.4F
6,3,5,3,13.228975,58,2.162659e-14,6F.5F
7,6,2,0,13.328199,55,9.789789e-18,7I.2S
3,1,8,3,13.393320,50,2.542097e-13,3P.8F
10,3,7,6,13.500000,47,7.781986e-15,:F.7I
8,3,7,0,13.393320,50,2.680151e-13,8F.7S
3,2,7,5,13.328199,55,2.393962e-12,3D.7H
10,3,8,2,13.500000,47,2.038046e-13,:F.8D
8,7,8,5,13.393320,50,9.201730e-10,8J.8H
5,3,6,5,13.228975,58,1.232125e-12,5F.6H
3,1,4,2,12.755506,70,1.417503e-11,3P.4D
7,6,8,5,13.393320,50,1.467348e-11,7I.8H
3,0,9,4,13.500000,47,2.512414e-16,3S.9G
9,3,7,5,13.500000,47,1.603722e-14,9F.7H
8,6,6,2,13.393320,50,1.629205e-14,8I.6D
5,3,5,4,13.061780,63,7.445952e-09,5F.5G
7,3,3,2,13.328199,55,3.511555e-16,7F.3D
6,3,9,2,13.500000,47,2.721315e-14,6F.9D
7,6,4,2,13.328199,55,1.740936e-15,7I.4D
3,1,8,5,13.393320,50,2.357558e-13,3P.8H
10,3,7,4,13.500000,47,8.557665e-15,:F.7G
5,3,9,8,13.500000,47,5.860992e-15,5F.9K
3,0,6,2,13.228975,58,4.844490e-14,3S.6D
8,6,9,4,13.500000,47,1.555557e-13,8I.9G
6,3,6,4,13.228975,58,4.301235e-09,6F.6G
8,7,4,2,13.393320,50,8.862896e-16,8J.4D
8,3,6,1,13.393320,50,1.979240e-14,8F.6P
3,0,4,3,12.755506,70,2.335996e-12,3S.4F
7,6,3,1,13.328199,55,2.144177e-16,7I.3P
3,2,9,3,13.500000,47,2.053448e-15,3D.9F
8,7,6,3,13.393320,50,2.473490e-14,8J.6F
5,3,8,3,13.393320,50,4.438449e-12,5F.8F
1,0,7,0,13.328199,55,4.959301e-15,1S.7S
2,1,6,0,13.228975,58,1.689971e-14,2P.6S
7,6,6,3,13.328199,55,5.278533e-14,7I.6F
9,3,9,3,13.500000,47,1.621364e-11,9F.9F
3,0,7,6,13.328199,55,1.996322e-13,3S.7I
10,7,5,0,13.500000,47,1.787421e-15,:J.5S
9,6,4,0,13.500000,47,5.146920e-16,9I.4S
4,3,7,1,13.328199,55,7.087516e-12,4F.7P
8,6,8,7,13.393320,50,4.024007e-07,8I.8J
10,6,8,1,13.500000,47,4.323637e-14,:I.8P
9,7,9,1,13.500000,47,1.115073e-12,9J.9P
6,3,1,0,13.228975,58,2.784601e-19,6F.1S
8,7,3,1,13.393320,50,1.058227e-16,8J.3P
9,3,3,0,13.500000,47,9.470557e-17,9F.3S
8,3,9,0,13.500000,47,1.557237e-13,8F.9S
10,3,9,6,13.500000,47,5.799386e-14,:F.9I
3,1,6,3,13.228975,58,9.450955e-14,3P.6F
8,6,4,3,13.393320,50,1.201041e-15,8I.4F
3,1,3,1,12.094089,78,4.080012e-09,3P.3P
3,2,3,0,12.094089,78,2.122895e-09,3D.3S
1,0,8,1,13.393320,50,1.521954e-15,1S.8P
2,1,9,1,13.500000,47,3.542358e-16,2P.9P
3,0,8,7,13.393320,50,7.020309e-14,3S.8J
2,0,4,0,12.755506,70,1.581600e-12,2S.4S
4,3,8,0,13.393320,50,1.746817e-12,4F.8S
8,6,7,6,13.393320,50,9.389349e-14,8I.7I
5,3,2,0,13.061780,63,5.306536e-17,5F.2S
7,3,4,1,13.328199,55,2.182541e-15,7F.4P
10,6,7,0,13.500000,47,1.519994e-14,:I.7S
9,7,6,0,13.500000,47,8.924502e-15,9J.6S
6,3,8,6,13.393320,50,8.784488e-12,6F.8I
6,3,7,2,13.328199,55,2.188981e-11,6F.7D
8,7,5,4,13.393320,50,5.536159e-15,8J.5G
10,7,3,2,13.500000,47,4.066011e-17,:J.3D
8,6,8,2,13.393320,50,4.878093e-10,8I.8D
9,3,9,5,13.500000,47,3.158719e-12,9F.9H
3,0,7,4,13.328199,55,3.335137e-13,3S.7G
7,6,6,5,13.328199,55,1.088750e-12,7I.6H
5,3,8,5,13.393320,50,4.743679e-12,5F.8H
8,7,6,5,13.393320,50,7.689577e-14,8J.6H
7,6,5,4,13.328199,55,2.181980e-14,7I.5G
3,1,9,8,13.500000,47,1.282530e-16,3P.9K
3,2,9,5,13.500000,47,1.246966e-15,3D.9H
10,3,6,2,13.500000,47,6.037410e-15,:F.6D
6,3,8,4,13.393320,50,9.266136e-12,6F.8G
8,6,7,4,13.393320,50,6.804688e-13,8I.7G
5,3,4,2,13.061780,63,5.006906e-14,5F.4D
3,0,8,2,13.393320,50,7.263934e-14,3S.8D
3,1,5,4,13.061780,63,1.432905e-12,3P.5G
7,6,9,8,13.500000,47,2.056248e-13,7I.9K
3,2,5,2,13.061780,63,1.743176e-12,3D.5D
8,7,9,8,13.500000,47,7.163124e-12,8J.9K
10,3,9,4,13.500000,47,3.158719e-13,:F.9G
3,1,6,5,13.228975,58,1.124314e-13,3P.6H
9,3,5,2,13.500000,47,2.371280e-15,9F.5D
8,3,5,2,13.393320,50,5.440950e-15,8F.5D
1,0,7,5,13.328199,55,1.196841e-15,1S.7H
2,1,6,5,13.228975,58,2.033565e-14,2P.6H
9,7,9,8,13.500000,47,1.034425e-09,9J.9K
2,1,5,4,13.061780,63,3.449949e-13,2P.5G
2,0,8,2,13.393320,50,1.392581e-14,2S.8D
9,6,7,4,13.500000,47,3.220325e-14,9I.7G
10,7,6,4,13.500000,47,7.107118e-15,:J.6G
4,3,4,2,12.755506,70,7.675576e-08,4F.4D
7,3,8,4,13.393320,50,1.354497e-11,7F.8G
2,1,9,8,13.500000,47,1.594761e-17,2P.9K
10,6,7,5,13.500000,47,4.343239e-14,:I.7H
9,7,6,5,13.500000,47,2.325635e-14,9J.6H
4,3,8,5,13.393320,50,2.260668e-12,4F.8H
8,3,9,5,13.500000,47,1.076709e-12,8F.9H
2,0,7,4,13.328199,55,4.889294e-14,2S.7G
9,6,8,2,13.500000,47,2.236586e-13,9I.8D
10,7,9,2,13.500000,47,2.853488e-13,:J.9D
7,3,7,2,13.328199,55,1.667569e-06,7F.7D
9,7,5,4,13.500000,47,3.234327e-15,9J.5G
6,3,4,1,13.228975,58,4.522457e-15,6F.4P
7,3,8,6,13.393320,50,1.261527e-11,7F.8I
8,7,6,0,13.393320,50,2.065489e-14,8J.6S
9,6,7,6,13.500000,47,3.407944e-14,9I.7I
5,3,8,0,13.393320,50,3.340738e-12,5F.8S
4,3,2,0,12.755506,70,1.380540e-16,4F.2S
2,0,8,7,13.393320,50,4.390844e-15,2S.8J
3,0,4,0,12.755506,70,5.396145e-12,3S.4S
2,1,3,1,12.094089,78,2.480211e-11,2P.3P
3,2,9,0,13.500000,47,2.399282e-15,3D.9S
1,0,2,1,10.204389,96,9.210131e-13,1S.2P
3,1,9,1,13.500000,47,1.762498e-15,3P.9P
10,7,5,3,13.500000,47,1.928555e-15,:J.5F
9,6,4,3,13.500000,47,7.837992e-16,9I.4F
7,6,6,0,13.328199,55,3.928797e-14,7I.6S
10,3,5,1,13.500000,47,1.087630e-15,:F.5P
1,0,7,3,13.328199,55,1.519154e-15,1S.7F
2,1,6,3,13.228975,58,2.870290e-14,2P.6F
8,3,3,0,13.393320,50,1.476309e-16,8F.3S
9,3,9,0,13.500000,47,2.274110e-12,9F.9S
7,3,1,0,13.328199,55,1.803662e-19,7F.1S
8,7,9,1,13.500000,47,1.268248e-13,8J.9P
9,7,3,1,13.500000,47,5.662172e-17,9J.3P
10,6,2,1,13.500000,47,2.298472e-18,:I.2P
8,6,4,0,13.393320,50,8.356044e-16,8I.4S
9,6,8,7,13.500000,47,1.050386e-13,9I.8J
10,7,9,7,13.500000,47,3.906395e-13,:J.9J
5,3,7,1,13.328199,55,1.131314e-11,5F.7P
8,3,9,3,13.500000,47,2.805884e-13,8F.9F
2,0,7,6,13.328199,55,2.208303e-14,2S.7I
3,1,6,0,13.228975,58,1.154557e-13,3P.6S
3,2,6,1,13.228975,58,1.859388e-13,3D.6P
4,3,8,3,13.393320,50,2.476010e-12,4F.8F
10,6,7,3,13.500000,47,1.538475e-14,:I.7F
9,7,6,3,13.500000,47,9.403350e-15,9J.6F
7,6,9,1,13.500000,47,7.062314e-14,7I.9P
2,0,4,3,12.755506,70,4.105215e-13,2S.4F
9,3,6,1,13.500000,47,6.673074e-15,9F.6P
7,6,9,7,13.500000,47,1.476309e-13,7I.9J
3,1,5,3,13.061780,63,1.227924e-12,3P.5F
6,3,8,3,13.393320,50,6.493856e-12,6F.8F
8,6,7,3,13.393320,50,1.881790e-13,8I.7F
10,3,9,3,13.500000,47,6.555462e-13,:F.9F
2,0,7,0,13.328199,55,1.563958e-13,2S.7S
8,6,2,1,13.393320,50,7.462754e-18,8I.2P
9,6,8,1,13.500000,47,1.433465e-13,9I.8P
10,7,9,1,13.500000,47,1.906713e-13,:J.9P
5,3,1,0,13.061780,63,6.835491e-19,5F.1S
7,3,7,1,13.328199,55,1.050666e-09,7F.7P
8,7,9,7,13.500000,47,2.706193e-13,8J.9J
9,7,5,0,13.500000,47,2.468729e-15,9J.5S
10,6,4,0,13.500000,47,3.295933e-16,:I.4S
3,0,7,3,13.328199,55,4.245229e-13,3S.7F
8,3,5,1,13.393320,50,3.547959e-15,8F.5P
9,3,9,6,13.500000,47,5.631369e-13,9F.9I
10,3,3,0,13.500000,47,5.860992e-17,:F.3S
8,7,5,3,13.393320,50,4.651270e-15,8J.5F
2,1,5,0,13.061780,63,3.869991e-13,2P.5S
1,0,4,0,12.755506,70,1.294571e-13,1S.4S
3,2,9,6,13.500000,47,7.216329e-16,3D.9I
3,1,9,7,13.500000,47,2.561139e-16,3P.9J
7,6,5,3,13.328199,55,1.401262e-14,7I.5F
2,0,8,1,13.393320,50,3.539558e-14,2S.8P
3,0,2,1,12.094089,78,2.406283e-16,3S.2P
9,6,7,0,13.500000,47,3.080311e-14,9I.7S
10,7,6,0,13.500000,47,6.603067e-15,:J.6S
5,3,8,6,13.393320,50,5.183324e-12,5F.8I
4,3,4,1,12.755506,70,1.950117e-09,4F.4P
6,3,2,0,13.228975,58,3.127916e-17,6F.2S
7,3,8,0,13.393320,50,9.798190e-12,7F.8S
8,7,9,2,13.500000,47,1.360097e-13,8J.9D
9,7,3,2,13.500000,47,5.617368e-17,9J.3D
5,3,7,2,13.328199,55,1.299611e-11,5F.7D
3,1,6,4,13.228975,58,1.170798e-13,3P.6G
10,3,9,5,13.500000,47,9.899000e-14,:F.9H
3,2,6,2,13.228975,58,2.399562e-13,3D.6D
8,6,7,5,13.393320,50,2.169379e-12,8I.7H
6,3,8,5,13.393320,50,8.160025e-12,6F.8H
7,6,9,2,13.500000,47,7.034311e-14,7I.9D
9,3,6,2,13.500000,47,1.379139e-14,9F.6D
6,3,4,2,13.228975,58,5.776984e-15,6F.4D
8,7,6,4,13.393320,50,4.539259e-14,8J.6G
5,3,8,4,13.393320,50,5.678974e-12,5F.8G
2,1,3,2,12.094089,78,1.319493e-11,2P.3D
3,2,9,4,13.500000,47,1.553317e-15,3D.9G
3,1,9,2,13.500000,47,1.133555e-15,3P.9D
7,6,6,4,13.328199,55,1.955438e-13,7I.6G
10,3,5,2,13.500000,47,1.303252e-15,:F.5D
3,0,7,5,13.328199,55,2.279710e-13,3S.7H
9,3,9,4,13.500000,47,2.912294e-09,9F.9G
2,0,7,5,13.328199,55,3.998804e-14,2S.7H
8,3,9,4,13.500000,47,1.760818e-12,8F.9G
10,7,9,8,13.500000,47,1.607922e-13,:J.9K
3,1,3,2,12.094089,78,4.088413e-08,3P.3D
1,0,8,2,13.393320,50,1.215603e-15,1S.8D
2,1,9,2,13.500000,47,2.659149e-16,2P.9D
4,3,8,4,13.393320,50,2.873090e-12,4F.8G
7,3,4,2,13.328199,55,1.885150e-15,7F.4D
10,6,7,4,13.500000,47,1.682690e-14,:I.7G
9,7,6,4,13.500000,47,1.103311e-14,9J.6G
8,3,6,2,13.393320,50,4.500055e-14,8F.6D
7,6,3,2,13.328199,55,2.744277e-16,7I.3D
7,3,8,5,13.393320,50,1.124594e-11,7F.8H
9,6,7,5,13.500000,47,1.801982e-13,9I.7H
10,7,6,5,13.500000,47,1.011462e-14,:J.6H
1,0,7,4,13.328199,55,9.890599e-16,1S.7G
2,1,6,4,13.228975,58,2.461169e-14,2P.6G
10,7,5,4,13.500000,47,2.446327e-15,:J.5G
4,3,7,2,13.328199,55,7.311539e-12,4F.7D
10,6,8,2,13.500000,47,4.292834e-14,:I.8D
9,7,9,2,13.500000,47,1.081749e-12,9J.9D
8,7,3,2,13.393320,50,1.234365e-16,8J.3D
7,3,2,0,13.328199,55,1.654407e-17,7F.2S
10,6,7,6,13.500000,47,1.723574e-14,:I.7I
6,3,8,0,13.393320,50,5.505356e-12,6F.8S
4,3,8,6,13.393320,50,3.080311e-12,4F.8I
8,6,7,0,13.393320,50,8.048013e-14,8I.7S
5,3,4,1,13.061780,63,1.711253e-14,5F.4P
3,0,8,1,13.393320,50,2.206343e-13,3S.8P
2,0,2,1,10.204389,96,2.544897e-09,2S.2P
3,1,5,0,13.061780,63,1.628645e-12,3P.5S
1,0,8,7,13.393320,50,4.460851e-16,1S.8J
3,2,5,1,13.061780,63,2.140536e-12,3D.5P
2,1,9,7,13.500000,47,2.738397e-17,2P.9J
9,7,5,3,13.500000,47,2.808684e-15,9J.5F
10,6,4,3,13.500000,47,5.326138e-16,:I.4F
10,3,9,0,13.500000,47,1.595881e-12,:F.9S
9,3,5,1,13.500000,47,2.348037e-15,9F.5P
2,0,7,3,13.328199,55,5.821788e-14,2S.7F
8,3,9,6,13.500000,47,3.379942e-13,8F.9I
10,6,8,7,13.500000,47,4.922897e-14,:I.8J
9,7,9,7,13.500000,47,1.567878e-11,9J.9J
6,3,7,1,13.328199,55,1.863588e-11,6F.7P
8,7,5,0,13.393320,50,4.721277e-15,8J.5S
10,7,3,1,13.500000,47,3.735577e-17,:J.3P
9,6,2,1,13.500000,47,3.797184e-18,9I.2P
4,3,1,0,12.755506,70,5.286934e-19,4F.1S
8,6,8,1,13.393320,50,4.430048e-10,8I.8P
3,0,7,0,13.328199,55,1.056267e-12,3S.7S
1,0,7,6,13.328199,55,4.584063e-16,1S.7I
9,6,7,3,13.500000,47,2.833886e-14,9I.7F
10,7,6,3,13.500000,47,5.950601e-15,:J.6F
7,3,8,3,13.393320,50,1.104712e-11,7F.8F
7,6,5,0,13.328199,55,1.027424e-14,7I.5S
2,1,5,3,13.061780,63,3.819586e-13,2P.5F
1,0,4,3,12.755506,70,9.338944e-15,1S.4F
10,3,6,1,13.500000,47,3.295933e-15,:F.6P
10,1,7,6,13.500000,47,3.349138e-15,:P.7I
10,2,1,0,13.500000,47,1.346656e-19,:D.1S
8,2,7,1,13.393320,50,6.463053e-13,8D.7P
7,5,9,7,13.500000,47,8.381247e-14,7H.9J
6,5,5,0,13.228975,58,2.293432e-14,6H.5S
8,1,7,0,13.393320,50,6.082215e-13,8P.7S
6,4,8,3,13.393320,50,8.599669e-12,6G.8F
5,2,9,3,13.500000,47,1.126554e-14,5D.9F
8,5,7,3,13.393320,50,6.443451e-13,8H.7F
5,0,4,3,13.061780,63,1.119273e-15,5S.4F
6,1,5,3,13.228975,58,8.717281e-15,6P.5F
10,4,9,3,13.500000,47,3.858790e-12,:G.9F
9,2,8,3,13.500000,47,1.762218e-13,9D.8F
10,9,7,0,13.500000,47,3.284732e-14,:L.7S
9,0,5,3,13.500000,47,3.853189e-16,9S.5F
10,1,4,3,13.500000,47,1.631445e-16,:P.4F
10,8,9,1,13.500000,47,2.390882e-13,:K.9P
5,4,1,0,13.061780,63,6.096216e-19,5G.1S
9,5,8,1,13.500000,47,2.609584e-13,9H.8P
8,5,2,1,13.393320,50,6.101817e-18,8H.2P
5,0,7,6,13.328199,55,2.275510e-12,5S.7I
7,0,7,0,13.328199,55,1.424504e-08,7S.7S
10,5,4,0,13.500000,47,3.788783e-16,:H.4S
4,1,6,0,13.228975,58,4.250830e-13,4P.6S
9,8,5,0,13.500000,47,2.302393e-15,9K.5S
4,2,6,1,13.228975,58,5.239329e-13,4D.6P
7,4,7,1,13.328199,55,8.605270e-10,7G.7P
9,4,9,6,13.500000,47,2.617144e-12,9G.9I
10,2,8,6,13.500000,47,1.679330e-14,:D.8I
8,0,5,0,13.393320,50,7.748383e-16,8S.5S
8,4,5,1,13.393320,50,3.729977e-15,8G.5P
10,1,8,7,13.500000,47,7.840792e-15,:P.8J
9,0,9,7,13.500000,47,7.969605e-14,9S.9J
9,2,2,0,13.500000,47,7.874396e-18,9D.2S
10,4,3,0,13.500000,47,5.888995e-17,:G.3S
8,1,8,1,13.393320,50,1.117313e-08,8P.8P
8,2,8,0,13.393320,50,2.582141e-10,8D.8S
10,0,3,1,13.500000,47,1.568438e-17,:S.3P
9,1,2,1,13.500000,47,6.995107e-18,9P.2P
5,1,6,3,13.228975,58,4.452450e-13,5P.6F
6,0,7,3,13.328199,55,4.284433e-12,6S.7F
9,1,7,3,13.500000,47,8.087217e-15,9P.7F
10,0,6,3,13.500000,47,3.928797e-16,:S.6F
7,5,5,3,13.328199,55,1.079229e-14,7H.5F
10,9,8,1,13.500000,47,1.704252e-13,:L.8P
6,1,9,7,13.500000,47,7.745583e-15,6P.9J
5,0,8,7,13.393320,50,7.683976e-13,5S.8J
7,2,5,1,13.328199,55,1.385580e-14,7D.5P
10,8,6,0,13.500000,47,6.423849e-15,:K.6S
7,1,5,0,13.328199,55,1.231004e-14,7P.5S
5,4,8,6,13.393320,50,9.232533e-12,5G.8I
9,5,7,0,13.500000,47,2.245267e-14,9H.7S
6,2,9,6,13.500000,47,1.614083e-14,6D.9I
4,0,4,0,12.755506,70,7.476756e-09,4S.4S
4,2,9,0,13.500000,47,7.135121e-15,4D.9S
6,0,2,1,13.228975,58,1.212523e-17,6S.2P
5,1,3,1,13.061780,63,8.445653e-16,5P.3P
7,4,8,0,13.393320,50,1.029104e-11,7G.8S
7,0,8,1,13.393320,50,2.145017e-12,7S.8P
5,2,3,0,13.061780,63,1.176119e-15,5D.3S
6,4,2,0,13.228975,58,2.146137e-17,6G.2S
4,1,9,1,13.500000,47,3.651569e-15,4P.9P
9,8,3,2,13.500000,47,3.561960e-17,9K.3D
5,4,7,2,13.328199,55,1.294011e-11,5G.7D
6,2,6,2,13.228975,58,6.731880e-10,6D.6D
6,1,6,4,13.228975,58,2.519135e-11,6P.6G
5,0,7,4,13.328199,55,1.881790e-12,5S.7G
10,4,9,5,13.500000,47,2.371560e-13,:G.9H
9,2,8,5,13.500000,47,2.982301e-14,9D.8H
10,0,9,8,13.500000,47,6.894297e-15,:S.9K
8,5,7,5,13.393320,50,7.538362e-14,8H.7H
5,1,9,8,13.500000,47,2.656908e-15,5P.9K
6,4,8,5,13.393320,50,9.548965e-12,6G.8H
5,2,9,5,13.500000,47,8.745284e-15,5D.9H
7,5,9,2,13.500000,47,6.796287e-14,7H.9D
6,5,3,2,13.228975,58,4.595264e-16,6H.3D
10,1,7,4,13.500000,47,3.259529e-15,:P.7G
9,0,6,4,13.500000,47,8.616471e-16,9S.6G
9,4,6,2,13.500000,47,8.580067e-15,9G.6D
10,2,7,2,13.500000,47,7.611169e-15,:D.7D
5,1,5,4,13.061780,63,1.802262e-10,5P.5G
5,2,5,2,13.061780,63,4.483253e-09,5D.5D
6,4,4,2,13.228975,58,4.959301e-15,6G.4D
6,1,9,2,13.500000,47,1.208602e-14,6P.9D
5,0,8,2,13.393320,50,4.239628e-13,5S.8D
5,4,8,4,13.393320,50,7.972406e-12,5G.8G
7,1,3,2,13.328199,55,1.808143e-16,7P.3D
6,2,9,4,13.500000,47,2.086771e-14,6D.9G
9,1,7,5,13.500000,47,6.510658e-15,9P.7H
10,0,6,5,13.500000,47,4.514056e-16,:S.6H
5,1,6,5,13.228975,58,6.230630e-13,5P.6H
6,0,7,5,13.328199,55,3.374341e-12,6S.7H
9,2,4,2,13.500000,47,4.659671e-16,9D.4D
10,4,5,2,13.500000,47,1.243606e-15,:G.5D
10,0,5,4,13.500000,47,1.775099e-16,:S.5G
7,5,6,4,13.328199,55,7.420750e-13,7H.6G
9,4,9,4,13.500000,47,1.619404e-11,9G.9G
8,0,3,2,13.393320,50,3.130716e-17,8S.3D
10,2,8,4,13.500000,47,1.540436e-14,:D.8G
10,1,8,2,13.500000,47,3.279131e-14,:P.8D
9,0,9,2,13.500000,47,2.805884e-12,9S.9D
9,0,3,2,13.500000,47,2.122054e-17,9S.3D
10,9,7,5,13.500000,47,4.553260e-14,:L.7H
8,4,9,4,13.500000,47,2.526415e-13,8G.9G
8,0,9,2,13.500000,47,2.817085e-13,8S.9D
8,2,4,2,13.393320,50,7.090316e-16,8D.4D
6,5,6,4,13.228975,58,3.060709e-09,6H.6G
7,0,7,5,13.328199,55,5.359742e-11,7S.7H
4,1,6,5,13.228975,58,3.799984e-13,4P.6H
10,8,9,8,13.500000,47,2.685471e-13,:K.9K
8,1,7,5,13.393320,50,1.431225e-14,8P.7H
4,0,8,2,13.393320,50,1.669249e-13,4S.8D
7,1,9,2,13.500000,47,5.174923e-14,7P.9D
7,2,9,4,13.500000,47,3.248328e-14,7D.9G
6,1,3,2,13.228975,58,3.475151e-16,6P.3D
9,8,6,4,13.500000,47,1.354777e-14,9K.6G
4,1,5,4,13.061780,63,3.245528e-12,4P.5G
10,5,7,4,13.500000,47,4.351640e-14,:H.7G
7,4,4,2,13.328199,55,2.094052e-15,7G.4D
4,2,5,2,13.061780,63,4.917297e-12,4D.5D
8,0,6,4,13.393320,50,1.263488e-15,8S.6G
8,4,6,2,13.393320,50,1.624164e-14,8G.6D
6,5,9,2,13.500000,47,3.906395e-14,6H.9D
7,5,3,2,13.328199,55,3.346338e-16,7H.3D
4,1,9,8,13.500000,47,6.171824e-16,4P.9K
4,2,9,5,13.500000,47,3.883992e-15,4D.9H
7,4,8,5,13.393320,50,1.411623e-11,7G.8H
10,8,6,5,13.500000,47,9.630173e-15,:K.6H
9,5,7,5,13.500000,47,2.571780e-14,9H.7H
8,2,8,5,13.393320,50,1.806463e-10,8D.8H
7,2,6,2,13.328199,55,4.424447e-14,7D.6D
4,0,7,4,13.328199,55,9.554566e-13,4S.7G
7,1,6,4,13.328199,55,1.340775e-14,7P.6G
10,8,5,4,13.500000,47,1.793861e-15,:K.5G
9,8,9,2,13.500000,47,1.174159e-12,9K.9D
10,5,8,2,13.500000,47,4.108015e-14,:H.8D
6,4,8,0,13.393320,50,6.146621e-12,6G.8S
4,1,3,1,12.755506,70,3.057909e-15,4P.3P
10,5,7,6,13.500000,47,1.535675e-14,:H.7I
7,0,2,1,13.328199,55,6.124219e-18,7S.2P
5,2,9,0,13.500000,47,1.053186e-14,5D.9S
5,1,9,1,13.500000,47,6.866294e-15,5P.9P
7,4,2,0,13.328199,55,1.186200e-17,7G.2S
4,2,3,0,12.755506,70,4.259230e-15,4D.3S
6,0,8,1,13.393320,50,1.542116e-12,6S.8P
6,2,5,1,13.228975,58,1.051226e-13,6D.5P
4,0,8,7,13.393320,50,2.494772e-13,4S.8J
7,1,9,7,13.500000,47,2.047847e-14,7P.9J
5,4,4,1,13.061780,63,1.178919e-14,5G.4P
5,0,4,0,13.061780,63,4.463651e-15,5S.4S
7,2,9,6,13.500000,47,3.010304e-14,7D.9I
8,5,7,0,13.393320,50,7.510359e-14,8H.7S
6,1,5,0,13.228975,58,9.268937e-14,6P.5S
10,9,2,1,13.500000,47,2.613504e-18,:L.2P
6,5,5,3,13.228975,58,6.076614e-14,6H.5F
8,1,7,3,13.393320,50,2.915095e-14,8P.7F
10,5,4,3,13.500000,47,5.152521e-16,:H.4F
7,0,7,3,13.328199,55,1.157917e-10,7S.7F
9,8,5,3,13.500000,47,2.113654e-15,9K.5F
4,1,6,3,13.228975,58,2.694432e-13,4P.6F
9,1,8,1,13.500000,47,3.309934e-13,9P.8P
8,2,2,0,13.393320,50,1.258727e-17,8D.2S
10,0,9,1,13.500000,47,4.522457e-13,:S.9P
10,4,9,0,13.500000,47,7.479556e-13,:G.9S
8,1,2,1,13.393320,50,9.778588e-18,8P.2P
9,2,8,0,13.500000,47,1.256487e-12,9D.8S
9,0,5,0,13.500000,47,3.847589e-16,9S.5S
10,9,7,3,13.500000,47,3.836388e-14,:L.7F
8,4,9,6,13.500000,47,1.337695e-12,8G.9I
10,1,4,0,13.500000,47,2.011163e-16,:P.4S
10,2,4,1,13.500000,47,2.340477e-16,:D.4P
8,0,9,7,13.500000,47,1.454467e-14,8S.9J
9,4,5,1,13.500000,47,2.541817e-15,9G.5P
5,1,6,0,13.228975,58,5.085314e-13,5P.6S
6,0,7,0,13.328199,55,1.113393e-11,6S.7S
9,8,9,7,13.500000,47,1.172478e-09,9K.9J
6,4,7,1,13.328199,55,2.167979e-11,6G.7P
10,5,8,7,13.500000,47,4.323637e-14,:H.8J
5,2,6,1,13.228975,58,8.056414e-13,5D.6P
8,5,8,1,13.393320,50,3.892393e-10,8H.8P
4,0,7,6,13.328199,55,8.664076e-13,4S.7I
9,5,2,1,13.500000,47,4.880893e-18,9H.2P
10,8,3,1,13.500000,47,3.290332e-17,:K.3P
8,0,5,3,13.393320,50,4.805286e-16,8S.5F
8,2,8,3,13.393320,50,1.232405e-06,8D.8F
7,1,5,3,13.328199,55,3.886793e-15,7P.5F
10,8,6,3,13.500000,47,7.602768e-15,:K.6F
4,0,4,3,12.755506,70,2.346637e-10,4S.4F
9,5,7,3,13.500000,47,3.769181e-14,9H.7F
4,2,9,3,13.500000,47,5.104916e-15,4D.9F
7,4,8,3,13.393320,50,1.287290e-11,7G.8F
10,4,6,1,13.500000,47,3.937198e-15,:G.6P
6,5,9,7,13.500000,47,4.634468e-14,6H.9J
9,2,7,1,13.500000,47,7.885597e-14,9D.7P
9,1,7,0,13.500000,47,7.319940e-14,9P.7S
7,5,5,0,13.328199,55,9.123322e-15,7H.5S
10,0,6,0,13.500000,47,9.977408e-16,:S.6S
8,0,6,0,13.393320,50,3.357539e-15,8S.6S
8,4,6,1,13.393320,50,1.262928e-14,8G.6P
6,5,9,1,13.500000,47,3.850389e-14,6H.9P
9,2,1,0,13.500000,47,1.528955e-19,9D.1S
9,1,7,6,13.500000,47,5.894596e-15,9P.7I
7,5,3,1,13.328199,55,2.658029e-16,7H.3P
6,0,4,3,13.228975,58,4.833288e-16,6S.4F
5,1,5,3,13.061780,63,2.825486e-10,5P.5F
5,4,8,3,13.393320,50,5.970203e-12,5G.8F
6,2,9,3,13.500000,47,2.058768e-14,6D.9F
7,5,6,3,13.328199,55,2.308553e-13,7H.6F
10,0,5,3,13.500000,47,1.625004e-16,:S.5F
9,1,4,3,13.500000,47,3.038307e-16,9P.4F
9,4,9,3,13.500000,47,3.746779e-09,9G.9F
10,2,8,3,13.500000,47,2.724115e-14,:D.8F
7,2,6,1,13.328199,55,2.696392e-13,7D.6P
8,5,8,7,13.393320,50,6.745882e-10,8H.8J
4,0,7,0,13.328199,55,2.959899e-12,4S.7S
9,5,4,0,13.500000,47,7.126720e-16,9H.4S
7,1,6,0,13.328199,55,2.496172e-13,7P.6S
10,8,5,0,13.500000,47,1.742336e-15,:K.5S
6,0,7,6,13.328199,55,4.192024e-12,6S.7I
9,8,9,1,13.500000,47,1.177519e-12,9K.9P
6,4,1,0,13.228975,58,2.082290e-19,6G.1S
10,5,8,1,13.500000,47,3.357539e-14,:H.8P
9,0,3,1,13.500000,47,2.909494e-17,9S.3P
10,1,2,1,13.500000,47,5.239329e-18,:P.2P
8,4,9,0,13.500000,47,1.014543e-13,8G.9S
8,0,9,1,13.500000,47,4.525257e-13,8S.9P
10,2,2,0,13.500000,47,5.676174e-18,:D.2S
9,4,3,0,13.500000,47,9.999810e-17,9G.3S
9,1,8,7,13.500000,47,1.476869e-14,9P.8J
10,0,9,7,13.500000,47,7.118319e-15,:S.9J
8,2,4,1,13.393320,50,7.639172e-16,8D.4P
8,1,4,0,13.393320,50,5.634169e-16,8P.4S
10,4,9,6,13.500000,47,8.451254e-14,:G.9I
6,5,6,0,13.228975,58,1.087070e-10,6H.6S
9,2,8,6,13.500000,47,3.284732e-14,9D.8I
6,1,6,3,13.228975,58,1.962718e-11,6P.6F
5,0,7,3,13.328199,55,2.993502e-12,5S.7F
8,5,4,3,13.393320,50,1.329294e-15,8H.4F
10,1,7,3,13.500000,47,4.021206e-15,:P.7F
9,0,6,3,13.500000,47,9.694580e-16,9S.6F
10,9,4,0,13.500000,47,2.475450e-16,:L.4S
4,0,8,1,13.393320,50,4.183623e-13,4S.8P
6,2,3,0,13.228975,58,5.891795e-16,6D.3S
5,4,2,0,13.061780,63,5.872193e-17,5G.2S
7,1,9,1,13.500000,47,2.672590e-14,7P.9P
7,2,9,0,13.500000,47,3.816786e-14,7D.9S
5,0,2,1,13.061780,63,2.507933e-17,5S.2P
8,5,7,6,13.393320,50,5.900196e-14,8H.7I
6,1,3,1,13.228975,58,4.399245e-16,6P.3P
9,8,6,0,13.500000,47,1.271328e-14,9K.6S
4,1,5,0,13.061780,63,5.561362e-12,4P.5S
6,4,8,6,13.393320,50,1.173879e-11,6G.8I
10,5,7,0,13.500000,47,1.259287e-14,:H.7S
5,2,9,6,13.500000,47,6.519059e-15,5D.9I
7,0,4,0,13.328199,55,6.076614e-16,7S.4S
7,4,4,1,13.328199,55,1.885150e-15,7G.4P
5,1,9,7,13.500000,47,3.668371e-15,5P.9J
6,0,8,7,13.393320,50,1.391741e-12,6S.8J
4,2,5,1,13.061780,63,3.612365e-12,4D.5P
5,1,6,4,13.228975,58,4.791284e-13,5P.6G
6,0,7,4,13.328199,55,3.463950e-12,6S.7G
6,4,7,2,13.328199,55,2.236306e-11,6G.7D
5,2,6,2,13.228975,58,7.907999e-13,5D.6D
8,5,8,2,13.393320,50,3.973602e-10,8H.8D
10,8,3,2,13.500000,47,3.318335e-17,:K.3D
9,0,9,8,13.500000,47,7.042712e-14,9S.9K
9,4,9,5,13.500000,47,2.650188e-09,9G.9H
10,2,8,5,13.500000,47,1.434305e-14,:D.8H
7,5,6,5,13.328199,55,6.250232e-14,7H.6H
5,4,8,5,13.393320,50,6.577865e-12,5G.8H
6,2,9,5,13.500000,47,1.876750e-14,6D.9H
6,1,9,8,13.500000,47,9.344544e-15,6P.9K
10,4,6,2,13.500000,47,3.993204e-15,:G.6D
9,2,7,2,13.500000,47,1.957958e-14,9D.7D
9,1,7,4,13.500000,47,6.017808e-15,9P.7G
7,5,5,4,13.328199,55,2.189261e-14,7H.5G
10,0,6,4,13.500000,47,4.248029e-16,:S.6G
6,4,8,4,13.393320,50,1.063828e-11,6G.8G
4,1,3,2,12.755506,70,2.324235e-15,4P.3D
5,2,9,4,13.500000,47,1.038625e-14,5D.9G
5,1,9,2,13.500000,47,6.160623e-15,5P.9D
6,0,8,2,13.393320,50,8.526862e-13,6S.8D
6,2,5,2,13.228975,58,1.741496e-14,6D.5D
5,4,4,2,13.061780,63,1.846507e-14,5G.4D
8,5,7,4,13.393320,50,1.537355e-12,8H.7G
6,1,5,4,13.228975,58,6.916699e-15,6P.5G
10,1,7,5,13.500000,47,3.116715e-15,:P.7H
9,0,6,5,13.500000,47,8.148823e-16,9S.6H
7,5,9,8,13.500000,47,1.052626e-13,7H.9K
6,1,6,5,13.228975,58,3.206324e-11,6P.6H
5,0,7,5,13.328199,55,2.246107e-12,5S.7H
9,1,8,2,13.500000,47,2.284751e-13,9P.8D
10,0,9,2,13.500000,47,1.887671e-13,:S.9D
10,4,9,4,13.500000,47,6.085015e-13,:G.9G
9,2,8,4,13.500000,47,5.496955e-14,9D.8G
9,0,5,4,13.500000,47,3.153119e-16,9S.5G
10,2,4,2,13.500000,47,2.527815e-16,:D.4D
9,4,5,2,13.500000,47,2.651308e-15,9G.5D
8,0,5,4,13.393320,50,4.396444e-16,8S.5G
8,4,5,2,13.393320,50,4.043609e-15,8G.5D
8,1,8,2,13.393320,50,1.256207e-06,8P.8D
8,2,8,4,13.393320,50,2.297352e-10,8D.8G
10,0,3,2,13.500000,47,1.463428e-17,:S.3D
9,8,9,8,13.500000,47,1.356737e-11,9K.9K
4,0,7,5,13.328199,55,8.941304e-13,4S.7H
7,1,6,5,13.328199,55,9.487359e-15,7P.6H
6,5,9,8,13.500000,47,3.256729e-14,6H.9K
10,9,8,2,13.500000,47,1.189840e-13,:L.8D
8,0,6,5,13.393320,50,1.143916e-15,8S.6H
7,2,5,2,13.328199,55,6.843892e-15,7D.5D
10,8,6,4,13.500000,47,7.784787e-15,:K.6G
7,1,5,4,13.328199,55,2.722715e-15,7P.5G
9,5,7,4,13.500000,47,1.575159e-13,9H.7G
4,2,9,4,13.500000,47,4.628868e-15,4D.9G
5,1,3,2,13.061780,63,6.575064e-16,5P.3D
7,4,8,4,13.393320,50,1.686330e-11,7G.8G
7,0,8,2,13.393320,50,1.568719e-12,7S.8D
4,1,9,2,13.500000,47,3.127916e-15,4P.9D
8,2,7,2,13.393320,50,1.123754e-13,8D.7D
6,5,5,4,13.228975,58,3.343538e-13,6H.5G
8,1,7,4,13.393320,50,1.514113e-14,8P.7G
9,8,6,5,13.500000,47,1.199921e-14,9K.6H
10,5,7,5,13.500000,47,1.380540e-14,:H.7H
7,2,9,5,13.500000,47,3.172721e-14,7D.9H
7,1,9,8,13.500000,47,2.007523e-14,7P.9K
6,5,6,5,13.228975,58,3.472351e-10,6H.6H
8,0,9,8,13.500000,47,1.146996e-14,8S.9K
10,9,7,4,13.500000,47,4.388043e-14,:L.7G
8,4,9,5,13.500000,47,2.495052e-12,8G.9H
10,8,9,2,13.500000,47,3.150318e-13,:K.9D
9,5,8,2,13.500000,47,5.709777e-13,9H.8D
7,0,7,4,13.328199,55,7.720380e-11,7S.7G
4,1,6,4,13.228975,58,3.186722e-13,4P.6G
9,8,5,4,13.500000,47,1.873389e-15,9K.5G
4,2,6,2,13.228975,58,4.264831e-13,4D.6D
7,4,7,2,13.328199,55,1.003621e-09,7G.7D
6,0,4,0,13.228975,58,1.448586e-15,6S.4S
4,2,9,6,13.500000,47,2.920695e-15,4D.9I
7,4,8,6,13.393320,50,1.707333e-11,7G.8I
5,1,5,0,13.061780,63,3.959600e-08,5P.5S
5,2,5,1,13.061780,63,2.368199e-08,5D.5P
7,0,8,7,13.393320,50,2.221184e-12,7S.8J
4,1,9,7,13.500000,47,1.247806e-15,4P.9J
6,4,4,1,13.228975,58,4.620467e-15,6G.4P
6,1,9,1,13.500000,47,1.510193e-14,6P.9P
7,2,3,0,13.328199,55,2.985102e-16,7D.3S
5,0,8,1,13.393320,50,7.479556e-13,5S.8P
5,4,8,0,13.393320,50,4.046409e-12,5G.8S
7,1,3,1,13.328199,55,2.510454e-16,7P.3P
9,5,7,6,13.500000,47,2.516614e-14,9H.7I
4,0,2,1,12.755506,70,6.219428e-17,4S.2P
6,2,9,0,13.500000,47,2.446887e-14,6D.9S
10,9,8,7,13.500000,47,6.580665e-13,:L.8J
8,0,6,3,13.393320,50,1.257047e-15,8S.6F
9,5,4,3,13.500000,47,8.644474e-16,9H.4F
4,0,7,3,13.328199,55,1.472949e-12,4S.7F
10,8,5,3,13.500000,47,1.847067e-15,:K.5F
7,1,6,3,13.328199,55,1.481070e-14,7P.6F
9,2,4,1,13.500000,47,4.354440e-16,9D.4P
8,1,8,7,13.393320,50,2.097412e-10,8P.8J
10,4,5,1,13.500000,47,1.157357e-15,:G.5P
10,0,5,0,13.500000,47,3.013104e-16,:S.5S
8,2,8,6,13.393320,50,1.876470e-10,8D.8I
7,5,6,0,13.328199,55,4.894895e-14,7H.6S
9,1,4,0,13.500000,47,3.153119e-16,9P.4S
9,4,9,0,13.500000,47,6.880295e-13,9G.9S
8,0,3,1,13.393320,50,3.248328e-17,8S.3P
10,2,8,0,13.500000,47,1.571519e-13,:D.8S
10,1,8,1,13.500000,47,4.726878e-14,:P.8P
8,4,3,0,13.393320,50,1.120953e-16,8G.3S
9,0,9,1,13.500000,47,2.817085e-09,9S.9P
7,0,7,6,13.328199,55,6.440651e-11,7S.7I
10,5,2,1,13.500000,47,3.710375e-18,:H.2P
9,8,3,1,13.500000,47,3.214725e-17,9K.3P
7,4,1,0,13.328199,55,1.502912e-19,7G.1S
10,8,9,7,13.500000,47,1.232965e-11,:K.9J
5,4,7,1,13.328199,55,1.254247e-11,5G.7P
9,5,8,7,13.500000,47,7.784787e-14,9H.8J
6,2,6,1,13.228975,58,7.431951e-08,6D.6P
6,1,6,0,13.228975,58,1.656367e-08,6P.6S
8,5,4,0,13.393320,50,7.622370e-16,8H.4S
5,0,7,0,13.328199,55,5.751781e-12,5S.7S
10,9,7,6,13.500000,47,4.122017e-14,:L.7I
8,4,9,3,13.500000,47,1.759698e-13,8G.9F
8,1,4,3,13.393320,50,3.612365e-16,8P.4F
6,5,6,3,13.228975,58,9.988609e-11,6H.6F
7,2,9,3,13.500000,47,7.459954e-14,7D.9F
4,1,5,3,13.061780,63,2.411324e-12,4P.5F
9,8,6,3,13.500000,47,1.332375e-14,9K.6F
7,0,4,3,13.328199,55,2.600343e-16,7S.4F
10,5,7,3,13.500000,47,1.444666e-14,:H.7F
8,2,1,0,13.393320,50,2.173580e-19,8D.1S
7,5,9,1,13.500000,47,6.597467e-14,7H.9P
6,5,3,1,13.228975,58,4.046409e-16,6H.3P
8,1,7,6,13.393320,50,9.716982e-15,8P.7I
10,1,7,0,13.500000,47,2.342717e-14,:P.7S
10,9,4,3,13.500000,47,2.895493e-16,:L.4F
9,0,6,0,13.500000,47,1.479389e-15,9S.6S
9,4,6,1,13.500000,47,7.927601e-15,9G.6P
10,2,7,1,13.500000,47,2.507653e-14,:D.7P
10,5,9,1,13.500000,47,6.135420e-13,:H.9P
5,2,1,0,13.061780,63,7.367545e-19,5D.1S
9,8,8,1,13.500000,47,1.110872e-13,9K.8P
5,1,7,6,13.328199,55,7.361944e-12,5P.7I
7,1,7,0,13.328199,55,3.332337e-06,7P.7S
10,8,4,0,13.500000,47,3.001903e-16,:K.4S
4,0,6,0,13.228975,58,2.377160e-13,4S.6S
9,5,5,0,13.500000,47,2.825486e-15,9H.5S
7,2,7,1,13.328199,55,2.993502e-07,7D.7P
8,5,9,7,13.500000,47,1.467068e-12,8H.9J
10,2,9,3,13.500000,47,4.068811e-13,:D.9F
9,4,8,3,13.500000,47,2.139696e-12,9G.8F
9,1,5,3,13.500000,47,1.005302e-15,9P.5F
7,5,7,3,13.328199,55,9.280138e-10,7H.7F
10,0,4,3,13.500000,47,5.270133e-17,:S.4F
6,2,8,3,13.393320,50,4.530858e-12,6D.8F
5,4,9,3,13.500000,47,1.887391e-14,5G.9F
5,1,4,3,13.061780,63,4.077212e-15,5P.4F
6,0,5,3,13.228975,58,2.799723e-15,6S.5F
7,5,2,1,13.328199,55,1.294851e-17,7H.2P
10,0,7,6,13.500000,47,1.178919e-15,:S.7I
6,5,8,1,13.393320,50,9.316541e-12,6H.8P
10,4,1,0,13.500000,47,9.235333e-20,:G.1S
8,4,7,1,13.393320,50,2.237986e-13,8G.7P
8,0,7,0,13.393320,50,7.557964e-14,8S.7S
4,2,4,1,12.755506,70,1.360938e-07,4D.4P
6,0,9,7,13.500000,47,2.604263e-15,6S.9J
5,1,8,7,13.393320,50,2.299592e-12,5P.8J
7,4,5,1,13.328199,55,9.190529e-15,7G.5P
10,5,6,0,13.500000,47,5.256131e-15,:H.6S
7,0,5,0,13.328199,55,2.602863e-15,7S.5S
5,2,8,6,13.393320,50,3.500354e-12,5D.8I
9,8,7,0,13.500000,47,3.799984e-14,9K.7S
6,4,9,6,13.500000,47,3.284732e-14,6G.9I
4,1,4,0,12.755506,70,2.574300e-07,4P.4S
6,1,2,1,13.228975,58,3.304334e-17,6P.2P
5,0,3,1,13.061780,63,3.290332e-16,5S.3P
7,2,8,0,13.393320,50,9.941005e-12,7D.8S
7,1,8,1,13.393320,50,7.569165e-12,7P.8P
5,4,3,0,13.061780,63,1.103872e-15,5G.3S
6,2,2,0,13.228975,58,3.309934e-17,6D.2S
4,0,9,1,13.500000,47,1.089870e-15,4S.9P
9,0,7,3,13.500000,47,2.377160e-15,9S.7F
10,9,5,0,13.500000,47,1.132154e-15,:L.5S
10,1,6,3,13.500000,47,1.458667e-15,:P.6F
5,0,6,3,13.228975,58,1.367098e-13,5S.6F
8,5,5,3,13.393320,50,4.469252e-15,8H.5F
6,1,7,3,13.328199,55,1.432065e-11,6P.7F
6,5,7,0,13.328199,55,1.875630e-11,6H.7S
9,2,9,6,13.500000,47,3.503154e-13,9D.9I
10,4,8,6,13.500000,47,3.080311e-14,:G.8I
8,1,5,0,13.393320,50,3.909195e-15,8P.5S
8,2,5,1,13.393320,50,4.374042e-15,8D.5P
10,0,8,7,13.500000,47,2.776201e-15,:S.8J
9,1,9,7,13.500000,47,2.230425e-13,9P.9J
9,4,2,0,13.500000,47,5.566963e-18,9G.2S
10,2,3,0,13.500000,47,5.925399e-17,:D.3S
8,0,8,1,13.393320,50,1.135235e-06,8S.8P
8,4,8,0,13.393320,50,5.667773e-10,8G.8S
10,1,3,1,13.500000,47,3.925997e-17,:P.3P
9,0,2,1,13.500000,47,2.591942e-18,9S.2P
10,0,7,4,13.500000,47,1.052906e-15,:S.7G
9,1,6,4,13.500000,47,2.737837e-15,9P.6G
9,2,6,2,13.500000,47,4.080012e-15,9D.6D
10,4,7,2,13.500000,47,1.204122e-14,:G.7D
5,0,9,8,13.500000,47,8.501659e-16,5S.9K
6,2,8,5,13.393320,50,5.281334e-12,6D.8H
5,4,9,5,13.500000,47,1.914553e-14,5G.9H
7,5,7,5,13.328199,55,1.434585e-08,7H.7H
10,2,9,5,13.500000,47,3.749579e-14,:D.9H
9,4,8,5,13.500000,47,8.949704e-14,9G.8H
10,1,9,8,13.500000,47,1.933875e-14,:P.9K
9,5,3,2,13.500000,47,1.213083e-16,9H.3D
8,5,9,2,13.500000,47,1.126554e-13,8H.9D
5,2,7,2,13.328199,55,1.240805e-11,5D.7D
6,4,6,2,13.228975,58,8.400849e-11,6G.6D
6,0,6,4,13.228975,58,7.801588e-12,6S.6G
5,1,7,4,13.328199,55,6.471454e-12,5P.7G
9,4,4,2,13.500000,47,6.955903e-16,9G.4D
10,2,5,2,13.500000,47,8.389648e-16,:D.5D
10,1,5,4,13.500000,47,5.205726e-16,:P.5G
9,2,9,4,13.500000,47,3.447148e-12,9D.9G
8,1,3,2,13.393320,50,8.283237e-17,8P.3D
10,4,8,4,13.500000,47,3.570361e-14,:G.8G
10,0,8,2,13.500000,47,1.249766e-14,:S.8D
9,1,9,2,13.500000,47,3.102714e-09,9P.9D
5,0,6,5,13.228975,58,2.331796e-13,5S.6H
6,1,7,5,13.328199,55,1.009782e-11,6P.7H
9,0,7,5,13.500000,47,2.248907e-15,9S.7H
10,9,3,2,13.500000,47,3.766381e-17,:L.3D
10,1,6,5,13.500000,47,1.210562e-15,:P.6H
5,0,5,4,13.061780,63,4.956501e-11,5S.5G
8,5,6,4,13.393320,50,6.891496e-14,8H.6G
5,4,5,2,13.061780,63,6.642271e-10,5G.5D
6,2,4,2,13.228975,58,3.315535e-15,6D.4D
6,0,9,2,13.500000,47,4.659671e-15,6S.9D
5,1,8,2,13.393320,50,1.665888e-12,5P.8D
5,2,8,4,13.393320,50,3.830787e-12,5D.8G
7,0,3,2,13.328199,55,5.292535e-17,7S.3D
6,4,9,4,13.500000,47,3.455549e-14,6G.9G
4,1,8,2,13.393320,50,7.367545e-13,4P.8D
7,0,9,2,13.500000,47,1.483870e-14,7S.9D
7,4,9,4,13.500000,47,6.205427e-14,7G.9G
6,0,3,2,13.228975,58,9.050515e-17,6S.3D
4,2,8,4,13.393320,50,1.681850e-12,4D.8G
9,5,6,4,13.500000,47,1.752137e-14,9H.6G
4,0,5,4,13.061780,63,1.032464e-12,4S.5G
10,8,7,4,13.500000,47,2.065209e-14,:K.7G
7,2,4,2,13.328199,55,1.588321e-15,7D.4D
8,0,7,5,13.393320,50,4.942499e-15,8S.7H
10,9,9,2,13.500000,47,2.506253e-13,:L.9D
7,1,7,5,13.328199,55,1.411623e-10,7P.7H
4,0,6,5,13.228975,58,1.184240e-13,4S.6H
10,5,9,8,13.500000,47,9.733784e-14,:H.9K
9,1,3,2,13.500000,47,5.779784e-17,9P.3D
8,2,9,4,13.500000,47,8.031212e-13,8D.9G
8,1,9,2,13.500000,47,8.524061e-13,8P.9D
8,4,4,2,13.393320,50,9.075717e-16,8G.4D
7,4,6,2,13.328199,55,2.138856e-13,7G.6D
4,2,7,2,13.328199,55,7.065114e-12,4D.7D
4,1,7,4,13.328199,55,3.413545e-12,4P.7G
7,0,6,4,13.328199,55,3.741178e-15,7S.6G
10,5,5,4,13.500000,47,1.705932e-15,:H.5G
8,5,3,2,13.393320,50,1.479950e-16,8H.3D
9,5,9,2,13.500000,47,8.302839e-13,9H.9D
10,8,8,2,13.500000,47,1.094351e-13,:K.8D
8,4,8,5,13.393320,50,9.789789e-07,8G.8H
10,9,6,4,13.500000,47,6.384645e-15,:L.6G
6,5,7,5,13.328199,55,3.245528e-11,6H.7H
4,0,9,8,13.500000,47,2.050927e-16,4S.9K
7,2,8,5,13.393320,50,8.020010e-12,7D.8H
10,5,6,5,13.500000,47,5.639770e-15,:H.6H
9,8,7,5,13.500000,47,1.363178e-13,9K.7H
8,1,6,4,13.393320,50,3.897994e-15,8P.6G
8,2,6,2,13.393320,50,7.759584e-15,8D.6D
9,0,8,1,13.500000,47,2.165179e-13,9S.8P
8,4,2,0,13.393320,50,6.787886e-18,8G.2S
10,1,9,1,13.500000,47,7.821190e-13,:P.9P
10,2,9,0,13.500000,47,2.712354e-12,:D.9S
8,0,2,1,13.393320,50,4.108015e-18,8S.2P
9,4,8,0,13.500000,47,3.150318e-13,9G.8S
9,1,5,0,13.500000,47,1.760258e-15,9P.5S
8,2,9,6,13.500000,47,9.277337e-14,8D.9I
10,0,4,0,13.500000,47,9.291339e-17,:S.4S
7,5,7,0,13.328199,55,5.897396e-10,7H.7S
10,4,4,1,13.500000,47,3.657170e-16,:G.4P
8,1,9,7,13.500000,47,4.382443e-14,8P.9J
9,2,5,1,13.500000,47,1.958798e-15,9D.5P
10,8,4,3,13.500000,47,2.779001e-16,:K.4F
7,1,7,3,13.328199,55,4.502855e-10,7P.7F
9,5,5,3,13.500000,47,2.746518e-15,9H.5F
4,0,6,3,13.228975,58,7.613969e-14,4S.6F
8,0,7,3,13.393320,50,7.199528e-15,8S.7F
10,9,9,7,13.500000,47,3.329536e-12,:L.9J
6,2,8,0,13.393320,50,4.505655e-12,6D.8S
4,0,3,1,12.755506,70,1.077549e-15,4S.3P
10,8,7,6,13.500000,47,6.913899e-14,:K.7I
7,1,2,1,13.328199,55,1.769219e-17,7P.2P
5,4,9,0,13.500000,47,2.001362e-14,5G.9S
5,0,9,1,13.500000,47,2.456688e-15,5S.9P
7,2,2,0,13.328199,55,1.842026e-17,7D.2S
6,1,8,1,13.393320,50,4.105215e-12,6P.8P
6,4,5,1,13.228975,58,2.698913e-14,6G.5P
4,1,8,7,13.393320,50,8.832092e-13,4P.8J
7,0,9,7,13.500000,47,6.936301e-15,7S.9J
5,2,4,1,13.061780,63,3.281932e-14,5D.4P
5,1,4,0,13.061780,63,2.693592e-14,5P.4S
7,4,9,6,13.500000,47,6.160623e-14,7G.9I
4,2,8,6,13.393320,50,1.493391e-12,4D.8I
6,0,5,0,13.228975,58,8.546464e-15,6S.5S
10,2,6,1,13.500000,47,5.018107e-15,:D.6P
9,4,7,1,13.500000,47,2.063809e-14,9G.7P
10,9,5,3,13.500000,47,1.451947e-15,:L.5F
9,0,7,0,13.500000,47,8.546464e-15,9S.7S
10,1,6,0,13.500000,47,4.575662e-15,:P.6S
6,5,2,1,13.228975,58,2.745957e-17,6H.2P
7,5,8,1,13.393320,50,1.321454e-11,7H.8P
7,0,5,3,13.328199,55,1.162397e-15,7S.5F
10,5,6,3,13.500000,47,5.295335e-15,:H.6F
4,1,4,3,12.755506,70,8.356044e-10,4P.4F
9,8,7,3,13.500000,47,5.471753e-14,9K.7F
7,2,8,3,13.393320,50,9.660976e-12,7D.8F
6,5,7,3,13.328199,55,2.348037e-11,6H.7F
8,1,5,3,13.393320,50,1.417223e-15,8P.5F
8,4,8,3,13.393320,50,1.462868e-06,8G.8F
8,5,5,0,13.393320,50,3.668371e-15,8H.5S
5,0,6,0,13.228975,58,3.192323e-13,5S.6S
6,1,7,0,13.328199,55,1.812623e-11,6P.7S
9,5,9,7,13.500000,47,1.963278e-12,9H.9J
6,2,7,1,13.328199,55,1.585520e-11,6D.7P
10,8,8,7,13.500000,47,3.752379e-13,:K.8J
5,4,6,1,13.228975,58,9.753386e-13,5G.6P
4,2,1,0,12.755506,70,1.456427e-18,4D.1S
4,1,7,6,13.328199,55,3.228726e-12,4P.7I
9,8,2,1,13.500000,47,2.184781e-18,9K.2P
10,5,3,1,13.500000,47,6.751482e-17,:H.3P
7,4,6,1,13.328199,55,7.720380e-14,7G.6P
4,2,7,1,13.328199,55,5.737780e-12,4D.7P
4,1,7,0,13.328199,55,6.138220e-12,4P.7S
9,8,4,0,13.500000,47,2.912294e-16,9K.4S
7,0,6,0,13.328199,55,2.663629e-14,7S.6S
10,5,5,0,13.500000,47,1.412743e-15,:H.5S
8,5,3,1,13.393320,50,1.222043e-16,8H.3P
6,1,7,6,13.328199,55,1.138035e-11,6P.7I
9,5,9,1,13.500000,47,6.661873e-13,9H.9P
6,2,1,0,13.228975,58,4.416046e-19,6D.1S
10,8,8,1,13.500000,47,5.849791e-14,:K.8P
10,1,5,3,13.500000,47,4.945300e-16,:P.5F
10,9,6,0,13.500000,47,8.305639e-15,:L.6S
9,0,4,3,13.500000,47,9.002910e-17,9S.4F
9,2,9,3,13.500000,47,3.074711e-09,9D.9F
10,4,8,3,13.500000,47,2.573460e-13,:G.8F
6,1,4,3,13.228975,58,1.714893e-15,6P.4F
8,5,6,3,13.393320,50,1.540156e-14,8H.6F
5,0,5,3,13.061780,63,1.152596e-10,5S.5F
5,2,8,3,13.393320,50,2.968300e-12,5D.8F
6,4,9,3,13.500000,47,3.522756e-14,6G.9F
8,1,6,0,13.393320,50,3.267930e-14,8P.6S
6,5,4,0,13.228975,58,4.046409e-15,6H.4S
8,2,6,1,13.393320,50,3.578762e-14,8D.6P
7,5,8,7,13.393320,50,2.324795e-11,7H.8J
9,4,1,0,13.500000,47,1.221763e-19,9G.1S
9,0,7,6,13.500000,47,1.930235e-15,9S.7I
4,1,8,1,13.393320,50,1.200761e-12,4P.8P
6,4,3,0,13.228975,58,4.654070e-16,6G.3S
5,2,2,0,13.061780,63,6.135420e-17,5D.2S
7,0,9,1,13.500000,47,2.640387e-14,7S.9P
7,4,9,0,13.500000,47,4.796885e-14,7G.9S
5,1,2,1,13.061780,63,7.647573e-17,5P.2P
6,0,3,1,13.228975,58,1.569839e-16,6S.3P
4,2,8,0,13.393320,50,1.141395e-12,4D.8S
9,5,6,0,13.500000,47,9.114921e-15,9H.6S
4,0,5,0,13.061780,63,2.748758e-12,4S.5S
6,2,8,6,13.393320,50,5.880594e-12,6D.8I
10,8,7,0,13.500000,47,1.806743e-14,:K.7S
5,4,9,6,13.500000,47,1.679610e-14,5G.9I
7,1,4,0,13.328199,55,1.313893e-15,7P.4S
7,2,4,1,13.328199,55,1.843706e-15,7D.4P
5,0,9,7,13.500000,47,1.160717e-15,5S.9J
6,1,8,7,13.393320,50,3.788783e-12,6P.8J
10,9,9,1,13.500000,47,2.814284e-13,:L.9P
10,0,7,3,13.500000,47,1.215603e-15,:S.7F
7,5,4,3,13.328199,55,2.458368e-15,7H.4F
9,1,6,3,13.500000,47,2.776481e-15,9P.6F
6,0,6,3,13.228975,58,5.636970e-12,6S.6F
5,1,7,3,13.328199,55,9.380948e-12,5P.7F
9,1,3,1,13.500000,47,7.793188e-17,9P.3P
10,0,2,1,13.500000,47,1.926315e-18,:S.2P
8,2,9,0,13.500000,47,4.256430e-13,8D.9S
7,5,7,6,13.328199,55,6.348242e-08,7H.7I
8,1,9,1,13.500000,47,3.500354e-13,8P.9P
10,4,2,0,13.500000,47,4.309635e-18,:G.2S
9,2,3,0,13.500000,47,7.902399e-17,9D.3S
9,0,8,7,13.500000,47,5.337339e-15,9S.8J
10,1,9,7,13.500000,47,2.119254e-14,:P.9J
8,4,4,1,13.393320,50,9.285738e-16,8G.4P
8,0,4,0,13.393320,50,2.228465e-16,8S.4S
10,2,9,6,13.500000,47,3.780382e-14,:D.9I
9,4,8,6,13.500000,47,6.269834e-14,9G.8I
10,2,6,2,13.500000,47,2.389201e-15,:D.6D
9,4,7,2,13.500000,47,5.032109e-14,9G.7D
9,0,7,4,13.500000,47,1.927435e-15,9S.7G
10,1,6,4,13.500000,47,1.307172e-15,:P.6G
7,5,8,2,13.393320,50,1.293171e-11,7H.8D
5,2,8,5,13.393320,50,3.004704e-12,5D.8H
6,4,9,5,13.500000,47,3.200723e-14,6G.9H
6,0,9,8,13.500000,47,2.790762e-15,6S.9K
8,5,6,5,13.393320,50,1.686610e-14,8H.6H
9,1,9,8,13.500000,47,2.077810e-13,9P.9K
9,2,9,5,13.500000,47,3.774781e-13,9D.9H
10,4,8,5,13.500000,47,3.018705e-14,:G.8H
8,5,5,4,13.393320,50,5.071312e-15,8H.5G
5,0,6,4,13.228975,58,1.819064e-13,5S.6G
6,1,7,4,13.328199,55,9.263336e-12,6P.7G
6,2,7,2,13.328199,55,1.705932e-11,6D.7D
5,4,6,2,13.228975,58,1.151476e-12,5G.6D
10,5,3,2,13.500000,47,7.966805e-17,:H.3D
9,0,8,2,13.500000,47,7.809989e-14,9S.8D
10,1,9,2,13.500000,47,5.043310e-13,:P.9D
10,2,9,4,13.500000,47,1.462028e-13,:D.9G
9,4,8,4,13.500000,47,2.433446e-13,9G.8G
9,1,5,4,13.500000,47,9.378148e-16,9P.5G
7,5,7,4,13.328199,55,1.360377e-07,7H.7G
10,4,4,2,13.500000,47,3.822386e-16,:G.4D
9,2,5,2,13.500000,47,1.449426e-15,9D.5D
6,0,6,5,13.228975,58,9.882199e-12,6S.6H
5,1,7,5,13.328199,55,6.104617e-12,5P.7H
8,5,9,8,13.500000,47,2.343837e-13,8H.9K
10,0,7,5,13.500000,47,1.071948e-15,:S.7H
9,1,6,5,13.500000,47,2.398722e-15,9P.6H
6,2,8,4,13.393320,50,6.645071e-12,6D.8G
4,0,3,2,12.755506,70,6.687076e-16,4S.3D
5,4,9,4,13.500000,47,1.885431e-14,5G.9G
5,0,9,2,13.500000,47,2.265709e-15,5S.9D
6,1,8,2,13.393320,50,3.167120e-12,6P.8D
6,4,5,2,13.228975,58,6.614268e-14,6G.5D
5,2,4,2,13.061780,63,9.862597e-15,5D.4D
6,0,5,4,13.228975,58,2.116454e-15,6S.5G
4,2,4,2,12.755506,70,6.211028e-09,4D.4D
7,4,5,2,13.328199,55,9.630173e-15,7G.5D
10,5,6,4,13.500000,47,6.981105e-15,:H.6G
7,0,5,4,13.328199,55,9.660976e-16,7S.5G
9,8,7,4,13.500000,47,6.530260e-14,9K.7G
5,0,3,2,13.061780,63,2.472370e-16,5S.3D
7,2,8,4,13.393320,50,1.043945e-11,7D.8G
7,1,8,2,13.393320,50,4.889294e-12,7P.8D
4,0,9,2,13.500000,47,9.039313e-16,4S.9D
10,9,5,4,13.500000,47,1.423384e-15,:L.5G
8,1,6,5,13.393320,50,3.181121e-15,8P.6H
9,5,9,8,13.500000,47,7.588767e-13,9H.9K
4,1,7,5,13.328199,55,3.444348e-12,4P.7H
7,0,6,5,13.328199,55,2.929096e-15,7S.6H
6,5,7,4,13.328199,55,2.491412e-11,6H.7G
8,1,5,4,13.393320,50,1.215603e-15,8P.5G
8,2,5,2,13.393320,50,2.539017e-15,8D.5D
8,0,8,2,13.393320,50,5.163722e-11,8S.8D
8,4,8,4,13.393320,50,1.169398e-08,8G.8G
10,1,3,2,13.500000,47,3.906395e-17,:P.3D
10,9,6,5,13.500000,47,6.421049e-15,:L.6H
10,5,9,2,13.500000,47,1.349176e-12,:H.9D
9,8,8,2,13.500000,47,1.528674e-13,9K.8D
7,1,7,4,13.328199,55,2.867490e-10,7P.7G
4,0,6,4,13.228975,58,1.280009e-13,4S.6G
9,5,5,4,13.500000,47,3.318335e-15,9H.5G
7,2,7,2,13.328199,55,1.859948e-08,7D.7D
8,1,9,8,13.500000,47,3.365940e-14,8P.9K
8,2,9,5,13.500000,47,2.909494e-13,8D.9H
9,5,6,5,13.500000,47,9.431353e-15,9H.6H
10,8,7,5,13.500000,47,2.322275e-14,:K.7H
7,4,9,5,13.500000,47,1.353937e-13,7G.9H
4,2,8,5,13.393320,50,1.211682e-12,4D.8H
7,0,9,8,13.500000,47,6.177424e-15,7S.9K
6,5,8,2,13.393320,50,9.439754e-12,6H.8D
8,4,7,2,13.393320,50,5.631369e-13,8G.7D
10,9,9,8,13.500000,47,1.715173e-11,:L.9K
8,0,7,4,13.393320,50,5.144120e-15,8S.7G
9,4,4,1,13.500000,47,7.037111e-16,9G.4P
8,0,8,7,13.393320,50,6.533060e-11,8S.8J
10,2,5,1,13.500000,47,1.080349e-15,:D.5P
10,1,5,0,13.500000,47,9.742184e-16,:P.5S
8,4,8,6,13.393320,50,5.107716e-10,8G.8I
9,0,4,0,13.500000,47,1.419183e-16,9S.4S
10,9,6,3,13.500000,47,6.796287e-15,:L.6F
6,5,7,6,13.328199,55,2.847888e-11,6H.7I
9,2,9,0,13.500000,47,1.403502e-11,9D.9S
8,1,3,1,13.393320,50,9.518162e-17,8P.3P
10,4,8,0,13.500000,47,3.996004e-14,:G.8S
10,0,8,1,13.500000,47,2.711794e-14,:S.8P
8,2,3,0,13.393320,50,1.495911e-16,8D.3S
9,1,9,1,13.500000,47,1.574039e-11,9P.9P
9,8,4,3,13.500000,47,2.643467e-16,9K.4F
4,1,7,3,13.328199,55,4.875293e-12,4P.7F
10,5,5,3,13.500000,47,1.643486e-15,:H.5F
7,0,6,3,13.328199,55,4.553260e-15,7S.6F
8,1,6,3,13.393320,50,4.164021e-15,8P.6F
6,5,4,3,13.228975,58,5.558562e-15,6H.4F
10,9,3,1,13.500000,47,3.231527e-17,:L.3P
6,1,4,0,13.228975,58,3.690773e-15,6P.4S
7,2,8,6,13.393320,50,8.658475e-12,7D.8I
5,0,5,0,13.061780,63,3.612365e-09,5S.5S
8,5,6,0,13.393320,50,1.401542e-14,8H.6S
5,4,5,1,13.061780,63,5.407346e-10,5G.5P
7,1,8,7,13.393320,50,6.208227e-12,7P.8J
4,0,9,7,13.500000,47,3.343538e-16,4S.9J
6,2,4,1,13.228975,58,4.357240e-15,6D.4P
6,0,9,1,13.500000,47,4.670872e-15,6S.9P
4,2,2,0,12.755506,70,1.495631e-16,4D.2S
7,4,3,0,13.328199,55,2.144737e-16,7G.3S
5,1,8,1,13.393320,50,2.040286e-12,5P.8P
5,2,8,0,13.393320,50,3.066310e-12,5D.8S
7,0,3,1,13.328199,55,6.843892e-17,7S.3P
9,8,7,6,13.500000,47,2.352798e-13,9K.7I
4,1,2,1,12.755506,70,1.686610e-16,4P.2P
6,4,9,0,13.500000,47,3.393943e-14,6G.9S
8,4,1,0,13.393320,50,9.585369e-20,8G.1S
8,0,7,6,13.393320,50,2.926296e-15,8S.7I
7,5,4,0,13.328199,55,1.547716e-15,7H.4S
10,0,7,0,13.500000,47,3.393943e-15,:S.7S
9,1,6,0,13.500000,47,1.012862e-14,9P.6S
6,5,8,7,13.393320,50,1.582720e-11,6H.8J
9,2,6,1,13.500000,47,1.110592e-14,9D.6P
10,4,7,1,13.500000,47,1.005302e-14,:G.7P
7,4,9,3,13.500000,47,5.953402e-14,7G.9F
4,2,8,3,13.393320,50,1.230724e-12,4D.8F
4,0,5,3,13.061780,63,7.812789e-13,4S.5F
9,5,6,3,13.500000,47,9.814992e-15,9H.6F
7,1,4,3,13.328199,55,7.731581e-16,7P.4F
10,8,7,3,13.500000,47,1.976720e-14,:K.7F
8,2,9,3,13.500000,47,1.234085e-12,8D.9F
8,0,4,3,13.393320,50,1.302692e-16,8S.4F
7,1,7,6,13.328199,55,1.774819e-10,7P.7I
10,8,2,1,13.500000,47,2.074170e-18,:K.2P
9,5,3,1,13.500000,47,9.856996e-17,9H.3P
7,2,1,0,13.328199,55,2.668110e-19,7D.1S
8,5,9,1,13.500000,47,1.185360e-13,8H.9P
10,5,9,7,13.500000,47,1.085390e-13,:H.9J
5,2,7,1,13.328199,55,8.944104e-12,5D.7P
9,8,8,7,13.500000,47,7.672775e-12,9K.8J
6,4,6,1,13.228975,58,7.557964e-11,6G.6P
6,0,6,0,13.228975,58,6.339841e-10,6S.6S
5,1,7,0,13.328199,55,1.352257e-11,5P.7S
10,6,5,0,13.500000,47,1.581040e-15,:I.5S
9,7,4,0,13.500000,47,4.480453e-16,9J.4S
7,3,6,1,13.328199,55,1.906713e-13,7F.6P
8,7,8,7,13.393320,50,5.513757e-09,8J.8J
10,7,8,1,13.500000,47,4.878093e-14,:J.8P
9,6,9,1,13.500000,47,7.745583e-13,9I.9P
8,6,3,1,13.393320,50,1.051506e-16,8I.3P
2,0,6,0,13.228975,58,6.457453e-15,2S.6S
10,3,8,3,13.500000,47,4.007205e-14,:F.8F
3,2,1,0,12.094089,78,2.842287e-18,3D.1S
3,1,7,6,13.328199,55,8.672476e-13,3P.7I
8,6,6,3,13.393320,50,1.997722e-14,8I.6F
6,3,9,3,13.500000,47,2.778721e-14,6F.9F
3,1,4,3,12.755506,70,5.292535e-12,3P.4F
7,6,8,7,13.393320,50,2.181140e-11,7I.8J
9,3,1,0,13.500000,47,9.294139e-20,9F.1S
7,3,9,0,13.500000,47,4.600865e-14,7F.9S
8,7,7,6,13.393320,50,3.094313e-12,8J.7I
6,3,3,0,13.228975,58,4.866892e-16,6F.3S
4,3,5,1,13.061780,63,3.494753e-12,4F.5P
10,7,7,0,13.500000,47,1.946197e-14,:J.7S
5,3,9,6,13.500000,47,1.118153e-14,5F.9I
9,6,6,0,13.500000,47,1.047306e-14,9I.6S
3,0,3,1,12.094089,78,5.309337e-08,3S.3P
2,0,9,1,13.500000,47,7.465554e-17,2S.9P
7,6,4,3,13.328199,55,2.150057e-15,7I.4F
3,1,8,7,13.393320,50,2.485531e-13,3P.8J
3,2,8,6,13.393320,50,5.219727e-13,3D.8I
1,0,5,0,13.061780,63,6.731880e-15,1S.5S
2,1,4,0,12.755506,70,4.816487e-12,2P.4S
8,7,4,3,13.393320,50,1.024904e-15,8J.4F
10,3,2,0,13.500000,47,4.774482e-18,:F.2S
7,6,7,6,13.328199,55,6.068213e-09,7I.7I
9,3,8,6,13.500000,47,4.740879e-14,9F.8I
3,0,6,3,13.228975,58,2.495612e-14,3S.6F
8,3,4,1,13.393320,50,9.473357e-16,8F.4P
3,0,9,8,13.500000,47,4.376842e-17,3S.9K
9,3,7,2,13.500000,47,9.716982e-14,9F.7D
7,6,8,2,13.393320,50,1.280569e-11,7I.8D
6,3,9,5,13.500000,47,2.734196e-14,6F.9H
8,6,6,5,13.393320,50,6.381845e-14,8I.6H
10,3,8,5,13.500000,47,2.161818e-14,:F.8H
3,2,7,2,13.328199,55,2.796363e-12,3D.7D
3,1,7,4,13.328199,55,1.061587e-12,3P.7G
5,3,6,2,13.228975,58,9.873798e-13,5F.6D
8,6,5,4,13.393320,50,7.258333e-15,8I.5G
10,6,3,2,13.500000,47,5.438150e-17,:I.3D
8,7,8,2,13.393320,50,9.504160e-10,8J.8D
9,3,8,4,13.500000,47,1.293451e-13,9F.8G
3,0,6,5,13.228975,58,3.816786e-14,3S.6H
10,3,4,2,13.500000,47,3.220325e-16,:F.4D
7,6,7,4,13.328199,55,1.606242e-09,7I.7G
8,6,9,8,13.500000,47,1.221203e-12,8I.9K
3,1,8,2,13.393320,50,2.222865e-13,3P.8D
1,0,3,2,12.094089,78,1.078669e-13,1S.3D
3,2,8,4,13.393320,50,6.491056e-13,3D.8G
3,0,5,4,13.061780,63,3.956800e-13,3S.5G
5,3,9,4,13.500000,47,1.323974e-14,5F.9G
8,7,7,4,13.393320,50,1.252007e-13,8J.7G
6,3,5,2,13.228975,58,1.479389e-13,6F.5D
9,7,7,4,13.500000,47,6.474254e-14,9J.7G
10,6,6,4,13.500000,47,6.499457e-15,:I.6G
7,3,5,2,13.328199,55,1.795541e-14,7F.5D
4,3,9,4,13.500000,47,7.219130e-15,4F.9G
2,0,5,4,13.061780,63,8.714481e-14,2S.5G
2,1,8,2,13.393320,50,4.693274e-14,2P.8D
1,0,9,2,13.500000,47,4.161220e-18,1S.9D
9,6,9,8,13.500000,47,1.366818e-12,9I.9K
8,3,8,4,13.393320,50,1.137755e-06,8F.8G
2,0,6,5,13.228975,58,6.493856e-15,2S.6H
9,7,8,2,13.500000,47,1.263768e-13,9J.8D
10,6,9,2,13.500000,47,5.592165e-13,:I.9D
4,3,6,2,13.228975,58,7.140722e-13,4F.6D
9,6,5,4,13.500000,47,3.438747e-15,9I.5G
2,1,7,4,13.328199,55,1.894391e-13,2P.7G
1,0,6,4,13.228975,58,2.747918e-16,1S.6G
10,7,7,5,13.500000,47,2.451648e-14,:J.7H
9,6,6,5,13.500000,47,1.354497e-14,9I.6H
7,3,9,5,13.500000,47,4.600865e-14,7F.9H
2,0,9,8,13.500000,47,3.564760e-18,2S.9K
8,3,7,2,13.393320,50,8.196428e-13,8F.7D
8,3,8,6,13.393320,50,3.491953e-10,8F.8I
9,3,4,1,13.500000,47,5.973004e-16,9F.4P
2,0,6,3,13.228975,58,5.230929e-15,2S.6F
10,3,8,0,13.500000,47,7.667175e-14,:F.8S
10,6,5,3,13.500000,47,1.690251e-15,:I.5F
9,7,4,3,13.500000,47,5.463352e-16,9J.4F
2,1,8,7,13.393320,50,2.052327e-14,2P.8J
3,2,4,1,12.755506,70,1.901392e-11,3D.4P
1,0,9,7,13.500000,47,3.239927e-19,1S.9J
3,1,4,0,12.755506,70,1.461748e-11,3P.4S
2,0,3,1,12.094089,78,6.076614e-12,2S.3P
3,0,9,1,13.500000,47,5.169322e-16,3S.9P
5,3,5,1,13.061780,63,6.594666e-10,5F.5P
8,6,6,0,13.393320,50,1.780700e-14,8I.6S
4,3,9,6,13.500000,47,5.054511e-15,4F.9I
9,7,7,6,13.500000,47,1.621364e-13,9J.7I
6,3,9,0,13.500000,47,2.971100e-14,6F.9S
7,3,3,0,13.328199,55,2.796083e-16,7F.3S
8,3,1,0,13.393320,50,1.089310e-19,8F.1S
1,0,5,3,13.061780,63,4.329237e-15,1S.5F
10,3,7,1,13.500000,47,1.540436e-14,:F.7P
2,1,4,3,12.755506,70,1.784620e-12,2P.4F
7,6,4,0,13.328199,55,1.509072e-15,7I.4S
7,3,9,3,13.500000,47,4.584063e-14,7F.9F
10,7,7,3,13.500000,47,1.975880e-14,:J.7F
9,6,6,3,13.500000,47,1.008662e-14,9I.6F
2,1,7,6,13.328199,55,1.308012e-13,2P.7I
3,0,6,0,13.228975,58,7.731581e-14,3S.6S
8,6,9,1,13.500000,47,1.469308e-13,8I.9P
9,6,3,1,13.500000,47,7.706379e-17,9I.3P
10,7,2,1,13.500000,47,2.167419e-18,:J.2P
8,7,4,0,13.393320,50,8.092818e-16,8J.4S
9,7,8,7,13.500000,47,1.575439e-13,9J.8J
6,3,6,1,13.228975,58,4.578463e-11,6F.6P
10,6,9,7,13.500000,47,1.228764e-13,:I.9J
8,7,2,1,13.393320,50,5.303736e-18,8J.2P
9,7,8,1,13.500000,47,1.275809e-13,9J.8P
10,6,9,1,13.500000,47,3.547959e-13,:I.9P
8,6,9,7,13.500000,47,5.004106e-12,8I.9J
4,3,6,1,13.228975,58,6.488256e-13,4F.6P
9,6,5,0,13.500000,47,2.594742e-15,9I.5S
10,7,4,0,13.500000,47,3.144718e-16,:J.4S
9,3,8,3,13.500000,47,2.701713e-13,9F.8F
7,6,7,3,13.328199,55,1.159037e-09,7I.7F
2,1,7,0,13.328199,55,3.609565e-13,2P.7S
1,0,6,0,13.228975,58,4.925698e-16,1S.6S
5,3,9,3,13.500000,47,1.498151e-14,5F.9F
8,7,7,3,13.393320,50,7.809989e-14,8J.7F
3,2,8,3,13.393320,50,6.787886e-13,3D.8F
10,3,1,0,13.500000,47,1.689411e-19,:F.1S
7,6,2,1,13.328199,55,1.242486e-17,7I.2P
8,3,7,1,13.393320,50,4.995705e-13,8F.7P
3,0,5,3,13.061780,63,4.164021e-13,3S.5F
9,7,7,0,13.500000,47,3.763580e-14,9J.7S
6,3,9,6,13.500000,47,2.377440e-14,6F.9I
10,6,6,0,13.500000,47,5.586565e-15,:I.6S
7,3,5,1,13.328199,55,9.128922e-15,7F.5P
5,3,3,0,13.061780,63,9.450955e-16,5F.3S
4,3,9,0,13.500000,47,7.546763e-15,4F.9S
2,0,5,0,13.061780,63,1.690531e-13,2S.5S
3,0,9,7,13.500000,47,8.311240e-17,3S.9J
2,1,8,1,13.393320,50,5.533359e-14,2P.8P
1,0,9,1,13.500000,47,3.542358e-18,1S.9P
3,2,2,0,12.094089,78,8.725682e-16,3D.2S
3,1,2,1,12.094089,78,9.229733e-16,3P.2P
8,6,5,3,13.393320,50,4.340439e-15,8I.5F
3,1,7,3,13.328199,55,1.601762e-12,3P.7F
10,3,8,6,13.500000,47,2.463409e-14,:F.8I
8,3,8,0,13.393320,50,2.538176e-10,8F.8S
9,3,2,0,13.500000,47,7.294737e-18,9F.2S
3,2,8,5,13.393320,50,4.203225e-13,3D.8H
10,3,7,2,13.500000,47,3.063510e-14,:F.7D
8,7,7,5,13.393320,50,5.544560e-13,8J.7H
5,3,9,5,13.500000,47,1.232405e-14,5F.9H
7,6,7,5,13.328199,55,7.501958e-08,7I.7H
3,0,6,4,13.228975,58,3.444348e-14,3S.6G
9,3,8,5,13.500000,47,4.519657e-14,9F.8H
8,6,9,2,13.500000,47,1.466788e-13,8I.9D
9,6,3,2,13.500000,47,8.297238e-17,9I.3D
6,3,6,2,13.228975,58,5.648171e-08,6F.6D
9,3,4,2,13.500000,47,5.967403e-16,9F.4D
3,1,7,5,13.328199,55,1.049266e-12,3P.7H
10,3,8,4,13.500000,47,2.152297e-14,:F.8G
3,2,4,2,12.755506,70,2.148097e-11,3D.4D
2,0,3,2,12.094089,78,1.790221e-12,2S.3D
3,0,9,2,13.500000,47,3.573161e-16,3S.9D
5,3,5,2,13.061780,63,1.644046e-08,5F.5D
8,6,6,4,13.393320,50,1.772579e-14,8I.6G
6,3,9,4,13.500000,47,2.817085e-14,6F.9G
7,3,9,4,13.500000,47,1.026024e-13,7F.9G
4,3,5,2,13.061780,63,4.236828e-12,4F.5D
10,7,7,4,13.500000,47,2.449127e-14,:J.7G
9,6,6,4,13.500000,47,1.083710e-14,9I.6G
3,0,3,2,12.094089,78,4.245229e-10,3S.3D
2,0,9,2,13.500000,47,6.034610e-17,2S.9D
1,0,5,4,13.061780,63,4.180822e-15,1S.5G
10,6,9,8,13.500000,47,1.260967e-13,:I.9K
2,1,7,5,13.328199,55,1.610443e-13,2P.7H
1,0,6,5,13.228975,58,1.968039e-16,1S.6H
8,3,4,2,13.393320,50,8.274836e-16,8F.4D
10,6,5,4,13.500000,47,2.118694e-15,:I.5G
7,3,6,2,13.328199,55,3.603964e-13,7F.6D
10,7,8,2,13.500000,47,6.633870e-14,:J.8D
9,6,9,2,13.500000,47,9.109321e-13,9I.9D
8,6,3,2,13.393320,50,1.318093e-16,8I.3D
2,0,6,4,13.228975,58,5.485754e-15,2S.6G
8,3,8,5,13.393320,50,3.211925e-10,8F.8H
4,3,9,5,13.500000,47,6.589066e-15,4F.9H
9,7,7,5,13.500000,47,4.133218e-14,9J.7H
10,6,6,5,13.500000,47,6.334240e-15,:I.6H
1,0,9,8,13.500000,47,3.351939e-19,1S.9K
9,3,8,0,13.500000,47,6.871894e-13,9F.8S
8,3,2,0,13.393320,50,9.462156e-18,8F.2S
2,1,7,3,13.328199,55,2.943097e-13,2P.7F
10,3,4,1,13.500000,47,3.301534e-16,:F.4P
1,0,6,3,13.228975,58,2.183941e-16,1S.6F
7,6,7,0,13.328199,55,8.372846e-10,7I.7S
9,6,5,3,13.500000,47,2.943097e-15,9I.5F
10,7,4,3,13.500000,47,4.035208e-16,:J.4F
3,1,8,1,13.393320,50,4.413246e-13,3P.8P
1,0,3,1,12.094089,78,3.405144e-13,1S.3P
3,2,8,0,13.393320,50,3.433147e-13,3D.8S
2,1,2,1,10.204389,96,8.403649e-10,2P.2P
3,0,5,0,13.061780,63,7.812789e-13,3S.5S
2,0,9,7,13.500000,47,8.700479e-18,2S.9J
4,3,3,0,12.755506,70,4.032407e-15,4F.3S
10,7,7,6,13.500000,47,3.175521e-14,:J.7I
5,3,9,0,13.500000,47,1.901952e-14,5F.9S
7,3,9,6,13.500000,47,4.217226e-14,7F.9I
8,7,7,0,13.393320,50,5.959002e-14,8J.7S
6,3,5,1,13.228975,58,6.104617e-14,6F.5P
2,0,5,3,13.061780,63,7.412349e-14,2S.5F
9,3,7,1,13.500000,47,5.572563e-14,9F.7P
7,6,8,1,13.393320,50,1.204402e-11,7I.8P
9,7,7,3,13.500000,47,5.160922e-14,9J.7F
10,6,6,3,13.500000,47,5.566963e-15,:I.6F
4,3,9,3,13.500000,47,7.765185e-15,4F.9F
3,2,7,1,13.328199,55,2.226225e-12,3D.7P
3,1,7,0,13.328199,55,2.623865e-12,3P.7S
8,3,8,3,13.393320,50,1.198241e-08,8F.8F
10,7,8,7,13.500000,47,6.502257e-14,:J.8J
5,3,6,1,13.228975,58,9.092519e-13,5F.6P
9,6,9,7,13.500000,47,1.756337e-09,9I.9J
8,6,5,0,13.393320,50,3.713175e-15,8I.5S
10,6,3,1,13.500000,47,4.656871e-17,:I.3P
9,7,2,1,13.500000,47,2.582981e-18,9J.2P
8,7,8,1,13.393320,50,1.048706e-09,8J.8P
1,0,8,5,13.393320,50,8.095618e-16,1S.8H
2,1,9,5,13.500000,47,7.056713e-17,2P.9H
2,0,7,2,13.328199,55,4.410446e-14,2S.7D
8,3,9,8,13.500000,47,1.059627e-13,8F.9K
9,6,8,4,13.500000,47,1.723294e-12,9I.8G
10,7,9,4,13.500000,47,1.395381e-12,:J.9G
9,7,5,2,13.500000,47,2.636186e-15,9J.5D
10,6,4,2,13.500000,47,4.021206e-16,:I.4D
7,3,7,4,13.328199,55,1.019863e-06,7F.7G
8,3,5,4,13.393320,50,2.993502e-15,8F.5G
10,3,3,2,13.500000,47,7.899598e-17,:F.3D
10,6,8,5,13.500000,47,3.900794e-13,:I.8H
9,7,9,5,13.500000,47,2.677351e-12,9J.9H
4,3,7,5,13.328199,55,1.090710e-11,4F.7H
2,1,5,2,13.061780,63,3.027106e-13,2P.5D
1,0,4,2,12.755506,70,4.010005e-14,1S.4D
8,3,6,5,13.393320,50,8.501659e-15,8F.6H
2,0,8,4,13.393320,50,8.974907e-15,2S.8G
9,6,7,2,13.500000,47,2.831086e-14,9I.7D
10,7,6,2,13.500000,47,6.653472e-15,:J.6D
7,3,8,2,13.393320,50,1.012862e-11,7F.8D
9,7,3,0,13.500000,47,5.513757e-17,9J.3S
10,6,2,0,13.500000,47,1.804782e-18,:I.2S
7,3,7,6,13.328199,55,6.241831e-10,7F.7I
8,7,9,0,13.500000,47,1.375219e-13,8J.9S
9,6,8,6,13.500000,47,1.682410e-13,9I.8I
10,7,9,6,13.500000,47,9.047714e-12,:J.9I
5,3,7,0,13.328199,55,1.390340e-11,5F.7S
8,6,4,1,13.393320,50,8.865696e-16,8I.4P
2,0,1,0,10.204389,96,1.786301e-17,2S.1S
3,2,6,0,13.228975,58,9.422952e-14,3D.6S
3,1,6,1,13.228975,58,1.290650e-13,3P.6P
7,3,4,3,13.328199,55,1.781820e-15,7F.4F
7,6,9,0,13.500000,47,6.936301e-14,7I.9S
1,0,8,3,13.393320,50,1.612683e-15,1S.8F
2,1,9,3,13.500000,47,2.098532e-16,2P.9F
9,3,6,0,13.500000,47,7.328341e-15,9F.6S
7,3,8,7,13.393320,50,1.346376e-11,7F.8J
8,7,6,1,13.393320,50,2.014524e-14,8J.6P
6,3,4,0,13.228975,58,3.841988e-15,6F.4S
4,3,2,1,12.755506,70,1.880110e-16,4F.2P
9,6,1,0,13.500000,47,7.359144e-20,9I.1S
5,3,8,1,13.393320,50,4.869692e-12,5F.8P
3,0,4,1,12.755506,70,6.457453e-12,3S.4P
8,3,6,3,13.393320,50,1.076989e-14,8F.6F
2,0,8,6,13.393320,50,6.135420e-15,2S.8I
3,1,9,0,13.500000,47,1.973079e-15,3P.9S
2,1,3,0,12.094089,78,1.568438e-11,2P.3S
1,0,2,0,10.204389,96,2.288391e-12,1S.2S
3,2,9,1,13.500000,47,2.177780e-15,3D.9P
4,3,7,3,13.328199,55,9.456556e-12,4F.7F
10,6,8,3,13.500000,47,4.161220e-14,:I.8F
9,7,9,3,13.500000,47,1.057107e-12,9J.9F
10,3,5,0,13.500000,47,1.194881e-15,:F.5S
7,6,6,1,13.328199,55,4.012806e-14,7I.6P
9,3,9,1,13.500000,47,8.017210e-12,9F.9P
8,3,3,1,13.393320,50,1.508792e-16,8F.3P
8,3,9,1,13.500000,47,1.983440e-13,8F.9P
9,3,3,1,13.500000,47,1.037785e-16,9F.3P
3,2,6,3,13.228975,58,2.159858e-13,3D.6F
10,3,9,7,13.500000,47,5.846991e-14,:F.9J
8,7,9,3,13.500000,47,1.442986e-13,8J.9F
5,3,7,3,13.328199,55,1.545476e-11,5F.7F
1,0,8,0,13.393320,50,4.144419e-15,1S.8S
3,2,3,1,12.094089,78,6.813088e-08,3D.3P
2,1,9,0,13.500000,47,2.490012e-16,2P.9S
3,1,3,0,12.094089,78,1.593081e-07,3P.3S
7,6,9,3,13.500000,47,7.244332e-14,7I.9F
9,3,6,3,13.500000,47,6.348242e-15,9F.6F
2,0,4,1,12.755506,70,1.373259e-12,2S.4P
3,0,8,6,13.393320,50,5.594965e-14,3S.8I
5,3,2,1,13.061780,63,9.434153e-17,5F.2P
4,3,8,1,13.393320,50,2.596702e-12,4F.8P
8,6,1,0,13.393320,50,6.737481e-20,8I.1S
10,6,7,1,13.500000,47,1.528955e-14,:I.7P
9,7,6,1,13.500000,47,8.848894e-15,9J.6P
6,3,8,7,13.393320,50,8.507260e-12,6F.8J
7,3,4,0,13.328199,55,1.845667e-15,7F.4S
8,3,6,0,13.393320,50,1.100511e-14,8F.6S
7,6,3,0,13.328199,55,1.646286e-16,7I.3S
3,1,9,3,13.500000,47,1.005862e-15,3P.9F
6,3,4,3,13.228975,58,4.424447e-15,6F.4F
1,0,7,1,13.328199,55,7.283536e-15,1S.7P
10,3,5,3,13.500000,47,1.117313e-15,:F.5F
2,1,6,1,13.228975,58,3.046708e-14,2P.6P
3,0,1,0,12.094089,78,3.402344e-18,3S.1S
4,3,7,0,13.328199,55,6.894297e-12,4F.7S
8,6,8,6,13.393320,50,1.020703e-08,8I.8I
10,7,5,1,13.500000,47,1.832225e-15,:J.5P
9,6,4,1,13.500000,47,5.572563e-16,9I.4P
8,7,3,0,13.393320,50,8.963706e-17,8J.3S
10,6,8,0,13.500000,47,3.886793e-14,:I.8S
9,7,9,0,13.500000,47,1.195441e-12,9J.9S
6,3,7,6,13.328199,55,2.417764e-11,6F.7I
6,3,8,2,13.393320,50,5.552961e-12,6F.8D
8,6,7,2,13.393320,50,7.781986e-14,8I.7D
9,3,6,5,13.500000,47,6.051412e-15,9F.6H
3,0,8,4,13.393320,50,6.561063e-14,3S.8G
3,2,5,4,13.061780,63,3.508755e-12,3D.5G
7,6,9,5,13.500000,47,8.221631e-14,7I.9H
3,1,5,2,13.061780,63,1.469308e-12,3P.5D
5,3,7,5,13.328199,55,1.644046e-11,5F.7H
8,7,9,5,13.500000,47,1.823544e-13,8J.9H
3,2,6,5,13.228975,58,2.128215e-13,3D.6H
10,3,9,2,13.500000,47,3.029906e-12,:F.9D
9,3,5,4,13.500000,47,2.081730e-15,9F.5G
8,7,5,2,13.393320,50,4.889294e-15,8J.5D
6,3,7,4,13.328199,55,2.050647e-11,6F.7G
8,6,8,4,13.393320,50,7.375945e-10,8I.8G
3,0,7,2,13.328199,55,3.766381e-13,3S.7D
9,3,9,8,13.500000,47,4.808086e-13,9F.9K
3,2,9,8,13.500000,47,1.947317e-16,3D.9K
10,3,6,4,13.500000,47,3.340738e-15,:F.6G
3,1,9,5,13.500000,47,6.079414e-16,3P.9H
7,6,5,2,13.328199,55,1.087630e-14,7I.5D
2,0,8,5,13.393320,50,6.659073e-15,2S.8H
8,3,6,4,13.393320,50,9.856996e-15,8F.6G
1,0,7,2,13.328199,55,3.172721e-15,1S.7D
2,1,6,2,13.228975,58,2.611264e-14,2P.6D
4,3,7,4,13.328199,55,8.871296e-12,4F.7G
10,7,5,2,13.500000,47,1.838666e-15,:J.5D
9,6,4,2,13.500000,47,6.339841e-16,9I.4D
10,6,8,4,13.500000,47,7.936002e-14,:I.8G
9,7,9,4,13.500000,47,1.074469e-12,9J.9G
8,3,9,2,13.500000,47,2.617985e-13,8F.9D
9,3,3,2,13.500000,47,1.271328e-16,9F.3D
7,3,7,5,13.328199,55,5.905797e-10,7F.7H
9,6,8,5,13.500000,47,3.942798e-12,9I.8H
10,7,9,5,13.500000,47,4.133218e-12,:J.9H
1,0,8,4,13.393320,50,1.121793e-15,1S.8G
3,2,3,2,12.094089,78,2.166299e-09,3D.3D
2,1,9,4,13.500000,47,1.431785e-16,2P.9G
2,0,4,2,12.755506,70,1.076149e-12,2S.4D
4,3,8,2,13.393320,50,1.767819e-12,4F.8D
10,6,7,2,13.500000,47,1.537355e-14,:I.7D
9,7,6,2,13.500000,47,8.832092e-15,9J.6D
8,7,5,1,13.393320,50,4.721277e-15,8J.5P
10,6,8,6,13.500000,47,4.816487e-14,:I.8I
9,7,9,6,13.500000,47,2.026565e-09,9J.9I
6,3,7,0,13.328199,55,2.772280e-11,6F.7S
4,3,7,6,13.328199,55,9.683379e-12,4F.7I
8,6,8,0,13.393320,50,3.788783e-10,8I.8S
10,7,3,0,13.500000,47,4.483253e-17,:J.3S
9,6,2,0,13.500000,47,3.186722e-18,9I.2S
8,3,5,3,13.393320,50,3.041107e-15,8F.5F
3,0,7,1,13.328199,55,4.318036e-13,3S.7P
1,0,1,0,10.204389,96,6.247431e-16,1S.1S
4,3,4,3,12.755506,70,2.569260e-09,4F.4F
10,3,6,0,13.500000,47,3.080311e-15,:F.6S
7,6,5,1,13.328199,55,1.048706e-14,7I.5P
2,0,8,3,13.393320,50,1.707893e-14,2S.8F
10,6,1,0,13.500000,47,5.020907e-20,:I.1S
6,3,8,1,13.393320,50,7.121120e-12,6F.8P
7,3,2,1,13.328199,55,2.649068e-17,7F.2P
5,3,4,0,13.061780,63,1.243606e-14,5F.4S
4,3,8,7,13.393320,50,2.745677e-12,4F.8J
8,6,7,1,13.393320,50,7.700778e-14,8I.7P
2,0,2,0,10.204389,96,6.846692e-10,2S.2S
3,0,8,0,13.393320,50,3.105514e-13,3S.8S
3,2,5,0,13.061780,63,1.748217e-12,3D.5S
1,0,8,6,13.393320,50,3.968001e-16,1S.8I
2,1,9,6,13.500000,47,4.645669e-17,2P.9I
3,1,5,1,13.061780,63,1.715173e-12,3P.5P
9,6,8,3,13.500000,47,5.600566e-13,9I.8F
10,7,9,3,13.500000,47,5.090914e-13,:J.9F
7,3,7,3,13.328199,55,1.780140e-08,7F.7F
10,3,9,1,13.500000,47,2.423925e-12,:F.9P
8,3,9,7,13.500000,47,1.370458e-13,8F.9J
9,3,5,0,13.500000,47,2.209423e-15,9F.5S
9,3,9,7,13.500000,47,4.931298e-13,9F.9J
8,3,5,0,13.393320,50,3.102714e-15,8F.5S
10,3,3,1,13.500000,47,6.981105e-17,:F.3P
6,3,7,3,13.328199,55,2.390882e-11,6F.7F
8,6,8,3,13.393320,50,6.482655e-10,8I.8F
3,1,9,6,13.500000,47,4.021206e-16,3P.9I
2,1,5,1,13.061780,63,4.519657e-13,2P.5P
10,3,6,3,13.500000,47,3.304334e-15,:F.6F
3,2,9,7,13.500000,47,4.234028e-16,3D.9J
1,0,4,1,12.755506,70,9.630173e-14,1S.4P
3,0,2,0,12.094089,78,4.696075e-16,3S.2S
2,0,8,0,13.393320,50,5.426948e-14,2S.8S
4,3,4,0,12.755506,70,1.642646e-09,4F.4S
9,6,7,1,13.500000,47,3.057909e-14,9I.7P
10,7,6,1,13.500000,47,6.071013e-15,:J.6P
5,3,8,7,13.393320,50,5.370943e-12,5F.8J
7,3,8,1,13.393320,50,1.139155e-11,7F.8P
6,3,2,1,13.228975,58,5.191725e-17,6F.2P
3,0,8,3,13.393320,50,5.606167e-14,3S.8F
7,6,9,6,13.500000,47,9.422952e-14,7I.9I
3,2,5,3,13.061780,63,2.817085e-12,3D.5F
5,3,4,3,13.061780,63,1.308852e-14,5F.4F
2,0,7,1,13.328199,55,7.709179e-14,2S.7P
9,3,5,3,13.500000,47,2.124575e-15,9F.5F
9,6,8,0,13.500000,47,1.142235e-13,9I.8S
10,7,9,0,13.500000,47,1.565918e-13,:J.9S
5,3,7,6,13.328199,55,1.554157e-11,5F.7I
8,6,2,0,13.393320,50,6.437851e-18,8I.2S
9,7,5,1,13.500000,47,2.601463e-15,9J.5P
10,6,4,1,13.500000,47,3.617966e-16,:I.4P
7,3,7,0,13.328199,55,8.104019e-10,7F.7S
8,7,9,6,13.500000,47,2.081730e-13,8J.9I
8,7,6,2,13.393320,50,2.141376e-14,8J.6D
5,3,8,2,13.393320,50,3.466750e-12,5F.8D
3,0,4,2,12.755506,70,5.485754e-12,3S.4D
3,1,9,4,13.500000,47,9.229733e-16,3P.9G
10,3,6,5,13.500000,47,3.181121e-15,:F.6H
3,2,9,2,13.500000,47,2.016764e-15,3D.9D
8,6,8,5,13.393320,50,8.700479e-07,8I.8H
6,3,7,5,13.328199,55,2.640667e-11,6F.7H
10,3,5,4,13.500000,47,1.148396e-15,:F.5G
7,6,6,2,13.328199,55,4.399245e-14,7I.6D
9,3,9,2,13.500000,47,4.304035e-09,9F.9D
8,3,3,2,13.393320,50,1.726374e-16,8F.3D
8,7,9,4,13.500000,47,1.642366e-13,8J.9G
5,3,7,4,13.328199,55,1.374099e-11,5F.7G
8,6,4,2,13.393320,50,9.663777e-16,8I.4D
10,3,9,8,13.500000,47,5.443750e-14,:F.9K
3,2,6,4,13.228975,58,2.388641e-13,3D.6G
3,1,6,2,13.228975,58,1.425904e-13,3P.6D
7,6,9,4,13.500000,47,7.835192e-14,7I.9G
3,0,8,5,13.393320,50,4.278832e-14,3S.8H
9,3,6,4,13.500000,47,6.261433e-15,9F.6G
10,9,8,5,13.500000,47,2.042526e-13,:L.8H
8,4,6,4,13.393320,50,1.302412e-14,8G.6G
8,0,6,2,13.393320,50,1.739256e-15,8S.6D
6,5,9,4,13.500000,47,4.161220e-14,6H.9G
4,2,9,8,13.500000,47,9.856996e-16,4D.9K
7,0,8,5,13.393320,50,1.437105e-12,7S.8H
4,1,9,5,13.500000,47,2.150617e-15,4P.9H
8,1,8,5,13.393320,50,1.061867e-10,8P.8H
4,0,7,2,13.328199,55,1.138035e-12,4S.7D
9,5,4,2,13.500000,47,7.135121e-16,9H.4D
7,1,6,2,13.328199,55,3.388342e-14,7P.6D
10,8,5,2,13.500000,47,1.908953e-15,:K.5D
7,2,6,4,13.328199,55,2.158178e-14,7D.6G
9,8,9,4,13.500000,47,1.180879e-12,9K.9G
10,5,8,4,13.500000,47,3.231527e-13,:H.8G
8,0,9,4,13.500000,47,3.925997e-14,8S.9G
9,4,3,2,13.500000,47,1.290650e-16,9G.3D
8,4,9,2,13.500000,47,1.067188e-13,8G.9D
8,1,4,2,13.393320,50,4.432848e-16,8P.4D
6,5,6,2,13.228975,58,1.050106e-10,6H.6D
4,2,6,5,13.228975,58,6.174624e-13,4D.6H
7,4,7,5,13.328199,55,1.112832e-07,7G.7H
10,8,9,5,13.500000,47,1.180599e-12,:K.9H
9,5,8,5,13.500000,47,2.106653e-13,9H.8H
8,2,7,5,13.393320,50,2.531736e-14,8D.7H
10,9,4,2,13.500000,47,2.976701e-16,:L.4D
7,2,9,2,13.500000,47,3.626366e-14,7D.9D
6,2,3,2,13.228975,58,5.158121e-16,6D.3D
4,0,8,4,13.393320,50,2.691072e-13,4S.8G
7,1,9,4,13.500000,47,1.775939e-14,7P.9G
4,2,5,4,13.061780,63,5.480154e-12,4D.5G
9,8,6,2,13.500000,47,1.285890e-14,9K.6D
4,1,5,2,13.061780,63,3.399544e-12,4P.5D
10,5,7,2,13.500000,47,1.368778e-14,:H.7D
7,0,4,2,13.328199,55,3.413545e-16,7S.4D
9,8,9,6,13.500000,47,1.787141e-12,9K.9I
6,4,7,0,13.328199,55,2.440167e-11,6G.7S
10,5,8,6,13.500000,47,3.973602e-14,:H.8I
5,2,6,0,13.228975,58,6.426649e-13,5D.6S
5,1,6,1,13.228975,58,6.558263e-13,5P.6P
6,0,7,1,13.328199,55,4.379643e-12,6S.7P
4,0,1,0,12.755506,70,1.735055e-18,4S.1S
9,5,2,0,13.500000,47,3.466750e-18,9H.2S
10,8,3,0,13.500000,47,3.561960e-17,:K.3S
8,5,8,0,13.393320,50,3.469551e-10,8H.8S
8,4,5,3,13.393320,50,6.093416e-15,8G.5F
8,1,8,3,13.393320,50,1.579080e-10,8P.8F
7,2,5,3,13.328199,55,5.953402e-15,7D.5F
7,0,8,3,13.393320,50,1.668129e-12,7S.8F
4,1,9,3,13.500000,47,3.066310e-15,4P.9F
9,1,7,1,13.500000,47,2.127935e-14,9P.7P
7,5,5,1,13.328199,55,9.022512e-15,7H.5P
10,0,6,1,13.500000,47,7.230331e-16,:S.6P
10,4,6,0,13.500000,47,4.096814e-15,:G.6S
6,5,9,6,13.500000,47,4.500055e-14,6H.9I
9,2,7,0,13.500000,47,6.675875e-14,9D.7S
10,9,8,3,13.500000,47,1.341896e-13,:L.8F
7,4,2,1,13.328199,55,2.277190e-17,7G.2P
5,1,9,0,13.500000,47,6.351042e-15,5P.9S
6,0,8,0,13.393320,50,1.691931e-12,6S.8S
4,2,3,1,12.755506,70,8.053614e-15,4D.3P
4,1,3,0,12.755506,70,5.667773e-15,4P.3S
6,4,8,1,13.393320,50,7.709179e-12,6G.8P
10,5,1,0,13.500000,47,1.317253e-19,:H.1S
5,2,9,1,13.500000,47,1.296251e-14,5D.9P
7,0,2,0,13.328199,55,9.252135e-18,7S.2S
7,2,9,7,13.500000,47,3.071910e-14,7D.9J
5,0,4,1,13.061780,63,2.831086e-15,5S.4P
8,5,7,1,13.393320,50,9.893400e-14,8H.7P
6,1,5,1,13.228975,58,1.808983e-14,6P.5P
4,0,8,6,13.393320,50,2.256188e-13,4S.8I
6,2,5,0,13.228975,58,6.437851e-14,6D.5S
5,4,4,0,13.061780,63,1.198801e-14,5G.4S
7,1,9,6,13.500000,47,1.950957e-14,7P.9I
10,9,2,0,13.500000,47,2.399282e-18,:L.2S
8,2,7,3,13.393320,50,6.874695e-14,8D.7F
10,8,9,3,13.500000,47,2.724395e-13,:K.9F
9,5,8,3,13.500000,47,1.508792e-12,9H.8F
4,2,6,3,13.228975,58,4.144419e-13,4D.6F
7,4,7,3,13.328199,55,1.311373e-06,7G.7F
8,1,2,0,13.393320,50,1.052626e-17,8P.2S
10,4,9,1,13.500000,47,1.320893e-12,:G.9P
9,2,8,1,13.500000,47,1.327614e-12,9D.8P
9,1,8,0,13.500000,47,1.283090e-12,9P.8S
10,0,9,0,13.500000,47,4.561661e-13,:S.9S
8,2,2,1,13.393320,50,1.677089e-17,8D.2P
8,0,9,6,13.500000,47,1.240245e-14,8S.9I
10,2,4,0,13.500000,47,2.204103e-16,:D.4S
9,4,5,0,13.500000,47,2.475730e-15,9G.5S
9,0,5,1,13.500000,47,3.001903e-16,9S.5P
10,1,4,1,13.500000,47,1.609603e-16,:P.4P
8,4,9,7,13.500000,47,3.346338e-13,8G.9J
10,1,8,6,13.500000,47,8.921702e-15,:P.8I
8,4,5,0,13.393320,50,3.528357e-15,8G.5S
9,0,9,6,13.500000,47,4.883694e-14,9S.9I
9,4,9,7,13.500000,47,6.446251e-13,9G.9J
8,0,5,1,13.393320,50,6.787886e-16,8S.5P
10,2,8,7,13.500000,47,1.530355e-14,:D.8J
10,0,3,0,13.500000,47,1.614083e-17,:S.3S
8,2,8,1,13.393320,50,2.093772e-06,8D.8P
9,1,2,0,13.500000,47,7.028710e-18,9P.2S
9,2,2,1,13.500000,47,1.036945e-17,9D.2P
8,1,8,0,13.393320,50,3.405144e-06,8P.8S
10,4,3,1,13.500000,47,6.779485e-17,:G.3P
6,4,7,3,13.328199,55,2.703953e-11,6G.7F
5,2,6,3,13.228975,58,6.782285e-13,5D.6F
8,5,8,3,13.393320,50,5.048910e-10,8H.8F
10,4,6,3,13.500000,47,7.065114e-15,:G.6F
9,2,7,3,13.500000,47,1.171918e-14,9D.7F
10,9,8,0,13.500000,47,8.025611e-14,:L.8S
10,8,6,1,13.500000,47,6.594666e-15,:K.6P
5,4,8,7,13.393320,50,9.100920e-12,5G.8J
7,1,5,1,13.328199,55,5.312137e-15,7P.5P
9,5,7,1,13.500000,47,2.190941e-14,9H.7P
4,0,4,1,12.755506,70,8.580067e-08,4S.4P
6,2,9,7,13.500000,47,1.288690e-14,6D.9J
6,1,9,6,13.500000,47,9.985809e-15,6P.9I
7,2,5,0,13.328199,55,7.969605e-15,7D.5S
5,0,8,6,13.393320,50,6.664673e-13,5S.8I
5,2,3,1,13.061780,63,1.320893e-15,5D.3P
7,0,8,0,13.393320,50,2.089571e-12,7S.8S
4,1,9,0,13.500000,47,3.710375e-15,4P.9S
6,4,2,1,13.228975,58,3.234327e-17,6G.2P
6,0,2,0,13.228975,58,2.344677e-17,6S.2S
4,2,9,1,13.500000,47,7.079115e-15,4D.9P
7,4,8,1,13.393320,50,1.318373e-11,7G.8P
5,1,3,0,13.061780,63,1.132714e-15,5P.3S
10,2,7,6,13.500000,47,5.835790e-15,:D.7I
10,1,1,0,13.500000,47,1.780140e-19,:P.1S
6,5,5,1,13.228975,58,2.598383e-14,6H.5P
8,1,7,1,13.393320,50,1.334895e-13,8P.7P
8,2,7,0,13.393320,50,5.466152e-13,8D.7S
7,5,9,6,13.500000,47,1.602042e-13,7H.9I
5,1,9,3,13.500000,47,7.095917e-15,5P.9F
6,0,8,3,13.393320,50,1.075869e-12,6S.8F
6,2,5,3,13.228975,58,1.424224e-14,6D.5F
5,4,4,3,13.061780,63,8.190828e-14,5G.4F
9,1,8,3,13.500000,47,7.776386e-14,9P.8F
10,0,9,3,13.500000,47,4.886494e-14,:S.9F
10,9,7,1,13.500000,47,4.147219e-14,:L.7P
10,2,4,3,13.500000,47,2.915095e-16,:D.4F
9,4,5,3,13.500000,47,2.564219e-15,9G.5F
8,5,2,0,13.393320,50,5.382144e-18,8H.2S
5,0,1,0,13.061780,63,5.152521e-19,5S.1S
10,8,9,0,13.500000,47,1.552757e-13,:K.9S
5,4,7,6,13.328199,55,2.241346e-11,5G.7I
9,5,8,0,13.500000,47,1.978960e-13,9H.8S
4,2,6,0,13.228975,58,2.828286e-13,4D.6S
7,4,7,0,13.328199,55,6.947502e-10,7G.7S
7,0,7,1,13.328199,55,1.110312e-06,7S.7P
10,5,4,1,13.500000,47,3.685172e-16,:H.4P
4,1,6,1,13.228975,58,4.928498e-13,4P.6P
9,8,5,1,13.500000,47,2.457528e-15,9K.5P
5,2,5,4,13.061780,63,3.690773e-10,5D.5G
6,0,4,2,13.228975,58,7.429151e-16,6S.4D
5,1,5,2,13.061780,63,1.420864e-08,5P.5D
5,4,8,2,13.393320,50,4.785684e-12,5G.8D
6,2,9,2,13.500000,47,1.786020e-14,6D.9D
6,1,9,4,13.500000,47,1.156517e-14,6P.9G
5,0,8,4,13.393320,50,7.325540e-13,5S.8G
7,2,3,2,13.328199,55,2.839487e-16,7D.3D
10,4,6,5,13.500000,47,3.920396e-15,:G.6H
9,2,7,5,13.500000,47,1.117593e-14,9D.7H
8,5,8,5,13.393320,50,1.104432e-08,8H.8H
6,4,7,5,13.328199,55,3.634767e-11,6G.7H
5,2,6,5,13.228975,58,9.159726e-13,5D.6H
10,0,5,2,13.500000,47,1.912873e-16,:S.5D
7,5,6,2,13.328199,55,6.765484e-14,7H.6D
9,1,4,2,13.500000,47,3.547959e-16,9P.4D
10,4,5,4,13.500000,47,1.472389e-15,:G.5G
8,4,3,2,13.393320,50,2.029085e-16,8G.3D
10,1,8,4,13.500000,47,8.652874e-15,:P.8G
9,0,9,4,13.500000,47,7.647573e-14,9S.9G
9,4,9,2,13.500000,47,6.202627e-12,9G.9D
10,2,8,2,13.500000,47,4.348839e-14,:D.8D
6,1,6,2,13.228975,58,4.458050e-08,6P.6D
8,5,4,2,13.393320,50,9.117721e-16,8H.4D
5,0,7,2,13.328199,55,3.088712e-12,5S.7D
5,4,7,4,13.328199,55,1.907273e-11,5G.7G
6,2,6,4,13.228975,58,4.665271e-11,6D.6G
9,1,8,5,13.500000,47,1.881790e-14,9P.8H
10,0,9,5,13.500000,47,6.121419e-15,:S.9H
10,4,9,8,13.500000,47,7.252733e-14,:G.9K
5,2,9,8,13.500000,47,4.334838e-15,5D.9K
5,1,9,5,13.500000,47,5.303736e-15,5P.9H
6,0,8,5,13.393320,50,8.899299e-13,6S.8H
7,5,9,4,13.500000,47,7.104318e-14,7H.9G
9,4,6,4,13.500000,47,7.891197e-15,9G.6G
10,2,7,4,13.500000,47,6.597467e-15,:D.7G
10,1,7,2,13.500000,47,4.659671e-15,:P.7D
9,0,6,2,13.500000,47,1.118153e-15,9S.6D
6,5,5,2,13.228975,58,2.740077e-14,6H.5D
8,1,7,2,13.393320,50,9.487359e-14,8P.7D
8,2,7,4,13.393320,50,2.541537e-14,8D.7G
4,0,8,5,13.393320,50,1.654687e-13,4S.8H
7,1,9,5,13.500000,47,1.651887e-14,7P.9H
7,2,9,8,13.500000,47,4.043609e-14,7D.9K
10,9,7,2,13.500000,47,3.923196e-14,:L.7D
8,4,9,8,13.500000,47,1.520554e-13,8G.9K
8,0,9,5,13.500000,47,1.940316e-14,8S.9H
10,8,9,4,13.500000,47,3.954000e-13,:K.9G
9,5,8,4,13.500000,47,2.881491e-12,9H.8G
4,2,6,4,13.228975,58,5.732179e-13,4D.6G
7,4,7,4,13.328199,55,1.645726e-08,7G.7G
7,0,7,2,13.328199,55,2.567299e-10,7S.7D
10,5,4,2,13.500000,47,4.309635e-16,:H.4D
4,1,6,2,13.228975,58,3.556359e-13,4P.6D
9,8,5,2,13.500000,47,2.239946e-15,9K.5D
8,4,5,4,13.393320,50,3.785983e-15,8G.5G
8,0,5,2,13.393320,50,4.586864e-16,8S.5D
8,2,8,2,13.393320,50,1.312773e-08,8D.8D
8,1,8,4,13.393320,50,1.404342e-10,8P.8G
10,4,3,2,13.500000,47,8.563265e-17,:G.3D
9,8,9,5,13.500000,47,1.172759e-12,9K.9H
10,5,8,5,13.500000,47,4.556060e-14,:H.8H
7,2,6,5,13.328199,55,1.742336e-14,7D.6H
6,5,9,5,13.500000,47,4.127617e-14,6H.9H
10,9,8,4,13.500000,47,1.205522e-13,:L.8G
8,4,6,5,13.393320,50,1.157077e-14,8G.6H
10,8,6,2,13.500000,47,6.936301e-15,:K.6D
7,1,5,2,13.328199,55,4.001604e-15,7P.5D
9,5,7,2,13.500000,47,2.525575e-14,9H.7D
4,0,4,2,12.755506,70,4.634468e-10,4S.4D
7,2,5,4,13.328199,55,4.637269e-15,7D.5G
5,2,3,2,13.061780,63,1.179479e-15,5D.3D
7,0,8,4,13.393320,50,1.559198e-12,7S.8G
4,1,9,4,13.500000,47,2.808684e-15,4P.9G
4,2,9,2,13.500000,47,5.578164e-15,4D.9D
7,4,8,2,13.393320,50,1.127394e-11,7G.8D
7,4,7,6,13.328199,55,1.111992e-09,7G.7I
7,0,1,0,13.328199,55,1.679610e-19,7S.1S
10,5,2,0,13.500000,47,3.013104e-18,:H.2S
9,8,3,0,13.500000,47,3.290332e-17,9K.3S
6,1,6,1,13.228975,58,6.087815e-10,6P.6P
8,5,4,1,13.393320,50,7.305938e-16,8H.4P
5,0,7,1,13.328199,55,2.539857e-12,5S.7P
10,8,9,6,13.500000,47,4.228427e-12,:K.9I
5,4,7,0,13.328199,55,1.451387e-11,5G.7S
9,5,8,6,13.500000,47,8.333642e-14,9H.8I
6,2,6,0,13.228975,58,3.340738e-11,6D.6S
10,9,1,0,13.500000,47,9.260536e-20,:L.1S
8,0,9,3,13.500000,47,1.100791e-13,8S.9F
8,2,4,3,13.393320,50,6.135420e-16,8D.4F
4,0,8,3,13.393320,50,1.917074e-13,4S.8F
7,1,9,3,13.500000,47,2.620505e-14,7P.9F
7,4,4,3,13.328199,55,2.278310e-15,7G.4F
4,2,5,3,13.061780,63,4.334838e-12,4D.5F
6,5,3,0,13.228975,58,4.119216e-16,6H.3S
8,1,1,0,13.393320,50,3.486352e-19,8P.1S
8,2,7,6,13.393320,50,1.763898e-14,8D.7I
7,5,9,0,13.500000,47,6.838291e-14,7H.9S
9,4,6,0,13.500000,47,7.756784e-15,9G.6S
10,2,7,0,13.500000,47,1.978960e-14,:D.7S
10,1,7,1,13.500000,47,7.692377e-15,:P.7P
9,0,6,1,13.500000,47,1.483030e-15,9S.6P
7,0,8,6,13.393320,50,1.878150e-12,7S.8I
5,2,5,0,13.061780,63,6.233430e-10,5D.5S
6,4,4,0,13.228975,58,4.480453e-15,6G.4S
4,1,9,6,13.500000,47,1.539876e-15,4P.9I
4,2,9,7,13.500000,47,1.987361e-15,4D.9J
6,0,4,1,13.228975,58,7.930401e-16,6S.4P
5,1,5,1,13.061780,63,4.091213e-09,5P.5P
7,4,8,7,13.393320,50,1.822144e-11,7G.8J
7,1,3,0,13.328199,55,2.434846e-16,7P.3S
5,4,8,1,13.393320,50,5.622968e-12,5G.8P
9,5,1,0,13.500000,47,8.521261e-20,9H.1S
6,2,9,1,13.500000,47,2.375480e-14,6D.9P
4,0,2,0,12.755506,70,1.061867e-16,4S.2S
6,1,9,0,13.500000,47,1.760538e-14,6P.9S
5,0,8,0,13.393320,50,1.458947e-12,5S.8S
7,2,3,1,13.328199,55,2.945898e-16,7D.3P
10,9,8,6,13.500000,47,3.982002e-13,:L.8I
8,4,6,3,13.393320,50,5.796586e-14,8G.6F
6,5,9,3,13.500000,47,4.161220e-14,6H.9F
7,2,6,3,13.328199,55,2.445487e-14,7D.6F
9,8,9,3,13.500000,47,1.167718e-12,9K.9F
10,5,8,3,13.500000,47,1.126274e-13,:H.8F
8,2,8,7,13.393320,50,3.167120e-10,8D.8J
10,0,5,1,13.500000,47,2.423645e-16,:S.5P
7,5,6,1,13.328199,55,4.822087e-14,7H.6P
9,1,4,1,13.500000,47,3.046708e-16,9P.4P
9,2,4,0,13.500000,47,3.886793e-16,9D.4S
10,4,5,0,13.500000,47,1.222043e-15,:G.5S
8,1,8,6,13.393320,50,1.022103e-10,8P.8I
8,4,3,1,13.393320,50,1.371299e-16,8G.3P
10,1,8,0,13.500000,47,1.598682e-13,:P.8S
9,0,9,0,13.500000,47,1.284210e-11,9S.9S
9,4,9,1,13.500000,47,1.243886e-12,9G.9P
10,2,8,1,13.500000,47,1.693051e-13,:D.8P
8,0,3,0,13.393320,50,3.693573e-17,8S.3S
10,2,2,1,13.500000,47,6.885896e-18,:D.2P
8,0,9,0,13.500000,47,1.975320e-13,8S.9S
9,4,3,1,13.500000,47,1.224284e-16,9G.3P
9,0,3,0,13.500000,47,2.973901e-17,9S.3S
8,4,9,1,13.500000,47,9.739384e-14,8G.9P
10,1,2,0,13.500000,47,5.116117e-18,:P.2S
10,4,9,7,13.500000,47,7.686777e-14,:G.9J
8,1,4,1,13.393320,50,4.584063e-16,8P.4P
6,5,6,1,13.228975,58,1.175839e-10,6H.6P
9,2,8,7,13.500000,47,2.639547e-14,9D.8J
9,1,8,6,13.500000,47,1.973919e-14,9P.8I
8,2,4,0,13.393320,50,6.852292e-16,8D.4S
10,0,9,6,13.500000,47,6.384645e-15,:S.9I
5,4,7,3,13.328199,55,1.770899e-11,5G.7F
6,2,6,3,13.228975,58,4.035208e-08,6D.6F
7,5,9,3,13.500000,47,6.967104e-14,7H.9F
10,9,4,1,13.500000,47,2.814284e-16,:L.4P
9,4,6,3,13.500000,47,1.662248e-14,9G.6F
10,2,7,3,13.500000,47,6.650672e-15,:D.7F
5,0,2,0,13.061780,63,4.253630e-17,5S.2S
7,2,9,1,13.500000,47,4.119216e-14,7D.9P
8,5,1,0,13.393320,50,1.062707e-19,8H.1S
6,1,3,0,13.228975,58,4.567262e-16,6P.3S
6,2,3,1,13.228975,58,5.177723e-16,6D.3P
4,0,8,0,13.393320,50,3.951199e-13,4S.8S
7,1,9,0,13.500000,47,3.861590e-14,7P.9S
5,4,2,1,13.061780,63,7.664374e-17,5G.2P
5,1,9,6,13.500000,47,4.063211e-15,5P.9I
7,4,4,0,13.328199,55,1.830825e-15,7G.4S
4,2,5,0,13.061780,63,4.878093e-12,4D.5S
6,0,8,6,13.393320,50,1.009222e-12,6S.8I
9,8,6,1,13.500000,47,1.239965e-14,9K.6P
6,4,8,7,13.393320,50,1.220363e-11,6G.8J
4,1,5,1,13.061780,63,2.962699e-12,4P.5P
10,5,7,1,13.500000,47,1.225684e-14,:H.7P
7,0,4,1,13.328199,55,3.937198e-16,7S.4P
5,2,9,7,13.500000,47,6.197026e-15,5D.9J
8,4,6,0,13.393320,50,1.212523e-14,8G.6S
8,0,6,1,13.393320,50,4.796885e-15,8S.6P
9,1,1,0,13.500000,47,2.414124e-19,9P.1S
7,5,3,0,13.328199,55,1.947597e-16,7H.3S
6,5,9,0,13.500000,47,3.923196e-14,6H.9S
9,2,7,6,13.500000,47,9.786989e-15,9D.7I
5,2,5,3,13.061780,63,1.174439e-08,5D.5F
6,4,4,3,13.228975,58,6.502257e-15,6G.4F
6,1,9,3,13.500000,47,1.252007e-14,6P.9F
5,0,8,3,13.393320,50,5.032109e-13,5S.8F
9,2,4,3,13.500000,47,4.348839e-16,9D.4F
10,4,5,3,13.500000,47,1.448306e-15,:G.5F
10,1,8,3,13.500000,47,1.459507e-14,:P.8F
9,0,9,3,13.500000,47,3.248328e-13,9S.9F
4,0,7,1,13.328199,55,1.336575e-12,4S.7P
9,5,4,1,13.500000,47,6.586266e-16,9H.4P
7,1,6,1,13.328199,55,5.219727e-14,7P.6P
10,8,5,1,13.500000,47,1.905033e-15,:K.5P
7,2,6,0,13.328199,55,2.059328e-13,7D.6S
8,5,8,6,13.393320,50,7.361944e-07,8H.8I
9,8,9,0,13.500000,47,1.197401e-12,9K.9S
6,4,7,6,13.328199,55,3.309934e-11,6G.7I
10,5,8,0,13.500000,47,3.480752e-14,:H.8S
6,0,1,0,13.228975,58,2.725515e-19,6S.1S
5,1,9,4,13.500000,47,5.975804e-15,5P.9G
6,0,8,4,13.393320,50,1.160997e-12,6S.8G
4,2,3,2,12.755506,70,4.245229e-15,4D.3D
6,4,8,2,13.393320,50,6.393046e-12,6G.8D
5,2,9,2,13.500000,47,1.022103e-14,5D.9D
5,0,4,2,13.061780,63,1.910913e-15,5S.4D
8,5,7,2,13.393320,50,2.136616e-13,8H.7D
6,1,5,2,13.228975,58,1.014823e-14,6P.5D
6,2,5,4,13.228975,58,1.327614e-14,6D.5G
9,4,6,5,13.500000,47,7.779186e-15,9G.6H
10,2,7,5,13.500000,47,6.065413e-15,:D.7H
7,5,9,5,13.500000,47,7.109918e-14,7H.9H
5,4,7,5,13.328199,55,2.390602e-11,5G.7H
6,2,6,5,13.228975,58,4.771682e-11,6D.6H
10,4,9,2,13.500000,47,2.688552e-12,:G.9D
9,2,8,2,13.500000,47,2.954299e-13,9D.8D
9,1,8,4,13.500000,47,2.037766e-14,9P.8G
10,0,9,4,13.500000,47,1.366538e-14,:S.9G
9,4,5,4,13.500000,47,2.673990e-15,9G.5G
9,0,5,2,13.500000,47,2.987902e-16,9S.5D
10,1,4,2,13.500000,47,1.660288e-16,:P.4D
6,4,7,4,13.328199,55,2.664189e-11,6G.7G
5,2,6,4,13.228975,58,8.672476e-13,5D.6G
5,1,6,2,13.228975,58,6.541461e-13,5P.6D
6,0,7,2,13.328199,55,5.118917e-12,6S.7D
8,5,8,4,13.393320,50,1.196561e-06,8H.8G
9,4,9,8,13.500000,47,6.253032e-13,9G.9K
10,1,8,5,13.500000,47,8.596869e-15,:P.8H
9,0,9,5,13.500000,47,6.507858e-14,9S.9H
6,1,9,5,13.500000,47,1.099391e-14,6P.9H
5,0,8,5,13.393320,50,6.208227e-13,5S.8H
6,2,9,8,13.500000,47,1.451107e-14,6D.9K
9,1,7,2,13.500000,47,1.381100e-14,9P.7D
7,5,5,2,13.328199,55,9.330543e-15,7H.5D
10,0,6,2,13.500000,47,5.732179e-16,:S.6D
10,4,6,4,13.500000,47,4.250830e-15,:G.6G
9,2,7,4,13.500000,47,1.166878e-14,9D.7G
