idx,n_i,l_i,l_i_char,n_f,l_f,l_f_char,omega_i,omega_f,dE_eV,E_max_eV,n_raw_points
0,1,0,S,2,0,S,2,2,10.20435,968.61,96
1,1,0,S,2,1,P,2,6,10.20435,968.61,96
2,1,0,S,3,0,S,2,2,12.094044444444444,968.61,78
3,1,0,S,3,1,P,2,6,12.094044444444444,968.61,78
4,1,0,S,3,2,D,2,10,12.094044444444444,968.61,78
5,1,0,S,4,0,S,2,2,12.755437500000001,968.61,70
6,1,0,S,4,1,P,2,6,12.755437500000001,968.61,70
7,1,0,S,4,2,D,2,10,12.755437500000001,968.61,70
8,1,0,S,4,3,F,2,14,12.755437500000001,968.61,70
9,1,0,S,5,0,S,2,2,13.061568,968.61,63
10,1,0,S,5,1,P,2,6,13.061568,968.61,63
11,1,0,S,5,2,D,2,10,13.061568,968.61,63
12,1,0,S,5,3,F,2,14,13.061568,968.61,63
13,1,0,S,5,4,G,2,18,13.061568,968.61,63
14,1,0,S,6,0,S,2,2,13.22786111111111,968.61,58
15,1,0,S,6,1,P,2,6,13.22786111111111,968.61,58
16,1,0,S,6,2,D,2,10,13.22786111111111,968.61,58
17,1,0,S,6,3,F,2,14,13.22786111111111,968.61,58
18,1,0,S,6,4,G,2,18,13.22786111111111,968.61,58
19,1,0,S,6,5,H,2,22,13.22786111111111,968.61,58
20,1,0,S,7,0,S,2,2,13.328130612244898,968.61,55
21,1,0,S,7,1,P,2,6,13.328130612244898,968.61,55
22,1,0,S,7,2,D,2,10,13.328130612244898,968.61,55
23,1,0,S,7,3,F,2,14,13.328130612244898,968.61,55
24,1,0,S,7,4,G,2,18,13.328130612244898,968.61,55
25,1,0,S,7,5,H,2,22,13.328130612244898,968.61,55
26,1,0,S,7,6,I,2,26,13.328130612244898,968.61,55
27,1,0,S,8,0,S,2,2,13.393209375,968.61,50
28,1,0,S,8,1,P,2,6,13.393209375,968.61,50
29,1,0,S,8,2,D,2,10,13.393209375,968.61,50
30,1,0,S,8,3,F,2,14,13.393209375,968.61,50
31,1,0,S,8,4,G,2,18,13.393209375,968.61,50
32,1,0,S,8,5,H,2,22,13.393209375,968.61,50
33,1,0,S,8,6,I,2,26,13.393209375,968.61,50
34,1,0,S,8,7,J,2,30,13.393209375,968.61,50
35,1,0,S,9,0,S,2,2,13.437827160493827,968.61,47
36,1,0,S,9,1,P,2,6,13.437827160493827,968.61,47
37,1,0,S,9,2,D,2,10,13.437827160493827,968.61,47
38,1,0,S,9,3,F,2,14,13.437827160493827,968.61,47
39,1,0,S,9,4,G,2,18,13.437827160493827,968.61,47
40,1,0,S,9,5,H,2,22,13.437827160493827,968.61,47
41,1,0,S,9,6,I,2,26,13.437827160493827,968.61,47
42,1,0,S,9,7,J,2,30,13.437827160493827,968.61,47
43,1,0,S,9,8,K,2,34,13.437827160493827,968.61,47
44,2,0,S,3,0,S,2,2,1.8896944444444446,958.4,78
45,2,0,S,3,1,P,2,6,1.8896944444444446,958.4,78
46,2,0,S,3,2,D,2,10,1.8896944444444446,958.4,78
47,2,0,S,4,0,S,2,2,2.5510875,958.4,70
48,2,0,S,4,1,P,2,6,2.5510875,958.4,70
49,2,0,S,4,2,D,2,10,2.5510875,958.4,70
50,2,0,S,4,3,F,2,14,2.5510875,958.4,70
51,2,0,S,5,0,S,2,2,2.857218,958.4,63
52,2,0,S,5,1,P,2,6,2.857218,958.4,63
53,2,0,S,5,2,D,2,10,2.857218,958.4,63
54,2,0,S,5,3,F,2,14,2.857218,958.4,63
55,2,0,S,5,4,G,2,18,2.857218,958.4,63
56,2,0,S,6,0,S,2,2,3.023511111111111,958.4,58
57,2,0,S,6,1,P,2,6,3.023511111111111,958.4,58
58,2,0,S,6,2,D,2,10,3.023511111111111,958.4,58
59,2,0,S,6,3,F,2,14,3.023511111111111,958.4,58
60,2,0,S,6,4,G,2,18,3.023511111111111,958.4,58
61,2,0,S,6,5,H,2,22,3.023511111111111,958.4,58
62,2,0,S,7,0,S,2,2,3.123780612244898,958.4,55
63,2,0,S,7,1,P,2,6,3.123780612244898,958.4,55
64,2,0,S,7,2,D,2,10,3.123780612244898,958.4,55
65,2,0,S,7,3,F,2,14,3.123780612244898,958.4,55
66,2,0,S,7,4,G,2,18,3.123780612244898,958.4,55
67,2,0,S,7,5,H,2,22,3.123780612244898,958.4,55
68,2,0,S,7,6,I,2,26,3.123780612244898,958.4,55
69,2,0,S,8,0,S,2,2,3.1888593750000003,958.4,50
70,2,0,S,8,1,P,2,6,3.1888593750000003,958.4,50
71,2,0,S,8,2,D,2,10,3.1888593750000003,958.4,50
72,2,0,S,8,3,F,2,14,3.1888593750000003,958.4,50
73,2,0,S,8,4,G,2,18,3.1888593750000003,958.4,50
74,2,0,S,8,5,H,2,22,3.1888593750000003,958.4,50
75,2,0,S,8,6,I,2,26,3.1888593750000003,958.4,50
76,2,0,S,8,7,J,2,30,3.1888593750000003,958.4,50
77,2,0,S,9,0,S,2,2,3.2334771604938273,958.4,47
78,2,0,S,9,1,P,2,6,3.2334771604938273,958.4,47
79,2,0,S,9,2,D,2,10,3.2334771604938273,958.4,47
80,2,0,S,9,3,F,2,14,3.2334771604938273,958.4,47
81,2,0,S,9,4,G,2,18,3.2334771604938273,958.4,47
82,2,0,S,9,5,H,2,22,3.2334771604938273,958.4,47
83,2,0,S,9,6,I,2,26,3.2334771604938273,958.4,47
84,2,0,S,9,7,J,2,30,3.2334771604938273,958.4,47
85,2,0,S,9,8,K,2,34,3.2334771604938273,958.4,47
86,2,1,P,3,0,S,6,2,1.8896944444444446,958.4,78
87,2,1,P,3,1,P,6,6,1.8896944444444446,958.4,78
88,2,1,P,3,2,D,6,10,1.8896944444444446,958.4,78
89,2,1,P,4,0,S,6,2,2.5510875,958.4,70
90,2,1,P,4,1,P,6,6,2.5510875,958.4,70
91,2,1,P,4,2,D,6,10,2.5510875,958.4,70
92,2,1,P,4,3,F,6,14,2.5510875,958.4,70
93,2,1,P,5,0,S,6,2,2.857218,958.4,63
94,2,1,P,5,1,P,6,6,2.857218,958.4,63
95,2,1,P,5,2,D,6,10,2.857218,958.4,63
96,2,1,P,5,3,F,6,14,2.857218,958.4,63
97,2,1,P,5,4,G,6,18,2.857218,958.4,63
98,2,1,P,6,0,S,6,2,3.023511111111111,958.4,58
99,2,1,P,6,1,P,6,6,3.023511111111111,958.4,58
100,2,1,P,6,2,D,6,10,3.023511111111111,958.4,58
101,2,1,P,6,3,F,6,14,3.023511111111111,958.4,58
102,2,1,P,6,4,G,6,18,3.023511111111111,958.4,58
103,2,1,P,6,5,H,6,22,3.023511111111111,958.4,58
104,2,1,P,7,0,S,6,2,3.123780612244898,958.4,55
105,2,1,P,7,1,P,6,6,3.123780612244898,958.4,55
106,2,1,P,7,2,D,6,10,3.123780612244898,958.4,55
107,2,1,P,7,3,F,6,14,3.123780612244898,958.4,55
108,2,1,P,7,4,G,6,18,3.123780612244898,958.4,55
109,2,1,P,7,5,H,6,22,3.123780612244898,958.4,55
110,2,1,P,7,6,I,6,26,3.123780612244898,958.4,55
111,2,1,P,8,0,S,6,2,3.1888593750000003,958.4,50
112,2,1,P,8,1,P,6,6,3.1888593750000003,958.4,50
113,2,1,P,8,2,D,6,10,3.1888593750000003,958.4,50
114,2,1,P,8,3,F,6,14,3.1888593750000003,958.4,50
115,2,1,P,8,4,G,6,18,3.1888593750000003,958.4,50
116,2,1,P,8,5,H,6,22,3.1888593750000003,958.4,50
117,2,1,P,8,6,I,6,26,3.1888593750000003,958.4,50
118,2,1,P,8,7,J,6,30,3.1888593750000003,958.4,50
119,2,1,P,9,0,S,6,2,3.2334771604938273,958.4,47
120,2,1,P,9,1,P,6,6,3.2334771604938273,958.4,47
121,2,1,P,9,2,D,6,10,3.2334771604938273,958.4,47
122,2,1,P,9,3,F,6,14,3.2334771604938273,958.4,47
123,2,1,P,9,4,G,6,18,3.2334771604938273,958.4,47
124,2,1,P,9,5,H,6,22,3.2334771604938273,958.4,47
125,2,1,P,9,6,I,6,26,3.2334771604938273,958.4,47
126,2,1,P,9,7,J,6,30,3.2334771604938273,958.4,47
127,2,1,P,9,8,K,6,34,3.2334771604938273,958.4,47
128,3,0,S,4,0,S,2,2,0.6613930555555555,956.51,70
129,3,0,S,4,1,P,2,6,0.6613930555555555,956.51,70
130,3,0,S,4,2,D,2,10,0.6613930555555555,956.51,70
131,3,0,S,4,3,F,2,14,0.6613930555555555,956.51,70
132,3,0,S,5,0,S,2,2,0.9675235555555554,956.51,63
133,3,0,S,5,1,P,2,6,0.9675235555555554,956.51,63
134,3,0,S,5,2,D,2,10,0.9675235555555554,956.51,63
135,3,0,S,5,3,F,2,14,0.9675235555555554,956.51,63
136,3,0,S,5,4,G,2,18,0.9675235555555554,956.51,63
137,3,0,S,6,0,S,2,2,1.1338166666666667,956.51,58
138,3,0,S,6,1,P,2,6,1.1338166666666667,956.51,58
139,3,0,S,6,2,D,2,10,1.1338166666666667,956.51,58
140,3,0,S,6,3,F,2,14,1.1338166666666667,956.51,58
141,3,0,S,6,4,G,2,18,1.1338166666666667,956.51,58
142,3,0,S,6,5,H,2,22,1.1338166666666667,956.51,58
143,3,0,S,7,0,S,2,2,1.2340861678004535,956.51,55
144,3,0,S,7,1,P,2,6,1.2340861678004535,956.51,55
145,3,0,S,7,2,D,2,10,1.2340861678004535,956.51,55
146,3,0,S,7,3,F,2,14,1.2340861678004535,956.51,55
147,3,0,S,7,4,G,2,18,1.2340861678004535,956.51,55
148,3,0,S,7,5,H,2,22,1.2340861678004535,956.51,55
149,3,0,S,7,6,I,2,26,1.2340861678004535,956.51,55
150,3,0,S,8,0,S,2,2,1.2991649305555555,956.51,50
151,3,0,S,8,1,P,2,6,1.2991649305555555,956.51,50
152,3,0,S,8,2,D,2,10,1.2991649305555555,956.51,50
153,3,0,S,8,3,F,2,14,1.2991649305555555,956.51,50
154,3,0,S,8,4,G,2,18,1.2991649305555555,956.51,50
155,3,0,S,8,5,H,2,22,1.2991649305555555,956.51,50
156,3,0,S,8,6,I,2,26,1.2991649305555555,956.51,50
157,3,0,S,8,7,J,2,30,1.2991649305555555,956.51,50
158,3,0,S,9,0,S,2,2,1.3437827160493827,956.51,47
159,3,0,S,9,1,P,2,6,1.3437827160493827,956.51,47
160,3,0,S,9,2,D,2,10,1.3437827160493827,956.51,47
161,3,0,S,9,3,F,2,14,1.3437827160493827,956.51,47
162,3,0,S,9,4,G,2,18,1.3437827160493827,956.51,47
163,3,0,S,9,5,H,2,22,1.3437827160493827,956.51,47
164,3,0,S,9,6,I,2,26,1.3437827160493827,956.51,47
165,3,0,S,9,7,J,2,30,1.3437827160493827,956.51,47
166,3,0,S,9,8,K,2,34,1.3437827160493827,956.51,47
167,3,1,P,4,0,S,6,2,0.6613930555555555,956.51,70
168,3,1,P,4,1,P,6,6,0.6613930555555555,956.51,70
169,3,1,P,4,2,D,6,10,0.6613930555555555,956.51,70
170,3,1,P,4,3,F,6,14,0.6613930555555555,956.51,70
171,3,1,P,5,0,S,6,2,0.9675235555555554,956.51,63
172,3,1,P,5,1,P,6,6,0.9675235555555554,956.51,63
173,3,1,P,5,2,D,6,10,0.9675235555555554,956.51,63
174,3,1,P,5,3,F,6,14,0.9675235555555554,956.51,63
175,3,1,P,5,4,G,6,18,0.9675235555555554,956.51,63
176,3,1,P,6,0,S,6,2,1.1338166666666667,956.51,58
177,3,1,P,6,1,P,6,6,1.1338166666666667,956.51,58
178,3,1,P,6,2,D,6,10,1.1338166666666667,956.51,58
179,3,1,P,6,3,F,6,14,1.1338166666666667,956.51,58
180,3,1,P,6,4,G,6,18,1.1338166666666667,956.51,58
181,3,1,P,6,5,H,6,22,1.1338166666666667,956.51,58
182,3,1,P,7,0,S,6,2,1.2340861678004535,956.51,55
183,3,1,P,7,1,P,6,6,1.2340861678004535,956.51,55
184,3,1,P,7,2,D,6,10,1.2340861678004535,956.51,55
185,3,1,P,7,3,F,6,14,1.2340861678004535,956.51,55
186,3,1,P,7,4,G,6,18,1.2340861678004535,956.51,55
187,3,1,P,7,5,H,6,22,1.2340861678004535,956.51,55
188,3,1,P,7,6,I,6,26,1.2340861678004535,956.51,55
189,3,1,P,8,0,S,6,2,1.2991649305555555,956.51,50
190,3,1,P,8,1,P,6,6,1.2991649305555555,956.51,50
191,3,1,P,8,2,D,6,10,1.2991649305555555,956.51,50
192,3,1,P,8,3,F,6,14,1.2991649305555555,956.51,50
193,3,1,P,8,4,G,6,18,1.2991649305555555,956.51,50
194,3,1,P,8,5,H,6,22,1.2991649305555555,956.51,50
195,3,1,P,8,6,I,6,26,1.2991649305555555,956.51,50
196,3,1,P,8,7,J,6,30,1.2991649305555555,956.51,50
197,3,1,P,9,0,S,6,2,1.3437827160493827,956.51,47
198,3,1,P,9,1,P,6,6,1.3437827160493827,956.51,47
199,3,1,P,9,2,D,6,10,1.3437827160493827,956.51,47
200,3,1,P,9,3,F,6,14,1.3437827160493827,956.51,47
201,3,1,P,9,4,G,6,18,1.3437827160493827,956.51,47
202,3,1,P,9,5,H,6,22,1.3437827160493827,956.51,47
203,3,1,P,9,6,I,6,26,1.3437827160493827,956.51,47
204,3,1,P,9,7,J,6,30,1.3437827160493827,956.51,47
205,3,1,P,9,8,K,6,34,1.3437827160493827,956.51,47
206,3,2,D,4,0,S,10,2,0.6613930555555555,956.51,70
207,3,2,D,4,1,P,10,6,0.6613930555555555,956.51,70
208,3,2,D,4,2,D,10,10,0.6613930555555555,956.51,70
209,3,2,D,4,3,F,10,14,0.6613930555555555,956.51,70
210,3,2,D,5,0,S,10,2,0.9675235555555554,956.51,63
211,3,2,D,5,1,P,10,6,0.9675235555555554,956.51,63
212,3,2,D,5,2,D,10,10,0.9675235555555554,956.51,63
213,3,2,D,5,3,F,10,14,0.9675235555555554,956.51,63
214,3,2,D,5,4,G,10,18,0.9675235555555554,956.51,63
215,3,2,D,6,0,S,10,2,1.1338166666666667,956.51,58
216,3,2,D,6,1,P,10,6,1.1338166666666667,956.51,58
217,3,2,D,6,2,D,10,10,1.1338166666666667,956.51,58
218,3,2,D,6,3,F,10,14,1.1338166666666667,956.51,58
219,3,2,D,6,4,G,10,18,1.1338166666666667,956.51,58
220,3,2,D,6,5,H,10,22,1.1338166666666667,956.51,58
221,3,2,D,7,0,S,10,2,1.2340861678004535,956.51,55
222,3,2,D,7,1,P,10,6,1.2340861678004535,956.51,55
223,3,2,D,7,2,D,10,10,1.2340861678004535,956.51,55
224,3,2,D,7,3,F,10,14,1.2340861678004535,956.51,55
225,3,2,D,7,4,G,10,18,1.2340861678004535,956.51,55
226,3,2,D,7,5,H,10,22,1.2340861678004535,956.51,55
227,3,2,D,7,6,I,10,26,1.2340861678004535,956.51,55
228,3,2,D,8,0,S,10,2,1.2991649305555555,956.51,50
229,3,2,D,8,1,P,10,6,1.2991649305555555,956.51,50
230,3,2,D,8,2,D,10,10,1.2991649305555555,956.51,50
231,3,2,D,8,3,F,10,14,1.2991649305555555,956.51,50
232,3,2,D,8,4,G,10,18,1.2991649305555555,956.51,50
233,3,2,D,8,5,H,10,22,1.2991649305555555,956.51,50
234,3,2,D,8,6,I,10,26,1.2991649305555555,956.51,50
235,3,2,D,8,7,J,10,30,1.2991649305555555,956.51,50
236,3,2,D,9,0,S,10,2,1.3437827160493827,956.51,47
237,3,2,D,9,1,P,10,6,1.3437827160493827,956.51,47
238,3,2,D,9,2,D,10,10,1.3437827160493827,956.51,47
239,3,2,D,9,3,F,10,14,1.3437827160493827,956.51,47
240,3,2,D,9,4,G,10,18,1.3437827160493827,956.51,47
241,3,2,D,9,5,H,10,22,1.3437827160493827,956.51,47
242,3,2,D,9,6,I,10,26,1.3437827160493827,956.51,47
243,3,2,D,9,7,J,10,30,1.3437827160493827,956.51,47
244,3,2,D,9,8,K,10,34,1.3437827160493827,956.51,47
245,4,0,S,5,0,S,2,2,0.30613049999999997,955.85,63
246,4,0,S,5,1,P,2,6,0.30613049999999997,955.85,63
247,4,0,S,5,2,D,2,10,0.30613049999999997,955.85,63
248,4,0,S,5,3,F,2,14,0.30613049999999997,955.85,63
249,4,0,S,5,4,G,2,18,0.30613049999999997,955.85,63
250,4,0,S,6,0,S,2,2,0.47242361111111114,955.85,58
251,4,0,S,6,1,P,2,6,0.47242361111111114,955.85,58
252,4,0,S,6,2,D,2,10,0.47242361111111114,955.85,58
253,4,0,S,6,3,F,2,14,0.47242361111111114,955.85,58
254,4,0,S,6,4,G,2,18,0.47242361111111114,955.85,58
255,4,0,S,6,5,H,2,22,0.47242361111111114,955.85,58
256,4,0,S,7,0,S,2,2,0.572693112244898,955.85,55
257,4,0,S,7,1,P,2,6,0.572693112244898,955.85,55
258,4,0,S,7,2,D,2,10,0.572693112244898,955.85,55
259,4,0,S,7,3,F,2,14,0.572693112244898,955.85,55
260,4,0,S,7,4,G,2,18,0.572693112244898,955.85,55
261,4,0,S,7,5,H,2,22,0.572693112244898,955.85,55
262,4,0,S,7,6,I,2,26,0.572693112244898,955.85,55
263,4,0,S,8,0,S,2,2,0.637771875,955.85,50
264,4,0,S,8,1,P,2,6,0.637771875,955.85,50
265,4,0,S,8,2,D,2,10,0.637771875,955.85,50
266,4,0,S,8,3,F,2,14,0.637771875,955.85,50
267,4,0,S,8,4,G,2,18,0.637771875,955.85,50
268,4,0,S,8,5,H,2,22,0.637771875,955.85,50
269,4,0,S,8,6,I,2,26,0.637771875,955.85,50
270,4,0,S,8,7,J,2,30,0.637771875,955.85,50
271,4,0,S,9,0,S,2,2,0.6823896604938272,955.85,47
272,4,0,S,9,1,P,2,6,0.6823896604938272,955.85,47
273,4,0,S,9,2,D,2,10,0.6823896604938272,955.85,47
274,4,0,S,9,3,F,2,14,0.6823896604938272,955.85,47
275,4,0,S,9,4,G,2,18,0.6823896604938272,955.85,47
276,4,0,S,9,5,H,2,22,0.6823896604938272,955.85,47
277,4,0,S,9,6,I,2,26,0.6823896604938272,955.85,47
278,4,0,S,9,7,J,2,30,0.6823896604938272,955.85,47
279,4,0,S,9,8,K,2,34,0.6823896604938272,955.85,47
280,4,1,P,5,0,S,6,2,0.30613049999999997,955.85,63
281,4,1,P,5,1,P,6,6,0.30613049999999997,955.85,63
282,4,1,P,5,2,D,6,10,0.30613049999999997,955.85,63
283,4,1,P,5,3,F,6,14,0.30613049999999997,955.85,63
284,4,1,P,5,4,G,6,18,0.30613049999999997,955.85,63
285,4,1,P,6,0,S,6,2,0.47242361111111114,955.85,58
286,4,1,P,6,1,P,6,6,0.47242361111111114,955.85,58
287,4,1,P,6,2,D,6,10,0.47242361111111114,955.85,58
288,4,1,P,6,3,F,6,14,0.47242361111111114,955.85,58
289,4,1,P,6,4,G,6,18,0.47242361111111114,955.85,58
290,4,1,P,6,5,H,6,22,0.47242361111111114,955.85,58
291,4,1,P,7,0,S,6,2,0.572693112244898,955.85,55
292,4,1,P,7,1,P,6,6,0.572693112244898,955.85,55
293,4,1,P,7,2,D,6,10,0.572693112244898,955.85,55
294,4,1,P,7,3,F,6,14,0.572693112244898,955.85,55
295,4,1,P,7,4,G,6,18,0.572693112244898,955.85,55
296,4,1,P,7,5,H,6,22,0.572693112244898,955.85,55
297,4,1,P,7,6,I,6,26,0.572693112244898,955.85,55
298,4,1,P,8,0,S,6,2,0.637771875,955.85,50
299,4,1,P,8,1,P,6,6,0.637771875,955.85,50
300,4,1,P,8,2,D,6,10,0.637771875,955.85,50
301,4,1,P,8,3,F,6,14,0.637771875,955.85,50
302,4,1,P,8,4,G,6,18,0.637771875,955.85,50
303,4,1,P,8,5,H,6,22,0.637771875,955.85,50
304,4,1,P,8,6,I,6,26,0.637771875,955.85,50
305,4,1,P,8,7,J,6,30,0.637771875,955.85,50
306,4,1,P,9,0,S,6,2,0.6823896604938272,955.85,47
307,4,1,P,9,1,P,6,6,0.6823896604938272,955.85,47
308,4,1,P,9,2,D,6,10,0.6823896604938272,955.85,47
309,4,1,P,9,3,F,6,14,0.6823896604938272,955.85,47
310,4,1,P,9,4,G,6,18,0.6823896604938272,955.85,47
311,4,1,P,9,5,H,6,22,0.6823896604938272,955.85,47
312,4,1,P,9,6,I,6,26,0.6823896604938272,955.85,47
313,4,1,P,9,7,J,6,30,0.6823896604938272,955.85,47
314,4,1,P,9,8,K,6,34,0.6823896604938272,955.85,47
315,4,2,D,5,0,S,10,2,0.30613049999999997,955.85,63
316,4,2,D,5,1,P,10,6,0.30613049999999997,955.85,63
317,4,2,D,5,2,D,10,10,0.30613049999999997,955.85,63
318,4,2,D,5,3,F,10,14,0.30613049999999997,955.85,63
319,4,2,D,5,4,G,10,18,0.30613049999999997,955.85,63
320,4,2,D,6,0,S,10,2,0.47242361111111114,955.85,58
321,4,2,D,6,1,P,10,6,0.47242361111111114,955.85,58
322,4,2,D,6,2,D,10,10,0.47242361111111114,955.85,58
323,4,2,D,6,3,F,10,14,0.47242361111111114,955.85,58
324,4,2,D,6,4,G,10,18,0.47242361111111114,955.85,58
325,4,2,D,6,5,H,10,22,0.47242361111111114,955.85,58
326,4,2,D,7,0,S,10,2,0.572693112244898,955.85,55
327,4,2,D,7,1,P,10,6,0.572693112244898,955.85,55
328,4,2,D,7,2,D,10,10,0.572693112244898,955.85,55
329,4,2,D,7,3,F,10,14,0.572693112244898,955.85,55
330,4,2,D,7,4,G,10,18,0.572693112244898,955.85,55
331,4,2,D,7,5,H,10,22,0.572693112244898,955.85,55
332,4,2,D,7,6,I,10,26,0.572693112244898,955.85,55
333,4,2,D,8,0,S,10,2,0.637771875,955.85,50
334,4,2,D,8,1,P,10,6,0.637771875,955.85,50
335,4,2,D,8,2,D,10,10,0.637771875,955.85,50
336,4,2,D,8,3,F,10,14,0.637771875,955.85,50
337,4,2,D,8,4,G,10,18,0.637771875,955.85,50
338,4,2,D,8,5,H,10,22,0.637771875,955.85,50
339,4,2,D,8,6,I,10,26,0.637771875,955.85,50
340,4,2,D,8,7,J,10,30,0.637771875,955.85,50
341,4,2,D,9,0,S,10,2,0.6823896604938272,955.85,47
342,4,2,D,9,1,P,10,6,0.6823896604938272,955.85,47
343,4,2,D,9,2,D,10,10,0.6823896604938272,955.85,47
344,4,2,D,9,3,F,10,14,0.6823896604938272,955.85,47
345,4,2,D,9,4,G,10,18,0.6823896604938272,955.85,47
346,4,2,D,9,5,H,10,22,0.6823896604938272,955.85,47
347,4,2,D,9,6,I,10,26,0.6823896604938272,955.85,47
348,4,2,D,9,7,J,10,30,0.6823896604938272,955.85,47
349,4,2,D,9,8,K,10,34,0.6823896604938272,955.85,47
350,4,3,F,5,0,S,14,2,0.30613049999999997,955.85,63
351,4,3,F,5,1,P,14,6,0.30613049999999997,955.85,63
352,4,3,F,5,2,D,14,10,0.30613049999999997,955.85,63
353,4,3,F,5,3,F,14,14,0.30613049999999997,955.85,63
354,4,3,F,5,4,G,14,18,0.30613049999999997,955.85,63
355,4,3,F,6,0,S,14,2,0.47242361111111114,955.85,58
356,4,3,F,6,1,P,14,6,0.47242361111111114,955.85,58
357,4,3,F,6,2,D,14,10,0.47242361111111114,955.85,58
358,4,3,F,6,3,F,14,14,0.47242361111111114,955.85,58
359,4,3,F,6,4,G,14,18,0.47242361111111114,955.85,58
360,4,3,F,6,5,H,14,22,0.47242361111111114,955.85,58
361,4,3,F,7,0,S,14,2,0.572693112244898,955.85,55
362,4,3,F,7,1,P,14,6,0.572693112244898,955.85,55
363,4,3,F,7,2,D,14,10,0.572693112244898,955.85,55
364,4,3,F,7,3,F,14,14,0.572693112244898,955.85,55
365,4,3,F,7,4,G,14,18,0.572693112244898,955.85,55
366,4,3,F,7,5,H,14,22,0.572693112244898,955.85,55
367,4,3,F,7,6,I,14,26,0.572693112244898,955.85,55
368,4,3,F,8,0,S,14,2,0.637771875,955.85,50
369,4,3,F,8,1,P,14,6,0.637771875,955.85,50
370,4,3,F,8,2,D,14,10,0.637771875,955.85,50
371,4,3,F,8,3,F,14,14,0.637771875,955.85,50
372,4,3,F,8,4,G,14,18,0.637771875,955.85,50
373,4,3,F,8,5,H,14,22,0.637771875,955.85,50
374,4,3,F,8,6,I,14,26,0.637771875,955.85,50
375,4,3,F,8,7,J,14,30,0.637771875,955.85,50
376,4,3,F,9,0,S,14,2,0.6823896604938272,955.85,47
377,4,3,F,9,1,P,14,6,0.6823896604938272,955.85,47
378,4,3,F,9,2,D,14,10,0.6823896604938272,955.85,47
379,4,3,F,9,3,F,14,14,0.6823896604938272,955.85,47
380,4,3,F,9,4,G,14,18,0.6823896604938272,955.85,47
381,4,3,F,9,5,H,14,22,0.6823896604938272,955.85,47
382,4,3,F,9,6,I,14,26,0.6823896604938272,955.85,47
383,4,3,F,9,7,J,14,30,0.6823896604938272,955.85,47
384,4,3,F,9,8,K,14,34,0.6823896604938272,955.85,47
385,5,0,S,6,0,S,2,2,0.16629311111111114,955.54,58
386,5,0,S,6,1,P,2,6,0.16629311111111114,955.54,58
387,5,0,S,6,2,D,2,10,0.16629311111111114,955.54,58
388,5,0,S,6,3,F,2,14,0.16629311111111114,955.54,58
389,5,0,S,6,4,G,2,18,0.16629311111111114,955.54,58
390,5,0,S,6,5,H,2,22,0.16629311111111114,955.54,58
391,5,0,S,7,0,S,2,2,0.266562612244898,955.54,55
392,5,0,S,7,1,P,2,6,0.266562612244898,955.54,55
393,5,0,S,7,2,D,2,10,0.266562612244898,955.54,55
394,5,0,S,7,3,F,2,14,0.266562612244898,955.54,55
395,5,0,S,7,4,G,2,18,0.266562612244898,955.54,55
396,5,0,S,7,5,H,2,22,0.266562612244898,955.54,55
397,5,0,S,7,6,I,2,26,0.266562612244898,955.54,55
398,5,0,S,8,0,S,2,2,0.331641375,955.54,50
399,5,0,S,8,1,P,2,6,0.331641375,955.54,50
400,5,0,S,8,2,D,2,10,0.331641375,955.54,50
401,5,0,S,8,3,F,2,14,0.331641375,955.54,50
402,5,0,S,8,4,G,2,18,0.331641375,955.54,50
403,5,0,S,8,5,H,2,22,0.331641375,955.54,50
404,5,0,S,8,6,I,2,26,0.331641375,955.54,50
405,5,0,S,8,7,J,2,30,0.331641375,955.54,50
406,5,0,S,9,0,S,2,2,0.3762591604938272,955.54,47
407,5,0,S,9,1,P,2,6,0.3762591604938272,955.54,47
408,5,0,S,9,2,D,2,10,0.3762591604938272,955.54,47
409,5,0,S,9,3,F,2,14,0.3762591604938272,955.54,47
410,5,0,S,9,4,G,2,18,0.3762591604938272,955.54,47
411,5,0,S,9,5,H,2,22,0.3762591604938272,955.54,47
412,5,0,S,9,6,I,2,26,0.3762591604938272,955.54,47
413,5,0,S,9,7,J,2,30,0.3762591604938272,955.54,47
414,5,0,S,9,8,K,2,34,0.3762591604938272,955.54,47
415,5,1,P,6,0,S,6,2,0.16629311111111114,955.54,58
416,5,1,P,6,1,P,6,6,0.16629311111111114,955.54,58
417,5,1,P,6,2,D,6,10,0.16629311111111114,955.54,58
418,5,1,P,6,3,F,6,14,0.16629311111111114,955.54,58
419,5,1,P,6,4,G,6,18,0.16629311111111114,955.54,58
420,5,1,P,6,5,H,6,22,0.16629311111111114,955.54,58
421,5,1,P,7,0,S,6,2,0.266562612244898,955.54,55
422,5,1,P,7,1,P,6,6,0.266562612244898,955.54,55
423,5,1,P,7,2,D,6,10,0.266562612244898,955.54,55
424,5,1,P,7,3,F,6,14,0.266562612244898,955.54,55
425,5,1,P,7,4,G,6,18,0.266562612244898,955.54,55
426,5,1,P,7,5,H,6,22,0.266562612244898,955.54,55
427,5,1,P,7,6,I,6,26,0.266562612244898,955.54,55
428,5,1,P,8,0,S,6,2,0.331641375,955.54,50
429,5,1,P,8,1,P,6,6,0.331641375,955.54,50
430,5,1,P,8,2,D,6,10,0.331641375,955.54,50
431,5,1,P,8,3,F,6,14,0.331641375,955.54,50
432,5,1,P,8,4,G,6,18,0.331641375,955.54,50
433,5,1,P,8,5,H,6,22,0.331641375,955.54,50
434,5,1,P,8,6,I,6,26,0.331641375,955.54,50
435,5,1,P,8,7,J,6,30,0.331641375,955.54,50
436,5,1,P,9,0,S,6,2,0.3762591604938272,955.54,47
437,5,1,P,9,1,P,6,6,0.3762591604938272,955.54,47
438,5,1,P,9,2,D,6,10,0.3762591604938272,955.54,47
439,5,1,P,9,3,F,6,14,0.3762591604938272,955.54,47
440,5,1,P,9,4,G,6,18,0.3762591604938272,955.54,47
441,5,1,P,9,5,H,6,22,0.3762591604938272,955.54,47
442,5,1,P,9,6,I,6,26,0.3762591604938272,955.54,47
443,5,1,P,9,7,J,6,30,0.3762591604938272,955.54,47
444,5,1,P,9,8,K,6,34,0.3762591604938272,955.54,47
445,5,2,D,6,0,S,10,2,0.16629311111111114,955.54,58
446,5,2,D,6,1,P,10,6,0.16629311111111114,955.54,58
447,5,2,D,6,2,D,10,10,0.16629311111111114,955.54,58
448,5,2,D,6,3,F,10,14,0.16629311111111114,955.54,58
449,5,2,D,6,4,G,10,18,0.16629311111111114,955.54,58
450,5,2,D,6,5,H,10,22,0.16629311111111114,955.54,58
451,5,2,D,7,0,S,10,2,0.266562612244898,955.54,55
452,5,2,D,7,1,P,10,6,0.266562612244898,955.54,55
453,5,2,D,7,2,D,10,10,0.266562612244898,955.54,55
454,5,2,D,7,3,F,10,14,0.266562612244898,955.54,55
455,5,2,D,7,4,G,10,18,0.266562612244898,955.54,55
456,5,2,D,7,5,H,10,22,0.266562612244898,955.54,55
457,5,2,D,7,6,I,10,26,0.266562612244898,955.54,55
458,5,2,D,8,0,S,10,2,0.331641375,955.54,50
459,5,2,D,8,1,P,10,6,0.331641375,955.54,50
460,5,2,D,8,2,D,10,10,0.331641375,955.54,50
461,5,2,D,8,3,F,10,14,0.331641375,955.54,50
462,5,2,D,8,4,G,10,18,0.331641375,955.54,50
463,5,2,D,8,5,H,10,22,0.331641375,955.54,50
464,5,2,D,8,6,I,10,26,0.331641375,955.54,50
465,5,2,D,8,7,J,10,30,0.331641375,955.54,50
466,5,2,D,9,0,S,10,2,0.3762591604938272,955.54,47
467,5,2,D,9,1,P,10,6,0.3762591604938272,955.54,47
468,5,2,D,9,2,D,10,10,0.3762591604938272,955.54,47
469,5,2,D,9,3,F,10,14,0.3762591604938272,955.54,47
470,5,2,D,9,4,G,10,18,0.3762591604938272,955.54,47
471,5,2,D,9,5,H,10,22,0.3762591604938272,955.54,47
472,5,2,D,9,6,I,10,26,0.3762591604938272,955.54,47
473,5,2,D,9,7,J,10,30,0.3762591604938272,955.54,47
474,5,2,D,9,8,K,10,34,0.3762591604938272,955.54,47
475,5,3,F,6,0,S,14,2,0.16629311111111114,955.54,58
476,5,3,F,6,1,P,14,6,0.16629311111111114,955.54,58
477,5,3,F,6,2,D,14,10,0.16629311111111114,955.54,58
478,5,3,F,6,3,F,14,14,0.16629311111111114,955.54,58
479,5,3,F,6,4,G,14,18,0.16629311111111114,955.54,58
480,5,3,F,6,5,H,14,22,0.16629311111111114,955.54,58
481,5,3,F,7,0,S,14,2,0.266562612244898,955.54,55
482,5,3,F,7,1,P,14,6,0.266562612244898,955.54,55
483,5,3,F,7,2,D,14,10,0.266562612244898,955.54,55
484,5,3,F,7,3,F,14,14,0.266562612244898,955.54,55
485,5,3,F,7,4,G,14,18,0.266562612244898,955.54,55
486,5,3,F,7,5,H,14,22,0.266562612244898,955.54,55
487,5,3,F,7,6,I,14,26,0.266562612244898,955.54,55
488,5,3,F,8,0,S,14,2,0.331641375,955.54,50
489,5,3,F,8,1,P,14,6,0.331641375,955.54,50
490,5,3,F,8,2,D,14,10,0.331641375,955.54,50
491,5,3,F,8,3,F,14,14,0.331641375,955.54,50
492,5,3,F,8,4,G,14,18,0.331641375,955.54,50
493,5,3,F,8,5,H,14,22,0.331641375,955.54,50
494,5,3,F,8,6,I,14,26,0.331641375,955.54,50
495,5,3,F,8,7,J,14,30,0.331641375,955.54,50
496,5,3,F,9,0,S,14,2,0.3762591604938272,955.54,47
497,5,3,F,9,1,P,14,6,0.3762591604938272,955.54,47
498,5,3,F,9,2,D,14,10,0.3762591604938272,955.54,47
499,5,3,F,9,3,F,14,14,0.3762591604938272,955.54,47
500,5,3,F,9,4,G,14,18,0.3762591604938272,955.54,47
501,5,3,F,9,5,H,14,22,0.3762591604938272,955.54,47
502,5,3,F,9,6,I,14,26,0.3762591604938272,955.54,47
503,5,3,F,9,7,J,14,30,0.3762591604938272,955.54,47
504,5,3,F,9,8,K,14,34,0.3762591604938272,955.54,47
505,5,4,G,6,0,S,18,2,0.16629311111111114,955.54,58
506,5,4,G,6,1,P,18,6,0.16629311111111114,955.54,58
507,5,4,G,6,2,D,18,10,0.16629311111111114,955.54,58
508,5,4,G,6,3,F,18,14,0.16629311111111114,955.54,58
509,5,4,G,6,4,G,18,18,0.16629311111111114,955.54,58
510,5,4,G,6,5,H,18,22,0.16629311111111114,955.54,58
511,5,4,G,7,0,S,18,2,0.266562612244898,955.54,55
512,5,4,G,7,1,P,18,6,0.266562612244898,955.54,55
513,5,4,G,7,2,D,18,10,0.266562612244898,955.54,55
514,5,4,G,7,3,F,18,14,0.266562612244898,955.54,55
515,5,4,G,7,4,G,18,18,0.266562612244898,955.54,55
516,5,4,G,7,5,H,18,22,0.266562612244898,955.54,55
517,5,4,G,7,6,I,18,26,0.266562612244898,955.54,55
518,5,4,G,8,0,S,18,2,0.331641375,955.54,50
519,5,4,G,8,1,P,18,6,0.331641375,955.54,50
520,5,4,G,8,2,D,18,10,0.331641375,955.54,50
521,5,4,G,8,3,F,18,14,0.331641375,955.54,50
522,5,4,G,8,4,G,18,18,0.331641375,955.54,50
523,5,4,G,8,5,H,18,22,0.331641375,955.54,50
524,5,4,G,8,6,I,18,26,0.331641375,955.54,50
525,5,4,G,8,7,J,18,30,0.331641375,955.54,50
526,5,4,G,9,0,S,18,2,0.3762591604938272,955.54,47
527,5,4,G,9,1,P,18,6,0.3762591604938272,955.54,47
528,5,4,G,9,2,D,18,10,0.3762591604938272,955.54,47
529,5,4,G,9,3,F,18,14,0.3762591604938272,955.54,47
530,5,4,G,9,4,G,18,18,0.3762591604938272,955.54,47
531,5,4,G,9,5,H,18,22,0.3762591604938272,955.54,47
532,5,4,G,9,6,I,18,26,0.3762591604938272,955.54,47
533,5,4,G,9,7,J,18,30,0.3762591604938272,955.54,47
534,5,4,G,9,8,K,18,34,0.3762591604938272,955.54,47
535,6,0,S,7,0,S,2,2,0.10026950113378685,955.38,55
536,6,0,S,7,1,P,2,6,0.10026950113378685,955.38,55
537,6,0,S,7,2,D,2,10,0.10026950113378685,955.38,55
538,6,0,S,7,3,F,2,14,0.10026950113378685,955.38,55
539,6,0,S,7,4,G,2,18,0.10026950113378685,955.38,55
540,6,0,S,7,5,H,2,22,0.10026950113378685,955.38,55
541,6,0,S,7,6,I,2,26,0.10026950113378685,955.38,55
542,6,0,S,8,0,S,2,2,0.16534826388888887,955.38,50
543,6,0,S,8,1,P,2,6,0.16534826388888887,955.38,50
544,6,0,S,8,2,D,2,10,0.16534826388888887,955.38,50
545,6,0,S,8,3,F,2,14,0.16534826388888887,955.38,50
546,6,0,S,8,4,G,2,18,0.16534826388888887,955.38,50
547,6,0,S,8,5,H,2,22,0.16534826388888887,955.38,50
548,6,0,S,8,6,I,2,26,0.16534826388888887,955.38,50
549,6,0,S,8,7,J,2,30,0.16534826388888887,955.38,50
550,6,0,S,9,0,S,2,2,0.20996604938271604,955.38,47
551,6,0,S,9,1,P,2,6,0.20996604938271604,955.38,47
552,6,0,S,9,2,D,2,10,0.20996604938271604,955.38,47
553,6,0,S,9,3,F,2,14,0.20996604938271604,955.38,47
554,6,0,S,9,4,G,2,18,0.20996604938271604,955.38,47
555,6,0,S,9,5,H,2,22,0.20996604938271604,955.38,47
556,6,0,S,9,6,I,2,26,0.20996604938271604,955.38,47
557,6,0,S,9,7,J,2,30,0.20996604938271604,955.38,47
558,6,0,S,9,8,K,2,34,0.20996604938271604,955.38,47
559,6,1,P,7,0,S,6,2,0.10026950113378685,955.38,55
560,6,1,P,7,1,P,6,6,0.10026950113378685,955.38,55
561,6,1,P,7,2,D,6,10,0.10026950113378685,955.38,55
562,6,1,P,7,3,F,6,14,0.10026950113378685,955.38,55
563,6,1,P,7,4,G,6,18,0.10026950113378685,955.38,55
564,6,1,P,7,5,H,6,22,0.10026950113378685,955.38,55
565,6,1,P,7,6,I,6,26,0.10026950113378685,955.38,55
566,6,1,P,8,0,S,6,2,0.16534826388888887,955.38,50
567,6,1,P,8,1,P,6,6,0.16534826388888887,955.38,50
568,6,1,P,8,2,D,6,10,0.16534826388888887,955.38,50
569,6,1,P,8,3,F,6,14,0.16534826388888887,955.38,50
570,6,1,P,8,4,G,6,18,0.16534826388888887,955.38,50
571,6,1,P,8,5,H,6,22,0.16534826388888887,955.38,50
572,6,1,P,8,6,I,6,26,0.16534826388888887,955.38,50
573,6,1,P,8,7,J,6,30,0.16534826388888887,955.38,50
574,6,1,P,9,0,S,6,2,0.20996604938271604,955.38,47
575,6,1,P,9,1,P,6,6,0.20996604938271604,955.38,47
576,6,1,P,9,2,D,6,10,0.20996604938271604,955.38,47
577,6,1,P,9,3,F,6,14,0.20996604938271604,955.38,47
578,6,1,P,9,4,G,6,18,0.20996604938271604,955.38,47
579,6,1,P,9,5,H,6,22,0.20996604938271604,955.38,47
580,6,1,P,9,6,I,6,26,0.20996604938271604,955.38,47
581,6,1,P,9,7,J,6,30,0.20996604938271604,955.38,47
582,6,1,P,9,8,K,6,34,0.20996604938271604,955.38,47
583,6,2,D,7,0,S,10,2,0.10026950113378685,955.38,55
584,6,2,D,7,1,P,10,6,0.10026950113378685,955.38,55
585,6,2,D,7,2,D,10,10,0.10026950113378685,955.38,55
586,6,2,D,7,3,F,10,14,0.10026950113378685,955.38,55
587,6,2,D,7,4,G,10,18,0.10026950113378685,955.38,55
588,6,2,D,7,5,H,10,22,0.10026950113378685,955.38,55
589,6,2,D,7,6,I,10,26,0.10026950113378685,955.38,55
590,6,2,D,8,0,S,10,2,0.16534826388888887,955.38,50
591,6,2,D,8,1,P,10,6,0.16534826388888887,955.38,50
592,6,2,D,8,2,D,10,10,0.16534826388888887,955.38,50
593,6,2,D,8,3,F,10,14,0.16534826388888887,955.38,50
594,6,2,D,8,4,G,10,18,0.16534826388888887,955.38,50
595,6,2,D,8,5,H,10,22,0.16534826388888887,955.38,50
596,6,2,D,8,6,I,10,26,0.16534826388888887,955.38,50
597,6,2,D,8,7,J,10,30,0.16534826388888887,955.38,50
598,6,2,D,9,0,S,10,2,0.20996604938271604,955.38,47
599,6,2,D,9,1,P,10,6,0.20996604938271604,955.38,47
600,6,2,D,9,2,D,10,10,0.20996604938271604,955.38,47
601,6,2,D,9,3,F,10,14,0.20996604938271604,955.38,47
602,6,2,D,9,4,G,10,18,0.20996604938271604,955.38,47
603,6,2,D,9,5,H,10,22,0.20996604938271604,955.38,47
604,6,2,D,9,6,I,10,26,0.20996604938271604,955.38,47
605,6,2,D,9,7,J,10,30,0.20996604938271604,955.38,47
606,6,2,D,9,8,K,10,34,0.20996604938271604,955.38,47
607,6,3,F,7,0,S,14,2,0.10026950113378685,955.38,55
608,6,3,F,7,1,P,14,6,0.10026950113378685,955.38,55
609,6,3,F,7,2,D,14,10,0.10026950113378685,955.38,55
610,6,3,F,7,3,F,14,14,0.10026950113378685,955.38,55
611,6,3,F,7,4,G,14,18,0.10026950113378685,955.38,55
612,6,3,F,7,5,H,14,22,0.10026950113378685,955.38,55
613,6,3,F,7,6,I,14,26,0.10026950113378685,955.38,55
614,6,3,F,8,0,S,14,2,0.16534826388888887,955.38,50
615,6,3,F,8,1,P,14,6,0.16534826388888887,955.38,50
616,6,3,F,8,2,D,14,10,0.16534826388888887,955.38,50
617,6,3,F,8,3,F,14,14,0.16534826388888887,955.38,50
618,6,3,F,8,4,G,14,18,0.16534826388888887,955.38,50
619,6,3,F,8,5,H,14,22,0.16534826388888887,955.38,50
620,6,3,F,8,6,I,14,26,0.16534826388888887,955.38,50
621,6,3,F,8,7,J,14,30,0.16534826388888887,955.38,50
622,6,3,F,9,0,S,14,2,0.20996604938271604,955.38,47
623,6,3,F,9,1,P,14,6,0.20996604938271604,955.38,47
624,6,3,F,9,2,D,14,10,0.20996604938271604,955.38,47
625,6,3,F,9,3,F,14,14,0.20996604938271604,955.38,47
626,6,3,F,9,4,G,14,18,0.20996604938271604,955.38,47
627,6,3,F,9,5,H,14,22,0.20996604938271604,955.38,47
628,6,3,F,9,6,I,14,26,0.20996604938271604,955.38,47
629,6,3,F,9,7,J,14,30,0.20996604938271604,955.38,47
630,6,3,F,9,8,K,14,34,0.20996604938271604,955.38,47
631,6,4,G,7,0,S,18,2,0.10026950113378685,955.38,55
632,6,4,G,7,1,P,18,6,0.10026950113378685,955.38,55
633,6,4,G,7,2,D,18,10,0.10026950113378685,955.38,55
634,6,4,G,7,3,F,18,14,0.10026950113378685,955.38,55
635,6,4,G,7,4,G,18,18,0.10026950113378685,955.38,55
636,6,4,G,7,5,H,18,22,0.10026950113378685,955.38,55
637,6,4,G,7,6,I,18,26,0.10026950113378685,955.38,55
638,6,4,G,8,0,S,18,2,0.16534826388888887,955.38,50
639,6,4,G,8,1,P,18,6,0.16534826388888887,955.38,50
640,6,4,G,8,2,D,18,10,0.16534826388888887,955.38,50
641,6,4,G,8,3,F,18,14,0.16534826388888887,955.38,50
642,6,4,G,8,4,G,18,18,0.16534826388888887,955.38,50
643,6,4,G,8,5,H,18,22,0.16534826388888887,955.38,50
644,6,4,G,8,6,I,18,26,0.16534826388888887,955.38,50
645,6,4,G,8,7,J,18,30,0.16534826388888887,955.38,50
646,6,4,G,9,0,S,18,2,0.20996604938271604,955.38,47
647,6,4,G,9,1,P,18,6,0.20996604938271604,955.38,47
648,6,4,G,9,2,D,18,10,0.20996604938271604,955.38,47
649,6,4,G,9,3,F,18,14,0.20996604938271604,955.38,47
650,6,4,G,9,4,G,18,18,0.20996604938271604,955.38,47
651,6,4,G,9,5,H,18,22,0.20996604938271604,955.38,47
652,6,4,G,9,6,I,18,26,0.20996604938271604,955.38,47
653,6,4,G,9,7,J,18,30,0.20996604938271604,955.38,47
654,6,4,G,9,8,K,18,34,0.20996604938271604,955.38,47
655,6,5,H,7,0,S,22,2,0.10026950113378685,955.38,55
656,6,5,H,7,1,P,22,6,0.10026950113378685,955.38,55
657,6,5,H,7,2,D,22,10,0.10026950113378685,955.38,55
658,6,5,H,7,3,F,22,14,0.10026950113378685,955.38,55
659,6,5,H,7,4,G,22,18,0.10026950113378685,955.38,55
660,6,5,H,7,5,H,22,22,0.10026950113378685,955.38,55
661,6,5,H,7,6,I,22,26,0.10026950113378685,955.38,55
662,6,5,H,8,0,S,22,2,0.16534826388888887,955.38,50
663,6,5,H,8,1,P,22,6,0.16534826388888887,955.38,50
664,6,5,H,8,2,D,22,10,0.16534826388888887,955.38,50
665,6,5,H,8,3,F,22,14,0.16534826388888887,955.38,50
666,6,5,H,8,4,G,22,18,0.16534826388888887,955.38,50
667,6,5,H,8,5,H,22,22,0.16534826388888887,955.38,50
668,6,5,H,8,6,I,22,26,0.16534826388888887,955.38,50
669,6,5,H,8,7,J,22,30,0.16534826388888887,955.38,50
670,6,5,H,9,0,S,22,2,0.20996604938271604,955.38,47
671,6,5,H,9,1,P,22,6,0.20996604938271604,955.38,47
672,6,5,H,9,2,D,22,10,0.20996604938271604,955.38,47
673,6,5,H,9,3,F,22,14,0.20996604938271604,955.38,47
674,6,5,H,9,4,G,22,18,0.20996604938271604,955.38,47
675,6,5,H,9,5,H,22,22,0.20996604938271604,955.38,47
676,6,5,H,9,6,I,22,26,0.20996604938271604,955.38,47
677,6,5,H,9,7,J,22,30,0.20996604938271604,955.38,47
678,6,5,H,9,8,K,22,34,0.20996604938271604,955.38,47
679,7,0,S,8,0,S,2,2,0.06507876275510202,955.28,50
680,7,0,S,8,1,P,2,6,0.06507876275510202,955.28,50
681,7,0,S,8,2,D,2,10,0.06507876275510202,955.28,50
682,7,0,S,8,3,F,2,14,0.06507876275510202,955.28,50
683,7,0,S,8,4,G,2,18,0.06507876275510202,955.28,50
684,7,0,S,8,5,H,2,22,0.06507876275510202,955.28,50
685,7,0,S,8,6,I,2,26,0.06507876275510202,955.28,50
686,7,0,S,8,7,J,2,30,0.06507876275510202,955.28,50
687,7,0,S,9,0,S,2,2,0.10969654824892919,955.28,47
688,7,0,S,9,1,P,2,6,0.10969654824892919,955.28,47
689,7,0,S,9,2,D,2,10,0.10969654824892919,955.28,47
690,7,0,S,9,3,F,2,14,0.10969654824892919,955.28,47
691,7,0,S,9,4,G,2,18,0.10969654824892919,955.28,47
692,7,0,S,9,5,H,2,22,0.10969654824892919,955.28,47
693,7,0,S,9,6,I,2,26,0.10969654824892919,955.28,47
694,7,0,S,9,7,J,2,30,0.10969654824892919,955.28,47
695,7,0,S,9,8,K,2,34,0.10969654824892919,955.28,47
696,7,1,P,8,0,S,6,2,0.06507876275510202,955.28,50
697,7,1,P,8,1,P,6,6,0.06507876275510202,955.28,50
698,7,1,P,8,2,D,6,10,0.06507876275510202,955.28,50
699,7,1,P,8,3,F,6,14,0.06507876275510202,955.28,50
700,7,1,P,8,4,G,6,18,0.06507876275510202,955.28,50
701,7,1,P,8,5,H,6,22,0.06507876275510202,955.28,50
702,7,1,P,8,6,I,6,26,0.06507876275510202,955.28,50
703,7,1,P,8,7,J,6,30,0.06507876275510202,955.28,50
704,7,1,P,9,0,S,6,2,0.10969654824892919,955.28,47
705,7,1,P,9,1,P,6,6,0.10969654824892919,955.28,47
706,7,1,P,9,2,D,6,10,0.10969654824892919,955.28,47
707,7,1,P,9,3,F,6,14,0.10969654824892919,955.28,47
708,7,1,P,9,4,G,6,18,0.10969654824892919,955.28,47
709,7,1,P,9,5,H,6,22,0.10969654824892919,955.28,47
710,7,1,P,9,6,I,6,26,0.10969654824892919,955.28,47
711,7,1,P,9,7,J,6,30,0.10969654824892919,955.28,47
712,7,1,P,9,8,K,6,34,0.10969654824892919,955.28,47
713,7,2,D,8,0,S,10,2,0.06507876275510202,955.28,50
714,7,2,D,8,1,P,10,6,0.06507876275510202,955.28,50
715,7,2,D,8,2,D,10,10,0.06507876275510202,955.28,50
716,7,2,D,8,3,F,10,14,0.06507876275510202,955.28,50
717,7,2,D,8,4,G,10,18,0.06507876275510202,955.28,50
718,7,2,D,8,5,H,10,22,0.06507876275510202,955.28,50
719,7,2,D,8,6,I,10,26,0.06507876275510202,955.28,50
720,7,2,D,8,7,J,10,30,0.06507876275510202,955.28,50
721,7,2,D,9,0,S,10,2,0.10969654824892919,955.28,47
722,7,2,D,9,1,P,10,6,0.10969654824892919,955.28,47
723,7,2,D,9,2,D,10,10,0.10969654824892919,955.28,47
724,7,2,D,9,3,F,10,14,0.10969654824892919,955.28,47
725,7,2,D,9,4,G,10,18,0.10969654824892919,955.28,47
726,7,2,D,9,5,H,10,22,0.10969654824892919,955.28,47
727,7,2,D,9,6,I,10,26,0.10969654824892919,955.28,47
728,7,2,D,9,7,J,10,30,0.10969654824892919,955.28,47
729,7,2,D,9,8,K,10,34,0.10969654824892919,955.28,47
730,7,3,F,8,0,S,14,2,0.06507876275510202,955.28,50
731,7,3,F,8,1,P,14,6,0.06507876275510202,955.28,50
732,7,3,F,8,2,D,14,10,0.06507876275510202,955.28,50
733,7,3,F,8,3,F,14,14,0.06507876275510202,955.28,50
734,7,3,F,8,4,G,14,18,0.06507876275510202,955.28,50
735,7,3,F,8,5,H,14,22,0.06507876275510202,955.28,50
736,7,3,F,8,6,I,14,26,0.06507876275510202,955.28,50
737,7,3,F,8,7,J,14,30,0.06507876275510202,955.28,50
738,7,3,F,9,0,S,14,2,0.10969654824892919,955.28,47
739,7,3,F,9,1,P,14,6,0.10969654824892919,955.28,47
740,7,3,F,9,2,D,14,10,0.10969654824892919,955.28,47
741,7,3,F,9,3,F,14,14,0.10969654824892919,955.28,47
742,7,3,F,9,4,G,14,18,0.10969654824892919,955.28,47
743,7,3,F,9,5,H,14,22,0.10969654824892919,955.28,47
744,7,3,F,9,6,I,14,26,0.10969654824892919,955.28,47
745,7,3,F,9,7,J,14,30,0.10969654824892919,955.28,47
746,7,3,F,9,8,K,14,34,0.10969654824892919,955.28,47
747,7,4,G,8,0,S,18,2,0.06507876275510202,955.28,50
748,7,4,G,8,1,P,18,6,0.06507876275510202,955.28,50
749,7,4,G,8,2,D,18,10,0.06507876275510202,955.28,50
750,7,4,G,8,3,F,18,14,0.06507876275510202,955.28,50
751,7,4,G,8,4,G,18,18,0.06507876275510202,955.28,50
752,7,4,G,8,5,H,18,22,0.06507876275510202,955.28,50
753,7,4,G,8,6,I,18,26,0.06507876275510202,955.28,50
754,7,4,G,8,7,J,18,30,0.06507876275510202,955.28,50
755,7,4,G,9,0,S,18,2,0.10969654824892919,955.28,47
756,7,4,G,9,1,P,18,6,0.10969654824892919,955.28,47
757,7,4,G,9,2,D,18,10,0.10969654824892919,955.28,47
758,7,4,G,9,3,F,18,14,0.10969654824892919,955.28,47
759,7,4,G,9,4,G,18,18,0.10969654824892919,955.28,47
760,7,4,G,9,5,H,18,22,0.10969654824892919,955.28,47
761,7,4,G,9,6,I,18,26,0.10969654824892919,955.28,47
762,7,4,G,9,7,J,18,30,0.10969654824892919,955.28,47
763,7,4,G,9,8,K,18,34,0.10969654824892919,955.28,47
764,7,5,H,8,0,S,22,2,0.06507876275510202,955.28,50
765,7,5,H,8,1,P,22,6,0.06507876275510202,955.28,50
766,7,5,H,8,2,D,22,10,0.06507876275510202,955.28,50
767,7,5,H,8,3,F,22,14,0.06507876275510202,955.28,50
768,7,5,H,8,4,G,22,18,0.06507876275510202,955.28,50
769,7,5,H,8,5,H,22,22,0.06507876275510202,955.28,50
770,7,5,H,8,6,I,22,26,0.06507876275510202,955.28,50
771,7,5,H,8,7,J,22,30,0.06507876275510202,955.28,50
772,7,5,H,9,0,S,22,2,0.10969654824892919,955.28,47
773,7,5,H,9,1,P,22,6,0.10969654824892919,955.28,47
774,7,5,H,9,2,D,22,10,0.10969654824892919,955.28,47
775,7,5,H,9,3,F,22,14,0.10969654824892919,955.28,47
776,7,5,H,9,4,G,22,18,0.10969654824892919,955.28,47
777,7,5,H,9,5,H,22,22,0.10969654824892919,955.28,47
778,7,5,H,9,6,I,22,26,0.10969654824892919,955.28,47
779,7,5,H,9,7,J,22,30,0.10969654824892919,955.28,47
780,7,5,H,9,8,K,22,34,0.10969654824892919,955.28,47
781,7,6,I,8,0,S,26,2,0.06507876275510202,955.28,50
782,7,6,I,8,1,P,26,6,0.06507876275510202,955.28,50
783,7,6,I,8,2,D,26,10,0.06507876275510202,955.28,50
784,7,6,I,8,3,F,26,14,0.06507876275510202,955.28,50
785,7,6,I,8,4,G,26,18,0.06507876275510202,955.28,50
786,7,6,I,8,5,H,26,22,0.06507876275510202,955.28,50
787,7,6,I,8,6,I,26,26,0.06507876275510202,955.28,50
788,7,6,I,8,7,J,26,30,0.06507876275510202,955.28,50
789,7,6,I,9,0,S,26,2,0.10969654824892919,955.28,47
790,7,6,I,9,1,P,26,6,0.10969654824892919,955.28,47
791,7,6,I,9,2,D,26,10,0.10969654824892919,955.28,47
792,7,6,I,9,3,F,26,14,0.10969654824892919,955.28,47
793,7,6,I,9,4,G,26,18,0.10969654824892919,955.28,47
794,7,6,I,9,5,H,26,22,0.10969654824892919,955.28,47
795,7,6,I,9,6,I,26,26,0.10969654824892919,955.28,47
796,7,6,I,9,7,J,26,30,0.10969654824892919,955.28,47
797,7,6,I,9,8,K,26,34,0.10969654824892919,955.28,47
798,8,0,S,9,0,S,2,2,0.044617785493827174,955.21,47
799,8,0,S,9,1,P,2,6,0.044617785493827174,955.21,47
800,8,0,S,9,2,D,2,10,0.044617785493827174,955.21,47
801,8,0,S,9,3,F,2,14,0.044617785493827174,955.21,47
802,8,0,S,9,4,G,2,18,0.044617785493827174,955.21,47
803,8,0,S,9,5,H,2,22,0.044617785493827174,955.21,47
804,8,0,S,9,6,I,2,26,0.044617785493827174,955.21,47
805,8,0,S,9,7,J,2,30,0.044617785493827174,955.21,47
806,8,0,S,9,8,K,2,34,0.044617785493827174,955.21,47
807,8,1,P,9,0,S,6,2,0.044617785493827174,955.21,47
808,8,1,P,9,1,P,6,6,0.044617785493827174,955.21,47
809,8,1,P,9,2,D,6,10,0.044617785493827174,955.21,47
810,8,1,P,9,3,F,6,14,0.044617785493827174,955.21,47
811,8,1,P,9,4,G,6,18,0.044617785493827174,955.21,47
812,8,1,P,9,5,H,6,22,0.044617785493827174,955.21,47
813,8,1,P,9,6,I,6,26,0.044617785493827174,955.21,47
814,8,1,P,9,7,J,6,30,0.044617785493827174,955.21,47
815,8,1,P,9,8,K,6,34,0.044617785493827174,955.21,47
816,8,2,D,9,0,S,10,2,0.044617785493827174,955.21,47
817,8,2,D,9,1,P,10,6,0.044617785493827174,955.21,47
818,8,2,D,9,2,D,10,10,0.044617785493827174,955.21,47
819,8,2,D,9,3,F,10,14,0.044617785493827174,955.21,47
820,8,2,D,9,4,G,10,18,0.044617785493827174,955.21,47
821,8,2,D,9,5,H,10,22,0.044617785493827174,955.21,47
822,8,2,D,9,6,I,10,26,0.044617785493827174,955.21,47
823,8,2,D,9,7,J,10,30,0.044617785493827174,955.21,47
824,8,2,D,9,8,K,10,34,0.044617785493827174,955.21,47
825,8,3,F,9,0,S,14,2,0.044617785493827174,955.21,47
826,8,3,F,9,1,P,14,6,0.044617785493827174,955.21,47
827,8,3,F,9,2,D,14,10,0.044617785493827174,955.21,47
828,8,3,F,9,3,F,14,14,0.044617785493827174,955.21,47
829,8,3,F,9,4,G,14,18,0.044617785493827174,955.21,47
830,8,3,F,9,5,H,14,22,0.044617785493827174,955.21,47
831,8,3,F,9,6,I,14,26,0.044617785493827174,955.21,47
832,8,3,F,9,7,J,14,30,0.044617785493827174,955.21,47
833,8,3,F,9,8,K,14,34,0.044617785493827174,955.21,47
834,8,4,G,9,0,S,18,2,0.044617785493827174,955.21,47
835,8,4,G,9,1,P,18,6,0.044617785493827174,955.21,47
836,8,4,G,9,2,D,18,10,0.044617785493827174,955.21,47
837,8,4,G,9,3,F,18,14,0.044617785493827174,955.21,47
838,8,4,G,9,4,G,18,18,0.044617785493827174,955.21,47
839,8,4,G,9,5,H,18,22,0.044617785493827174,955.21,47
840,8,4,G,9,6,I,18,26,0.044617785493827174,955.21,47
841,8,4,G,9,7,J,18,30,0.044617785493827174,955.21,47
842,8,4,G,9,8,K,18,34,0.044617785493827174,955.21,47
843,8,5,H,9,0,S,22,2,0.044617785493827174,955.21,47
844,8,5,H,9,1,P,22,6,0.044617785493827174,955.21,47
845,8,5,H,9,2,D,22,10,0.044617785493827174,955.21,47
846,8,5,H,9,3,F,22,14,0.044617785493827174,955.21,47
847,8,5,H,9,4,G,22,18,0.044617785493827174,955.21,47
848,8,5,H,9,5,H,22,22,0.044617785493827174,955.21,47
849,8,5,H,9,6,I,22,26,0.044617785493827174,955.21,47
850,8,5,H,9,7,J,22,30,0.044617785493827174,955.21,47
851,8,5,H,9,8,K,22,34,0.044617785493827174,955.21,47
852,8,6,I,9,0,S,26,2,0.044617785493827174,955.21,47
853,8,6,I,9,1,P,26,6,0.044617785493827174,955.21,47
854,8,6,I,9,2,D,26,10,0.044617785493827174,955.21,47
855,8,6,I,9,3,F,26,14,0.044617785493827174,955.21,47
856,8,6,I,9,4,G,26,18,0.044617785493827174,955.21,47
857,8,6,I,9,5,H,26,22,0.044617785493827174,955.21,47
858,8,6,I,9,6,I,26,26,0.044617785493827174,955.21,47
859,8,6,I,9,7,J,26,30,0.044617785493827174,955.21,47
860,8,6,I,9,8,K,26,34,0.044617785493827174,955.21,47
861,8,7,J,9,0,S,30,2,0.044617785493827174,955.21,47
862,8,7,J,9,1,P,30,6,0.044617785493827174,955.21,47
863,8,7,J,9,2,D,30,10,0.044617785493827174,955.21,47
864,8,7,J,9,3,F,30,14,0.044617785493827174,955.21,47
865,8,7,J,9,4,G,30,18,0.044617785493827174,955.21,47
866,8,7,J,9,5,H,30,22,0.044617785493827174,955.21,47
867,8,7,J,9,6,I,30,26,0.044617785493827174,955.21,47
868,8,7,J,9,7,J,30,30,0.044617785493827174,955.21,47
869,8,7,J,9,8,K,30,34,0.044617785493827174,955.21,47
