Te_eV,ne_cm3,log10_K,ACD_cm3_s
0.2000000019968104,49999999.5007974,-11.85004,1.4124074510981333e-12
0.2000000019968104,100000000.0,-11.83456,1.4636593115749417e-12
0.2000000019968104,200000001.9968108,-11.81598,1.5276364068745837e-12
0.2000000019968104,499999995.00797296,-11.78592,1.6371180619456374e-12
0.2000000019968104,1000000000.0,-11.75831,1.744576427313782e-12
0.2000000019968104,2000000019.968108,-11.72589,1.8797928786478468e-12
0.2000000019968104,4999999950.07973,-11.67515,2.1127591926304475e-12
0.2000000019968104,10000000000.0,-11.63013,2.3435272081111196e-12
0.2000000019968104,20000000199.681084,-11.5784,2.639976129354809e-12
0.2000000019968104,49999999500.797295,-11.49784,3.1780446899329546e-12
0.2000000019968104,100000000000.0,-11.42622,3.747831007546674e-12
0.2000000019968104,200000001996.8108,-11.34403,4.528662959276592e-12
0.2000000019968104,499999995007.97296,-11.21661,6.072814284943913e-12
0.2000000019968104,1000000000000.0,-11.1027,7.894052311366025e-12
0.2000000019968104,2000000019968.1084,-10.96764,1.077357898557113e-11
0.2000000019968104,4999999950079.7295,-10.74476,1.7998652826622026e-11
0.2000000019968104,10000000000000.0,-10.54067,2.879585645667313e-11
0.2000000019968104,20000000199681.08,-10.31153,4.8805638634232656e-11
0.2000000019968104,49999999500797.3,-9.97941,1.0485520652992575e-10
0.2000000019968104,100000000000000.0,-9.7113,1.9440167385130195e-10
0.2000000019968104,200000001996810.84,-9.4334,3.6863791409739685e-10
0.2000000019968104,499999995007973.0,-9.05681,8.773845851974934e-10
0.2000000019968104,1000000000000000.0,-8.7668,1.7108029875993287e-09
0.2000000019968104,2000000019968108.0,-8.47302,3.3649607280184993e-09
0.2999991332716148,49999999.5007974,-11.9989,1.0025360539605214e-12
0.2999991332716148,100000000.0,-11.98826,1.0274010376136184e-12
0.2999991332716148,200000001.9968108,-11.97544,1.0581810990194885e-12
0.2999991332716148,499999995.00797296,-11.95457,1.1102735659554508e-12
0.2999991332716148,1000000000.0,-11.93528,1.1607000415833938e-12
0.2999991332716148,2000000019.968108,-11.91261,1.2228973390502234e-12
0.2999991332716148,4999999950.07973,-11.87703,1.3273027677359109e-12
0.2999991332716148,10000000000.0,-11.84528,1.4279730134406816e-12
0.2999991332716148,20000000199.681084,-11.80856,1.5539605883516585e-12
0.2999991332716148,49999999500.797295,-11.75098,1.774271187216525e-12
0.2999991332716148,100000000000.0,-11.69941,1.997974771166966e-12
0.2999991332716148,200000001996.8108,-11.63982,2.2918173347466093e-12
0.2999991332716148,499999995007.97296,-11.54634,2.8422351102319372e-12
0.2999991332716148,1000000000000.0,-11.46095,3.4597920786160186e-12
0.2999991332716148,2000000019968.1084,-11.35665,4.3989598690348415e-12
0.2999991332716148,4999999950079.7295,-11.17965,6.612261186292133e-12
0.2999991332716148,10000000000000.0,-11.01545,9.650504109445914e-12
0.2999991332716148,20000000199681.08,-10.82923,1.4817331594806034e-11
0.2999991332716148,49999999500797.3,-10.55283,2.800077165851665e-11
0.2999991332716148,100000000000000.0,-10.32433,4.7388176790022035e-11
0.2999991332716148,200000001996810.84,-10.08514,8.219776329514544e-11
0.2999991332716148,499999995007973.0,-9.75693,1.7501287533187904e-10
0.2999991332716148,1000000000000000.0,-9.49652,3.187718772441133e-10
0.2999991332716148,2000000019968108.0,-9.22354,5.976679948969775e-10
0.4999999950079739,49999999.5007974,-12.17636,6.66254261682855e-13
0.4999999950079739,100000000.0,-12.16985,6.763165265096234e-13
0.4999999950079739,200000001.9968108,-12.16198,6.886840106847568e-13
0.4999999950079739,499999995.00797296,-12.14908,7.094470709461324e-13
0.4999999950079739,1000000000.0,-12.13709,7.293063584978814e-13
0.4999999950079739,2000000019.968108,-12.12296,7.534249535408168e-13
0.4999999950079739,4999999950.07973,-12.10069,7.930672209655685e-13
0.4999999950079739,10000000000.0,-12.08068,8.304624494808546e-13
0.4999999950079739,20000000199.681084,-12.05738,8.762337965324855e-13
0.4999999950079739,49999999500.797295,-12.02055,9.537839280874832e-13
0.4999999950079739,100000000000.0,-11.98731,1.029650891842929e-12
0.4999999950079739,200000001996.8108,-11.9486,1.1256412505761078e-12
0.4999999950079739,499999995007.97296,-11.88711,1.2968507573676393e-12
0.4999999950079739,1000000000000.0,-11.82975,1.479960076511677e-12
0.4999999950079739,2000000019968.1084,-11.75853,1.7436929032669693e-12
0.4999999950079739,4999999950079.7295,-11.63727,2.3053135343599424e-12
0.4999999950079739,10000000000000.0,-11.52511,2.9846265639437808e-12
0.4999999950079739,20000000199681.08,-11.39658,4.012545776298924e-12
0.4999999950079739,49999999500797.3,-11.20068,6.299701910799812e-12
0.4999999950079739,100000000000000.0,-11.03632,9.197716092463754e-12
0.4999999950079739,200000001996810.84,-10.86329,1.3699666658713031e-11
0.4999999950079739,499999995007973.0,-10.61579,2.4222000011491596e-11
0.4999999950079739,1000000000000000.0,-10.40337,3.950299283561506e-11
0.4999999950079739,2000000019968108.0,-10.16673,6.811927232143546e-11
0.700003159130897,49999999.5007974,-12.28986,5.130267376186469e-13
0.700003159130897,100000000.0,-12.2852,5.185611776858401e-13
0.700003159130897,200000001.9968108,-12.27955,5.253515282983633e-13
0.700003159130897,499999995.00797296,-12.27025,5.367227449787304e-13
0.700003159130897,1000000000.0,-12.26159,5.475326225631673e-13
0.700003159130897,2000000019.968108,-12.25137,5.605701911260999e-13
0.700003159130897,4999999950.07973,-12.2352,5.818352110480709e-13
0.700003159130897,10000000000.0,-12.22061,6.017138388923539e-13
0.700003159130897,20000000199.681084,-12.20356,6.258063995996261e-13
0.700003159130897,49999999500.797295,-12.17648,6.660701942581507e-13
0.700003159130897,100000000000.0,-12.15193,7.04806661224257e-13
0.700003159130897,200000001996.8108,-12.12319,7.530260494135292e-13
0.700003159130897,499999995007.97296,-12.07707,8.37394299234711e-13
0.700003159130897,1000000000000.0,-12.03331,9.261684870329596e-13
0.700003159130897,2000000019968.1084,-11.97838,1.0510418283366525e-12
0.700003159130897,4999999950079.7295,-11.88494,1.3033468300333998e-12
0.700003159130897,10000000000000.0,-11.79878,1.5893516605459977e-12
0.700003159130897,20000000199681.08,-11.69921,1.9988950844455163e-12
0.700003159130897,49999999500797.3,-11.54646,2.841449880137014e-12
0.700003159130897,100000000000000.0,-11.41948,3.8064488654241335e-12
0.700003159130897,200000001996810.84,-11.28518,5.185850588604703e-12
0.700003159130897,499999995007973.0,-11.08358,8.24935512744886e-12
0.700003159130897,1000000000000000.0,-10.90096,1.2561456536573444e-11
0.700003159130897,2000000019968108.0,-10.69436,2.0213429309514816e-11
1.0,49999999.5007974,-12.40895,3.899868829912154e-13
1.0,100000000.0,-12.40571,3.929072114860174e-13
1.0,200000001.9968108,-12.40177,3.964879565330839e-13
1.0,499999995.00797296,-12.39527,4.0246674377130433e-13
1.0,1000000000.0,-12.3892,4.081313915969715e-13
1.0,2000000019.968108,-12.38201,4.149444880744365e-13
1.0,4999999950.07973,-12.37062,4.259709671925237e-13
1.0,10000000000.0,-12.36029,4.362244462314789e-13
1.0,20000000199.681084,-12.34818,4.485594390707126e-13
1.0,49999999500.797295,-12.32885,4.689753325172631e-13
1.0,100000000000.0,-12.31124,4.883823946705128e-13
1.0,200000001996.8108,-12.29053,5.122358850410003e-13
1.0,499999995007.97296,-12.25698,5.533755925167599e-13
1.0,1000000000000.0,-12.2248,5.959365192559374e-13
1.0,2000000019968.1084,-12.18433,6.541389356916616e-13
1.0,4999999950079.7295,-12.116,7.655966069112569e-13
1.0,10000000000000.0,-12.05304,8.850340914246049e-13
1.0,20000000199681.08,-11.97956,1.048189970781148e-12
1.0,49999999500797.3,-11.86665,1.359408559108896e-12
1.0,100000000000000.0,-11.77322,1.68569888673891e-12
1.0,200000001996810.84,-11.67221,2.127110248275606e-12
1.0,499999995007973.0,-11.51195,3.0764509838614377e-12
1.0,1000000000000000.0,-11.36214,4.343701771985989e-12
1.0,2000000019968108.0,-11.19568,6.372649020926925e-12
1.4999956513820392,49999999.5007974,-12.54424,2.856011816740519e-13
1.4999956513820392,100000000.0,-12.54215,2.869789220750562e-13
1.4999956513820392,200000001.9968108,-12.53959,2.886755487184531e-13
1.4999956513820392,499999995.00797296,-12.53533,2.9152110401108097e-13
1.4999956513820392,1000000000.0,-12.53134,2.9421174102175953e-13
1.4999956513820392,2000000019.968108,-12.52661,2.974335810723661e-13
1.4999956513820392,4999999950.07973,-12.51908,3.026355901393999e-13
1.4999956513820392,10000000000.0,-12.51222,3.074538954928103e-13
1.4999956513820392,20000000199.681084,-12.50414,3.1322758351191154e-13
1.4999956513820392,49999999500.797295,-12.49119,3.227081992968968e-13
1.4999956513820392,100000000000.0,-12.47934,3.316347260566951e-13
1.4999956513820392,200000001996.8108,-12.46532,3.425153189317678e-13
1.4999956513820392,499999995007.97296,-12.4424,3.610771451003536e-13
1.4999956513820392,1000000000000.0,-12.42028,3.799443581578051e-13
1.4999956513820392,2000000019968.1084,-12.39255,4.049953156435087e-13
1.4999956513820392,4999999950079.7295,-12.34608,4.507336686836955e-13
1.4999956513820392,10000000000000.0,-12.30313,4.97588116616877e-13
1.4999956513820392,20000000199681.08,-12.25255,5.590491609521786e-13
1.4999956513820392,49999999500797.3,-12.175,6.683439175686135e-13
1.4999956513820392,100000000000000.0,-12.11056,7.752468316528769e-13
1.4999956513820392,200000001996810.84,-12.03829,9.156088884068389e-13
1.4999956513820392,499999995007973.0,-11.91804,1.2077025964643157e-12
1.4999956513820392,1000000000000000.0,-11.80583,1.563759640091332e-12
1.4999956513820392,2000000019968108.0,-11.68728,2.0545655415261736e-12
2.0000000199681045,49999999.5007974,-12.64088,2.286230424921143e-13
2.0000000199681045,100000000.0,-12.63936,2.294246088812708e-13
2.0000000199681045,200000001.9968108,-12.6375,2.3040929760558493e-13
2.0000000199681045,499999995.00797296,-12.6344,2.3205984615989245e-13
2.0000000199681045,1000000000.0,-12.63148,2.336253688199973e-13
2.0000000199681045,2000000019.968108,-12.62802,2.3549408323657337e-13
2.0000000199681045,4999999950.07973,-12.62247,2.38522855552589e-13
2.0000000199681045,10000000000.0,-12.61741,2.413181570809769e-13
2.0000000199681045,20000000199.681084,-12.61144,2.446583260672278e-13
2.0000000199681045,49999999500.797295,-12.60184,2.501266692674602e-13
2.0000000199681045,100000000000.0,-12.59302,2.552583749128715e-13
2.0000000199681045,200000001996.8108,-12.58255,2.6148693828445684e-13
2.0000000199681045,499999995007.97296,-12.56536,2.7204453127188465e-13
2.0000000199681045,1000000000000.0,-12.54876,2.8264414927040173e-13
2.0000000199681045,2000000019968.1084,-12.52801,2.96476312254469e-13
2.0000000199681045,4999999950079.7295,-12.49336,3.210997740764084e-13
2.0000000199681045,10000000000000.0,-12.46119,3.4578806550508943e-13
2.0000000199681045,20000000199681.08,-12.42314,3.7745049564766153e-13
2.0000000199681045,49999999500797.3,-12.36493,4.315886350909042e-13
2.0000000199681045,100000000000000.0,-12.31616,4.828808693787342e-13
2.0000000199681045,200000001996810.84,-12.26002,5.495155671478538e-13
2.0000000199681045,499999995007973.0,-12.1648,6.84226672765952e-13
2.0000000199681045,1000000000000000.0,-12.07744,8.366811795480791e-13
2.0000000199681045,2000000019968108.0,-11.98856,1.0266915791859704e-12
2.9999913327161485,49999999.5007974,-12.77927,1.6623788314885145e-13
2.9999913327161485,100000000.0,-12.77833,1.6659808308132998e-13
2.9999913327161485,200000001.9968108,-12.77718,1.6703981487213476e-13
2.9999913327161485,499999995.00797296,-12.77525,1.6778378989441452e-13
2.9999913327161485,1000000000.0,-12.77342,1.6849227724339745e-13
2.9999913327161485,2000000019.968108,-12.77124,1.6934017334451858e-13
2.9999913327161485,4999999950.07973,-12.76774,1.707104078769048e-13
2.9999913327161485,10000000000.0,-12.76452,1.7198081393228785e-13
2.9999913327161485,20000000199.681084,-12.76072,1.734922182922751e-13
2.9999913327161485,49999999500.797295,-12.75458,1.759624499134437e-13
2.9999913327161485,100000000000.0,-12.74891,1.7827481728133934e-13
2.9999913327161485,200000001996.8108,-12.74217,1.810631201374407e-13
2.9999913327161485,499999995007.97296,-12.73105,1.8575905797613898e-13
2.9999913327161485,1000000000000.0,-12.7203,1.9041449268403825e-13
2.9999913327161485,2000000019968.1084,-12.70693,1.9636767586281746e-13
2.9999913327161485,4999999950079.7295,-12.68464,2.0670929224757632e-13
2.9999913327161485,10000000000000.0,-12.66383,2.168552795851259e-13
2.9999913327161485,20000000199681.08,-12.63915,2.2953557234062197e-13
2.9999913327161485,49999999500797.3,-12.60155,2.502937470469229e-13
2.9999913327161485,100000000000000.0,-12.56965,2.6937047989850494e-13
2.9999913327161485,200000001996810.84,-12.5319,2.9383261486728066e-13
2.9999913327161485,499999995007973.0,-12.46719,3.4104367538377074e-13
2.9999913327161485,1000000000000000.0,-12.40942,3.89565061630963e-13
2.9999913327161485,2000000019968108.0,-12.35277,4.438436388816127e-13
4.999999950079738,49999999.5007974,-12.95818,1.1010828543015513e-13
4.999999950079738,100000000.0,-12.9577,1.1023004888112001e-13
4.999999950079738,200000001.9968108,-12.9571,1.1038244256712193e-13
4.999999950079738,499999995.00797296,-12.9561,1.1063690037685955e-13
4.999999950079738,1000000000.0,-12.95515,1.1087917860037471e-13
4.999999950079738,2000000019.968108,-12.954,1.1117317272815897e-13
4.999999950079738,4999999950.07973,-12.95215,1.1164775634899257e-13
4.999999950079738,10000000000.0,-12.95044,1.1208822710485919e-13
4.999999950079738,20000000199.681084,-12.94842,1.126107886529092e-13
4.999999950079738,49999999500.797295,-12.94513,1.1346711168489119e-13
4.999999950079738,100000000000.0,-12.94209,1.1426415176132337e-13
4.999999950079738,200000001996.8108,-12.93845,1.1522587108762005e-13
4.999999950079738,499999995007.97296,-12.93245,1.1682882262716488e-13
4.999999950079738,1000000000000.0,-12.92667,1.1839408351127036e-13
4.999999950079738,2000000019968.1084,-12.91951,1.2036216750588698e-13
4.999999950079738,4999999950079.7295,-12.90762,1.237029338871225e-13
4.999999950079738,10000000000000.0,-12.89646,1.2692290393765258e-13
4.999999950079738,20000000199681.08,-12.88321,1.3085490304432974e-13
4.999999950079738,49999999500797.3,-12.86296,1.3710080348564158e-13
4.999999950079738,100000000000000.0,-12.84539,1.4276113760100354e-13
4.999999950079738,200000001996810.84,-12.82405,1.4995121878436425e-13
4.999999950079738,499999995007973.0,-12.7876,1.6307973610235966e-13
4.999999950079738,1000000000000000.0,-12.75612,1.7533959536958355e-13
4.999999950079738,2000000019968108.0,-12.72579,1.8802257667900518e-13
7.000031591308969,49999999.5007974,-13.07985,8.320511017490937e-14
7.000031591308969,100000000.0,-13.07955,8.326260608491199e-14
7.000031591308969,200000001.9968108,-13.07919,8.333165362357503e-14
7.000031591308969,499999995.00797296,-13.07858,8.344878157820793e-14
7.000031591308969,1000000000.0,-13.07799,8.356222589232988e-14
7.000031591308969,2000000019.968108,-13.07728,8.369894810736889e-14
7.000031591308969,4999999950.07973,-13.07614,8.391894202047195e-14
7.000031591308969,10000000000.0,-13.07508,8.412401652066537e-14
7.000031591308969,20000000199.681084,-13.07382,8.436843632164327e-14
7.000031591308969,49999999500.797295,-13.07177,8.476762200119422e-14
7.000031591308969,100000000000.0,-13.06986,8.51412456917309e-14
7.000031591308969,200000001996.8108,-13.06759,8.55874328228636e-14
7.000031591308969,499999995007.97296,-13.06383,8.633164177522233e-14
7.000031591308969,1000000000000.0,-13.06024,8.70482410656174e-14
7.000031591308969,2000000019968.1084,-13.05581,8.794071655522556e-14
7.000031591308969,4999999950079.7295,-13.04848,8.943757185081354e-14
7.000031591308969,10000000000000.0,-13.04159,9.086779718007855e-14
7.000031591308969,20000000199681.08,-13.03339,9.259978962052893e-14
7.000031591308969,49999999500797.3,-13.02083,9.531691990506747e-14
7.000031591308969,100000000000000.0,-13.00982,9.776423358373591e-14
7.000031591308969,200000001996810.84,-12.99633,1.0084862934477747e-13
7.000031591308969,499999995007973.0,-12.97334,1.0633102490963553e-13
7.000031591308969,1000000000000000.0,-12.95356,1.1128586350786055e-13
7.000031591308969,2000000019968108.0,-12.93401,1.164099224726674e-13
10.0,49999999.5007974,-13.21306,6.122657982353981e-14
10.0,100000000.0,-13.2129,6.124914068474846e-14
10.0,200000001.9968108,-13.2127,6.127735345213945e-14
10.0,499999995.00797296,-13.21237,6.132393293247611e-14
10.0,1000000000.0,-13.21206,6.136772166672877e-14
10.0,2000000019.968108,-13.21167,6.14228551346057e-14
10.0,4999999950.07973,-13.21105,6.151060519318851e-14
10.0,10000000000.0,-13.21047,6.159280744499353e-14
10.0,20000000199.681084,-13.20978,6.169074287287741e-14
10.0,49999999500.797295,-13.20865,6.185146632603285e-14
10.0,100000000000.0,-13.20759,6.200261406738482e-14
10.0,200000001996.8108,-13.20632,6.21841926260361e-14
10.0,499999995007.97296,-13.20416,6.249424130657117e-14
10.0,1000000000000.0,-13.20202,6.280294363229986e-14
10.0,2000000019968.1084,-13.19936,6.318878430329277e-14
10.0,4999999950079.7295,-13.19498,6.382928799871358e-14
10.0,10000000000000.0,-13.19094,6.442582669359252e-14
10.0,20000000199681.08,-13.18634,6.51118447559121e-14
10.0,49999999500797.3,-13.17974,6.610891051801873e-14
10.0,100000000000000.0,-13.17409,6.69745801831346e-14
10.0,200000001996810.84,-13.16706,6.806753134276832e-14
10.0,499999995007973.0,-13.15485,7.000837546122205e-14
10.0,1000000000000000.0,-13.14402,7.177612363837873e-14
10.0,2000000019968108.0,-13.13243,7.371739841707003e-14
14.999956513820395,49999999.5007974,-13.3704,4.261868054241603e-14
14.999956513820395,100000000.0,-13.37034,4.262456893747254e-14
14.999956513820395,200000001.9968108,-13.37027,4.2631439759972784e-14
14.999956513820395,499999995.00797296,-13.37015,4.2643220889643045e-14
14.999956513820395,1000000000.0,-13.37003,4.2655005275009686e-14
14.999956513820395,2000000019.968108,-13.36989,4.2668757840642574e-14
14.999956513820395,4999999950.07973,-13.36966,4.269136096788133e-14
14.999956513820395,10000000000.0,-13.36944,4.2712992554461344e-14
14.999956513820395,20000000199.681084,-13.36918,4.2738571288317523e-14
14.999956513820395,49999999500.797295,-13.36876,4.277992314328989e-14
14.999956513820395,100000000000.0,-13.36837,4.2818357118909965e-14
14.999956513820395,200000001996.8108,-13.3679,4.2864720870238315e-14
14.999956513820395,499999995007.97296,-13.3671,4.2943753373348786e-14
14.999956513820395,1000000000000.0,-13.36633,4.301995977769542e-14
14.999956513820395,2000000019968.1084,-13.36539,4.3113174310470007e-14
14.999956513820395,4999999950079.7295,-13.36386,4.326532794962164e-14
14.999956513820395,10000000000000.0,-13.36246,4.3405023930819355e-14
14.999956513820395,20000000199681.08,-13.3609,4.3561216554646886e-14
14.999956513820395,49999999500797.3,-13.3587,4.378244391318422e-14
14.999956513820395,100000000000000.0,-13.35687,4.3967320578799935e-14
14.999956513820395,200000001996810.84,-13.35462,4.4195698277572576e-14
14.999956513820395,499999995007973.0,-13.35052,4.461490781835366e-14
14.999956513820395,1000000000000000.0,-13.3463,4.5050539892792445e-14
14.999956513820395,2000000019968108.0,-13.34048,4.5658327615499983e-14
20.000000199681043,49999999.5007974,-13.48632,3.2634728199752685e-14
20.000000199681043,100000000.0,-13.48631,3.2635479650790683e-14
20.000000199681043,200000001.9968108,-13.4863,3.2636231119131695e-14
20.000000199681043,499999995.00797296,-13.48628,3.2637734107724294e-14
20.000000199681043,1000000000.0,-13.48625,3.263998872039577e-14
20.000000199681043,2000000019.968108,-13.48622,3.2642243488815754e-14
20.000000199681043,4999999950.07973,-13.48618,3.2645250089003076e-14
20.000000199681043,10000000000.0,-13.48614,3.264825696612112e-14
20.000000199681043,20000000199.681084,-13.48609,3.26520159519917e-14
20.000000199681043,49999999500.797295,-13.48601,3.2658031229617257e-14
20.000000199681043,100000000000.0,-13.48594,3.2663295506567835e-14
20.000000199681043,200000001996.8108,-13.48586,3.2669312862155384e-14
20.000000199681043,499999995007.97296,-13.48573,3.2679093429383944e-14
20.000000199681043,1000000000000.0,-13.48561,3.2688124244185684e-14
20.000000199681043,2000000019968.1084,-13.48549,3.26971575546384e-14
20.000000199681043,4999999950079.7295,-13.48532,3.2709959017860614e-14
20.000000199681043,10000000000000.0,-13.48521,3.2718244988212587e-14
20.000000199681043,20000000199681.08,-13.48513,3.272427246680118e-14
20.000000199681043,49999999500797.3,-13.48513,3.272427246680118e-14
20.000000199681043,100000000000000.0,-13.48526,3.2714478377881345e-14
20.000000199681043,200000001996810.84,-13.48545,3.270016921283102e-14
20.000000199681043,499999995007973.0,-13.48543,3.2701675145949577e-14
20.000000199681043,1000000000000000.0,-13.48445,3.277555088805416e-14
20.000000199681043,2000000019968108.0,-13.48142,3.3005019980512356e-14
29.999913327161483,49999999.5007974,-13.65547,2.2107009608374436e-14
29.999913327161483,100000000.0,-13.6555,2.210548256299404e-14
29.999913327161483,200000001.9968108,-13.65554,2.2103446666567043e-14
29.999913327161483,499999995.00797296,-13.65561,2.2099884298991833e-14
29.999913327161483,1000000000.0,-13.65567,2.209683129804183e-14
29.999913327161483,2000000019.968108,-13.65575,2.2092761286167408e-14
29.999913327161483,4999999950.07973,-13.65588,2.2086149115683217e-14
29.999913327161483,10000000000.0,-13.65601,2.20795389241639e-14
29.999913327161483,20000000199.681084,-13.65616,2.2071914238398256e-14
29.999913327161483,49999999500.797295,-13.6564,2.2059720217473287e-14
29.999913327161483,100000000000.0,-13.65664,2.2047532933351692e-14
29.999913327161483,200000001996.8108,-13.65693,2.2032815614646783e-14
29.999913327161483,499999995007.97296,-13.65743,2.2007463994617095e-14
29.999913327161483,1000000000000.0,-13.65792,2.198264770826529e-14
29.999913327161483,2000000019968.1084,-13.65856,2.195027673910784e-14
29.999913327161483,4999999950079.7295,-13.65967,2.1894246331006188e-14
29.999913327161483,10000000000000.0,-13.66077,2.1838861799047433e-14
29.999913327161483,20000000199681.08,-13.66211,2.1771582623740766e-14
29.999913327161483,49999999500797.3,-13.66427,2.166356866398186e-14
29.999913327161483,100000000000000.0,-13.66631,2.1562047577862647e-14
29.999913327161483,200000001996810.84,-13.66891,2.1433347240527202e-14
29.999913327161483,499999995007973.0,-13.6729,2.1237334133953662e-14
29.999913327161483,1000000000000000.0,-13.67514,2.112807841268752e-14
29.999913327161483,2000000019968108.0,-13.67498,2.11358637184493e-14
49.9999995007974,49999999.5007974,-13.8798,1.3188639580261151e-14
49.9999995007974,100000000.0,-13.87986,1.3186817628226335e-14
49.9999995007974,200000001.9968108,-13.87994,1.3184388750365576e-14
49.9999995007974,499999995.00797296,-13.88007,1.318044277797136e-14
49.9999995007974,1000000000.0,-13.88019,1.3176801390143668e-14
49.9999995007974,2000000019.968108,-13.88035,1.3171947771235546e-14
49.9999995007974,4999999950.07973,-13.88061,1.3164064453280552e-14
49.9999995007974,10000000000.0,-13.88085,1.315679173213516e-14
49.9999995007974,20000000199.681084,-13.88114,1.314800922129182e-14
49.9999995007974,49999999500.797295,-13.88162,1.3133485532040544e-14
49.9999995007974,100000000000.0,-13.88208,1.3119582051265954e-14
49.9999995007974,200000001996.8108,-13.88264,1.310267593910948e-14
49.9999995007974,499999995007.97296,-13.88358,1.3074346783687855e-14
49.9999995007974,1000000000000.0,-13.88451,1.3046379278955927e-14
49.9999995007974,2000000019968.1084,-13.88568,1.3011279314087591e-14
49.9999995007974,4999999950079.7295,-13.88768,1.295149791591668e-14
49.9999995007974,10000000000000.0,-13.88963,1.2893475519100222e-14
49.9999995007974,20000000199681.08,-13.89201,1.2823010562431164e-14
49.9999995007974,49999999500797.3,-13.89579,1.2711886308200886e-14
49.9999995007974,100000000000000.0,-13.89929,1.2609852309173571e-14
49.9999995007974,200000001996810.84,-13.9037,1.248245473924536e-14
49.9999995007974,499999995007973.0,-13.91078,1.2280611709935071e-14
49.9999995007974,1000000000000000.0,-13.91565,1.2143671204859558e-14
49.9999995007974,2000000019968108.0,-13.91799,1.2078416463682871e-14
70.00031591308968,49999999.5007974,-14.03437,9.239107068243052e-15
70.00031591308968,100000000.0,-14.03444,9.237618020134802e-15
70.00031591308968,200000001.9968108,-14.03453,9.235703882338268e-15
70.00031591308968,499999995.00797296,-14.03467,9.232727122989376e-15
70.00031591308968,1000000000.0,-14.03482,9.229538802648334e-15
70.00031591308968,2000000019.968108,-14.035,9.225714271547627e-15
70.00031591308968,4999999950.07973,-14.0353,9.219343574515606e-15
70.00031591308968,10000000000.0,-14.03558,9.213401559737758e-15
70.00031591308968,20000000199.681084,-14.03593,9.205979426525248e-15
70.00031591308968,49999999500.797295,-14.03649,9.194116447957269e-15
70.00031591308968,100000000000.0,-14.03703,9.182691625061264e-15
70.00031591308968,200000001996.8108,-14.03769,9.168747230395614e-15
70.00031591308968,499999995007.97296,-14.0388,9.1453430312046e-15
70.00031591308968,1000000000000.0,-14.03988,9.122628720815158e-15
70.00031591308968,2000000019968.1084,-14.04123,9.094315150819816e-15
70.00031591308968,4999999950079.7295,-14.04355,9.045862873978248e-15
70.00031591308968,10000000000000.0,-14.04581,8.998911898711036e-15
70.00031591308968,20000000199681.08,-14.04857,8.941903938537312e-15
70.00031591308968,49999999500797.3,-14.05299,8.851359906055659e-15
70.00031591308968,100000000000000.0,-14.05706,8.768796673717953e-15
70.00031591308968,200000001996810.84,-14.06217,8.666225790760814e-15
70.00031591308968,499999995007973.0,-14.0705,8.501586931874385e-15
70.00031591308968,1000000000000000.0,-14.07653,8.384361595033059e-15
70.00031591308968,2000000019968108.0,-14.08013,8.31514831471003e-15
100.0,49999999.5007974,-14.20407,6.250719349634194e-15
100.0,100000000.0,-14.20415,6.249568030622245e-15
100.0,200000001.9968108,-14.20425,6.248129180063901e-15
100.0,499999995.00797296,-14.20441,6.2458277081792715e-15
100.0,1000000000.0,-14.20457,6.2435270840320255e-15
100.0,2000000019.968108,-14.20476,6.240796193491465e-15
100.0,4999999950.07973,-14.20509,6.236055906466823e-15
100.0,10000000000.0,-14.2054,6.231606189458353e-15
100.0,20000000199.681084,-14.20577,6.226299393057754e-15
100.0,49999999500.797295,-14.20639,6.2174170526096226e-15
100.0,100000000000.0,-14.20698,6.208976269640893e-15
100.0,200000001996.8108,-14.20769,6.1988339081428596e-15
100.0,499999995007.97296,-14.2089,6.181587200579921e-15
100.0,1000000000000.0,-14.21007,6.164956264982263e-15
100.0,2000000019968.1084,-14.21154,6.1441243962266355e-15
100.0,4999999950079.7295,-14.21404,6.108857576568442e-15
100.0,10000000000000.0,-14.21648,6.0746323693532865e-15
100.0,20000000199681.08,-14.21948,6.032814894262028e-15
100.0,49999999500797.3,-14.22432,5.9659553675727354e-15
100.0,100000000000000.0,-14.22877,5.905137302415123e-15
100.0,200000001996810.84,-14.23432,5.830153643753185e-15
100.0,499999995007973.0,-14.24351,5.708079326821796e-15
100.0,1000000000000000.0,-14.25046,5.617460146930353e-15
100.0,2000000019968108.0,-14.25515,5.557122878958595e-15
149.99956513820388,49999999.5007974,-14.40417,3.943029261360578e-15
149.99956513820388,100000000.0,-14.40425,3.942302995422333e-15
149.99956513820388,200000001.9968108,-14.40435,3.941395351111809e-15
149.99956513820388,499999995.00797296,-14.40451,3.93994355485002e-15
149.99956513820388,1000000000.0,-14.40467,3.938492293351228e-15
149.99956513820388,2000000019.968108,-14.40488,3.9365883238486116e-15
149.99956513820388,4999999950.07973,-14.40522,3.9335076578390235e-15
149.99956513820388,10000000000.0,-14.40554,3.930610409804964e-15
149.99956513820388,20000000199.681084,-14.40593,3.927082273864509e-15
149.99956513820388,49999999500.797295,-14.40657,3.921299373603656e-15
149.99956513820388,100000000000.0,-14.40718,3.9157954732896276e-15
149.99956513820388,200000001996.8108,-14.40793,3.909038969789879e-15
149.99956513820388,499999995007.97296,-14.40919,3.897714278131872e-15
149.99956513820388,1000000000000.0,-14.4104,3.8868698613730306e-15
149.99956513820388,2000000019968.1084,-14.41192,3.873289869866898e-15
149.99956513820388,4999999950079.7295,-14.41452,3.850170835784009e-15
149.99956513820388,10000000000000.0,-14.41704,3.827894854786433e-15
149.99956513820388,20000000199681.08,-14.42017,3.800406043097912e-15
149.99956513820388,49999999500797.3,-14.42526,3.756124682494597e-15
149.99956513820388,100000000000000.0,-14.42993,3.715951183271471e-15
149.99956513820388,200000001996810.84,-14.43574,3.666570162892699e-15
149.99956513820388,499999995007973.0,-14.44547,3.585337140527247e-15
149.99956513820388,1000000000000000.0,-14.45317,3.5223296616942538e-15
149.99956513820388,2000000019968108.0,-14.45889,3.4762419806619256e-15
200.00000199681045,49999999.5007974,-14.5506,2.814491879812151e-15
200.00000199681045,100000000.0,-14.55068,2.8139734789963485e-15
200.00000199681045,200000001.9968108,-14.55078,2.8133256122491465e-15
200.00000199681045,499999995.00797296,-14.55094,2.8122893356914164e-15
200.00000199681045,1000000000.0,-14.55111,2.8111887100843636e-15
200.00000199681045,2000000019.968108,-14.55131,2.809894407887837e-15
200.00000199681045,4999999950.07973,-14.55165,2.807695461622496e-15
200.00000199681045,10000000000.0,-14.55198,2.8055628359200643e-15
200.00000199681045,20000000199.681084,-14.55237,2.8030445484169524e-15
200.00000199681045,49999999500.797295,-14.55302,2.7988524247490563e-15
200.00000199681045,100000000000.0,-14.55363,2.794923980814582e-15
200.00000199681045,200000001996.8108,-14.55439,2.790037239650218e-15
200.00000199681045,499999995007.97296,-14.55565,2.7819543549060173e-15
200.00000199681045,1000000000000.0,-14.55688,2.7740865071931196e-15
200.00000199681045,2000000019968.1084,-14.5584,2.764394371220332e-15
200.00000199681045,4999999950079.7295,-14.56101,2.747830881229706e-15
200.00000199681045,10000000000000.0,-14.56354,2.731869817782119e-15
200.00000199681045,20000000199681.08,-14.56669,2.712126861017019e-15
200.00000199681045,49999999500797.3,-14.57186,2.680032125866325e-15
200.00000199681045,100000000000000.0,-14.57661,2.650879581632253e-15
200.00000199681045,200000001996810.84,-14.58247,2.6153511039522377e-15
200.00000199681045,499999995007973.0,-14.59239,2.556289287170952e-15
200.00000199681045,1000000000000000.0,-14.60047,2.509169500767676e-15
200.00000199681045,2000000019968108.0,-14.60683,2.4726918647845787e-15
299.999133271615,49999999.5007974,-14.76296,1.725996854854724e-15
299.999133271615,100000000.0,-14.76305,1.7256392089973853e-15
299.999133271615,200000001.9968108,-14.76315,1.7252419116278392e-15
299.999133271615,499999995.00797296,-14.76331,1.724606426086582e-15
299.999133271615,1000000000.0,-14.76347,1.7239711746237357e-15
299.999133271615,2000000019.968108,-14.76367,1.7231774393365812e-15
299.999133271615,4999999950.07973,-14.764,1.7218685749860097e-15
299.999133271615,10000000000.0,-14.76433,1.720560704802289e-15
299.999133271615,20000000199.681084,-14.76472,1.7190163207429501e-15
299.999133271615,49999999500.797295,-14.76536,1.716484950316675e-15
299.999133271615,100000000000.0,-14.76597,1.714075707574163e-15
299.999133271615,200000001996.8108,-14.76672,1.711118158183227e-15
299.999133271615,499999995007.97296,-14.76798,1.7061609588097745e-15
299.999133271615,1000000000000.0,-14.76919,1.701413991953114e-15
299.999133271615,2000000019968.1084,-14.77069,1.6955476528512758e-15
299.999133271615,4999999950079.7295,-14.77327,1.6855048246538425e-15
299.999133271615,10000000000000.0,-14.77578,1.6757915646373937e-15
299.999133271615,20000000199681.08,-14.7789,1.6637957093869996e-15
299.999133271615,49999999500797.3,-14.78408,1.6440688466463757e-15
299.999133271615,100000000000000.0,-14.78885,1.6261102973696424e-15
299.999133271615,200000001996810.84,-14.7947,1.604353255970202e-15
299.999133271615,499999995007973.0,-14.80469,1.5678698184168112e-15
299.999133271615,1000000000000000.0,-14.81314,1.537658877742442e-15
299.999133271615,2000000019968108.0,-14.82026,1.5126553926908821e-15
499.999995007974,49999999.5007974,-15.03982,9.12388914561429e-16
499.999995007974,100000000.0,-15.0399,9.122208617910445e-16
499.999995007974,200000001.9968108,-15.04,9.120108393559117e-16
499.999995007974,499999995.00797296,-15.04015,9.11695896363265e-16
499.999995007974,1000000000.0,-15.04031,9.113600770464194e-16
499.999995007974,2000000019.968108,-15.0405,9.109614522659145e-16
499.999995007974,4999999950.07973,-15.04082,9.102904782889293e-16
499.999995007974,10000000000.0,-15.04114,9.096199985217448e-16
499.999995007974,20000000199.681084,-15.04151,9.08845371886603e-16
499.999995007974,49999999500.797295,-15.04214,9.07527930579417e-16
499.999995007974,100000000000.0,-15.04274,9.062750001017586e-16
499.999995007974,200000001996.8108,-15.04346,9.047737666441275e-16
499.999995007974,499999995007.97296,-15.04468,9.022356845677922e-16
499.999995007974,1000000000000.0,-15.04585,8.998083106463264e-16
499.999995007974,2000000019968.1084,-15.04731,8.967884371609999e-16
499.999995007974,4999999950079.7295,-15.0498,8.916614688795417e-16
499.999995007974,10000000000000.0,-15.05222,8.867067203602582e-16
499.999995007974,20000000199681.08,-15.05525,8.805418464556927e-16
499.999995007974,49999999500797.3,-15.06033,8.703020369624552e-16
499.999995007974,100000000000000.0,-15.06504,8.609144553812522e-16
499.999995007974,200000001996810.84,-15.07077,8.496303155120463e-16
499.999995007974,499999995007973.0,-15.08061,8.30596315000802e-16
499.999995007974,1000000000000000.0,-15.08931,8.141229544811659e-16
499.999995007974,2000000019968108.0,-15.09719,7.994844111172507e-16
700.0031591308968,49999999.5007974,-15.22738,5.924067522986952e-16
700.0031591308968,100000000.0,-15.22746,5.922976369923476e-16
700.0031591308968,200000001.9968108,-15.22755,5.921749062958312e-16
700.0031591308968,499999995.00797296,-15.2277,5.91970411646087e-16
700.0031591308968,1000000000.0,-15.22785,5.917659876140969e-16
700.0031591308968,2000000019.968108,-15.22804,5.915071518444989e-16
700.0031591308968,4999999950.07973,-15.22836,5.910714737978582e-16
700.0031591308968,10000000000.0,-15.22866,5.90663317077088e-16
700.0031591308968,20000000199.681084,-15.22903,5.9016031193367375e-16
700.0031591308968,49999999500.797295,-15.22964,5.893319682606443e-16
700.0031591308968,100000000000.0,-15.23021,5.885589930335396e-16
700.0031591308968,200000001996.8108,-15.23092,5.875975820358116e-16
700.0031591308968,499999995007.97296,-15.23211,5.859897236836871e-16
700.0031591308968,1000000000000.0,-15.23325,5.844535487838665e-16
700.0031591308968,2000000019968.1084,-15.23466,5.825591125480146e-16
700.0031591308968,4999999950079.7295,-15.23708,5.793219715465991e-16
700.0031591308968,10000000000000.0,-15.23943,5.76195682846975e-16
700.0031591308968,20000000199681.08,-15.24237,5.723082415101964e-16
700.0031591308968,49999999500797.3,-15.24734,5.657961657072041e-16
700.0031591308968,100000000000000.0,-15.25197,5.597962695159076e-16
700.0031591308968,200000001996810.84,-15.25758,5.526116037489283e-16
700.0031591308968,499999995007973.0,-15.26721,5.404929082562512e-16
700.0031591308968,1000000000000000.0,-15.27596,5.29712229944313e-16
700.0031591308968,2000000019968108.0,-15.28424,5.197087155122979e-16
1000.0,49999999.5007974,-15.4303,3.7127867027563903e-16
1000.0,100000000.0,-15.43038,3.712102845158728e-16
1000.0,200000001.9968108,-15.43047,3.711333655921302e-16
1000.0,499999995.00797296,-15.43061,3.710137456119113e-16
1000.0,1000000000.0,-15.43076,3.7088562413099003e-16
1000.0,2000000019.968108,-15.43093,3.707404732711442e-16
1000.0,4999999950.07973,-15.43124,3.704759326361025e-16
1000.0,10000000000.0,-15.43153,3.7022863002906765e-16
1000.0,20000000199.681084,-15.43189,3.6992186333796647e-16
1000.0,49999999500.797295,-15.43248,3.6941965637044083e-16
1000.0,100000000000.0,-15.43304,3.6894361604240285e-16
1000.0,200000001996.8108,-15.43372,3.683663916892062e-16
1000.0,499999995007.97296,-15.43487,3.6739225779186136e-16
1000.0,1000000000000.0,-15.43597,3.664628881330275e-16
1000.0,2000000019968.1084,-15.43734,3.65308687160448e-16
1000.0,4999999950079.7295,-15.43967,3.633540455915077e-16
1000.0,10000000000000.0,-15.44194,3.614597967065869e-16
1000.0,20000000199681.08,-15.44477,3.591120680955231e-16
1000.0,49999999500797.3,-15.4496,3.5514033498288214e-16
1000.0,100000000000000.0,-15.45412,3.514633142078558e-16
1000.0,200000001996810.84,-15.45958,3.4707233691174747e-16
1000.0,499999995007973.0,-15.46895,3.3966437564581196e-16
1000.0,1000000000000000.0,-15.47765,3.3292775327627224e-16
1000.0,2000000019968108.0,-15.48627,3.263848562797681e-16
1499.995651382039,49999999.5007974,-15.66562,2.1596332236139848e-16
1499.995651382039,100000000.0,-15.66569,2.1592851599166702e-16
1499.995651382039,200000001.9968108,-15.66578,2.1588377318752552e-16
1499.995651382039,499999995.00797296,-15.66592,2.1581419169722466e-16
1499.995651382039,1000000000.0,-15.66606,2.157446326337312e-16
1499.995651382039,2000000019.968108,-15.66622,2.156651640132919e-16
1499.995651382039,4999999950.07973,-15.66652,2.155162392384877e-16
1499.995651382039,10000000000.0,-15.6668,2.1537733556621746e-16
1499.995651382039,20000000199.681084,-15.66714,2.152087871729565e-16
1499.995651382039,49999999500.797295,-15.6677,2.1493146554191767e-16
1499.995651382039,100000000000.0,-15.66824,2.1466438670486984e-16
1499.995651382039,200000001996.8108,-15.6689,2.143384076726759e-16
1499.995651382039,499999995007.97296,-15.67,2.1379620895022324e-16
1499.995651382039,1000000000000.0,-15.67106,2.1327502424569899e-16
1499.995651382039,2000000019968.1084,-15.67236,2.126375697283047e-16
1499.995651382039,4999999950079.7295,-15.67459,2.1154852421821747e-16
1499.995651382039,10000000000000.0,-15.67677,2.1048928844834716e-16
1499.995651382039,20000000199681.08,-15.67948,2.0917992357995427e-16
1499.995651382039,49999999500797.3,-15.68412,2.069569426615435e-16
1499.995651382039,100000000000000.0,-15.68851,2.0487548750900368e-16
1499.995651382039,200000001996810.84,-15.69379,2.0239976317199731e-16
1499.995651382039,499999995007973.0,-15.70281,1.982394116035716e-16
1499.995651382039,1000000000000000.0,-15.71138,1.9436586703763131e-16
1499.995651382039,2000000019968108.0,-15.72027,1.904276465055205e-16
2000.000019968104,49999999.5007974,-15.83528,1.461234777819886e-16
2000.000019968104,100000000.0,-15.83535,1.460999273580618e-16
2000.000019968104,200000001.9968108,-15.83544,1.460696538186691e-16
2000.000019968104,499999995.00797296,-15.83557,1.4602593644712352e-16
2000.000019968104,1000000000.0,-15.8357,1.4598223215980595e-16
2000.000019968104,2000000019.968108,-15.83586,1.4592846022371234e-16
2000.000019968104,4999999950.07973,-15.83615,1.4583104906829096e-16
2000.000019968104,10000000000.0,-15.83642,1.457404143769984e-16
2000.000019968104,20000000199.681084,-15.83675,1.4562971513705883e-16
2000.000019968104,49999999500.797295,-15.8373,1.454454032238605e-16
2000.000019968104,100000000000.0,-15.83782,1.4527135922294518e-16
2000.000019968104,200000001996.8108,-15.83846,1.450574370989465e-16
2000.000019968104,499999995007.97296,-15.83953,1.4470048940855474e-16
2000.000019968104,1000000000000.0,-15.84055,1.4436103929344806e-16
2000.000019968104,2000000019968.1084,-15.84182,1.439395033960868e-16
2000.000019968104,4999999950079.7295,-15.84397,1.4322868347258287e-16
2000.000019968104,10000000000000.0,-15.84608,1.425345011164186e-16
2000.000019968104,20000000199681.08,-15.8487,1.4167721135183674e-16
2000.000019968104,49999999500797.3,-15.8532,1.402167833705761e-16
2000.000019968104,100000000000000.0,-15.85749,1.388385278313445e-16
2000.000019968104,200000001996810.84,-15.86264,1.3720186031701152e-16
2000.000019968104,499999995007973.0,-15.8714,1.3446213415344899e-16
2000.000019968104,1000000000000000.0,-15.87983,1.3187728572779746e-16
2000.000019968104,2000000019968108.0,-15.88883,1.2917248067325904e-16
2999.99133271615,49999999.5007974,-16.07779,8.360071658159366e-17
2999.99133271615,100000000.0,-16.07785,8.358916751356728e-17
2999.99133271615,200000001.9968108,-16.07794,8.357184690293261e-17
2999.99133271615,499999995.00797296,-16.07807,8.354683457911145e-17
2999.99133271615,1000000000.0,-16.07819,8.352375292460267e-17
2999.99133271615,2000000019.968108,-16.07834,8.349490982365693e-17
2999.99133271615,4999999950.07973,-16.07861,8.344301733968513e-17
2999.99133271615,10000000000.0,-16.07887,8.339307728159895e-17
2999.99133271615,20000000199.681084,-16.07919,8.333165362357502e-17
2999.99133271615,49999999500.797295,-16.07971,8.32319366570844e-17
2999.99133271615,100000000000.0,-16.08021,8.313616748852341e-17
2999.99133271615,200000001996.8108,-16.08082,8.301947831619804e-17
2999.99133271615,499999995007.97296,-16.08184,8.282472450723914e-17
2999.99133271615,1000000000000.0,-16.08282,8.263803846164069e-17
2999.99133271615,2000000019968.1084,-16.08403,8.240811875350873e-17
2999.99133271615,4999999950079.7295,-16.08608,8.202004439081514e-17
2999.99133271615,10000000000000.0,-16.08809,8.164131663560028e-17
2999.99133271615,20000000199681.08,-16.09059,8.117270151572912e-17
2999.99133271615,49999999500797.3,-16.09489,8.037296685618723e-17
2999.99133271615,100000000000000.0,-16.09902,7.961226867684995e-17
2999.99133271615,200000001996810.84,-16.10399,7.870639123027713e-17
2999.99133271615,499999995007973.0,-16.11237,7.720225751985563e-17
2999.99133271615,1000000000000000.0,-16.12054,7.576349488946736e-17
2999.99133271615,2000000019968108.0,-16.12962,7.41959158521214e-17
4999.99995007974,49999999.5007974,-16.38822,4.0905339358298264e-17
4999.99995007974,100000000.0,-16.38828,4.089968846717904e-17
4999.99995007974,200000001.9968108,-16.38836,4.089215516000606e-17
4999.99995007974,499999995.00797296,-16.38848,4.0880857800838514e-17
4999.99995007974,1000000000.0,-16.3886,4.086956356281579e-17
4999.99995007974,2000000019.968108,-16.38874,4.085639089541879e-17
4999.99995007974,4999999950.07973,-16.38899,4.0832878834225805e-17
4999.99995007974,10000000000.0,-16.38923,4.0810319985294223e-17
4999.99995007974,20000000199.681084,-16.38953,4.0782138949468297e-17
4999.99995007974,49999999500.797295,-16.39003,4.073521379433953e-17
4999.99995007974,100000000000.0,-16.3905,4.06911533809197e-17
4999.99995007974,200000001996.8108,-16.39107,4.0637782351992485e-17
4999.99995007974,499999995007.97296,-16.39203,4.0548052487858315e-17
4999.99995007974,1000000000000.0,-16.39295,4.046224728996821e-17
4999.99995007974,2000000019968.1084,-16.39409,4.0356175312653565e-17
4999.99995007974,4999999950079.7295,-16.39602,4.017723081243529e-17
4999.99995007974,10000000000000.0,-16.39791,4.0002763996327356e-17
4999.99995007974,20000000199681.08,-16.40026,3.9786890621627663e-17
4999.99995007974,49999999500797.3,-16.40429,3.941939912618795e-17
4999.99995007974,100000000000000.0,-16.40821,3.906519531487366e-17
4999.99995007974,200000001996810.84,-16.41295,3.8641146175685606e-17
4999.99995007974,499999995007973.0,-16.42087,3.794285446229759e-17
4999.99995007974,1000000000000000.0,-16.42864,3.727005211229041e-17
4999.99995007974,2000000019968108.0,-16.43766,3.650396169137965e-17
7000.031591308969,49999999.5007974,-16.59525,2.5395104249994827e-17
7000.031591308969,100000000.0,-16.59531,2.539159602903079e-17
7000.031591308969,200000001.9968108,-16.59539,2.5386919154959907e-17
7000.031591308969,499999995.00797296,-16.5955,2.538048985963773e-17
7000.031591308969,1000000000.0,-16.59562,2.5373477939902465e-17
7000.031591308969,2000000019.968108,-16.59575,2.536588387957927e-17
7000.031591308969,4999999950.07973,-16.59599,2.5351870046638937e-17
7000.031591308969,10000000000.0,-16.59622,2.533844738848495e-17
7000.031591308969,20000000199.681084,-16.59651,2.532153329624473e-17
7000.031591308969,49999999500.797295,-16.59699,2.5293562363552677e-17
7000.031591308969,100000000000.0,-16.59744,2.5267367676042118e-17
7000.031591308969,200000001996.8108,-16.59799,2.5235388784416368e-17
7000.031591308969,499999995007.97296,-16.59892,2.5181407437056e-17
7000.031591308969,1000000000000.0,-16.5998,2.5130434643562977e-17
7000.031591308969,2000000019968.1084,-16.60089,2.5067440917048946e-17
7000.031591308969,4999999950079.7295,-16.60274,2.496088618398061e-17
7000.031591308969,10000000000000.0,-16.60455,2.4857073701170877e-17
7000.031591308969,20000000199681.08,-16.6068,2.4728626781870225e-17
7000.031591308969,49999999500797.3,-16.61067,2.450924877289009e-17
7000.031591308969,100000000000000.0,-16.61444,2.4297410999716658e-17
7000.031591308969,200000001996810.84,-16.61902,2.4042520775576082e-17
7000.031591308969,499999995007973.0,-16.62664,2.3624357170948312e-17
7000.031591308969,1000000000000000.0,-16.63413,2.3220416215218608e-17
7000.031591308969,2000000019968108.0,-16.64303,2.2749402780371226e-17
10000.0,49999999.5007974,-16.81661,1.5254219803428117e-17
10000.0,100000000.0,-16.81667,1.525211250065139e-17
10000.0,200000001.9968108,-16.81674,1.5249654348678678e-17
10000.0,499999995.00797296,-16.81685,1.5245792338847264e-17
10000.0,1000000000.0,-16.81696,1.5241931307078548e-17
10000.0,2000000019.968108,-16.81709,1.5237369530168732e-17
10000.0,4999999950.07973,-16.81732,1.5229302038421842e-17
10000.0,10000000000.0,-16.81754,1.52215893040546e-17
10000.0,20000000199.681084,-16.81781,1.521212901383267e-17
10000.0,49999999500.797295,-16.81827,1.5196025022035e-17
10000.0,100000000000.0,-16.81871,1.518063715645963e-17
10000.0,200000001996.8108,-16.81924,1.5162122460474244e-17
10000.0,499999995007.97296,-16.82012,1.5131430937809138e-17
10000.0,1000000000000.0,-16.82097,1.5101844704086317e-17
10000.0,2000000019968.1084,-16.82201,1.5065723756764208e-17
10000.0,4999999950079.7295,-16.82378,1.500444721381547e-17
10000.0,10000000000000.0,-16.82551,1.494479630305087e-17
10000.0,20000000199681.08,-16.82766,1.4870994054784908e-17
10000.0,49999999500797.3,-16.83135,1.474517733417177e-17
10000.0,100000000000000.0,-16.83496,1.462311852153373e-17
10000.0,200000001996810.84,-16.83938,1.4475047581888478e-17
10000.0,499999995007973.0,-16.8467,1.4233116364666493e-17
10000.0,1000000000000000.0,-16.85388,1.399974096273554e-17
10000.0,2000000019968108.0,-16.86258,1.37220816763944e-17
