Te_eV,ne_cm3,log10_K,SCD_cm3_s
0.2000000019968104,49999999.5007974,-37.87042,1.3476589504340952e-38
0.2000000019968104,100000000.0,-37.83901,1.4487384947240835e-38
0.2000000019968104,200000001.9968108,-37.80371,1.5714117637710466e-38
0.2000000019968104,499999995.00797296,-37.75084,1.774843236869222e-38
0.2000000019968104,1000000000.0,-37.70581,1.9687474109303e-38
0.2000000019968104,2000000019.968108,-37.65623,2.2068356952840311e-38
0.2000000019968104,4999999950.07973,-37.58411,2.6054935356534935e-38
0.2000000019968104,10000000000.0,-37.52437,2.9897164429771573e-38
0.2000000019968104,20000000199.681084,-37.4594,3.472162161722177e-38
0.2000000019968104,49999999500.797295,-37.36387,4.326433174009938e-38
0.2000000019968104,100000000000.0,-37.28296,5.212427171226955e-38
0.2000000019968104,200000001996.8108,-37.19324,6.408553289693988e-38
0.2000000019968104,499999995007.97296,-37.05794,8.75104667053998e-38
0.2000000019968104,1000000000000.0,-36.9386,1.1518608035366749e-37
0.2000000019968104,2000000019968.1084,-36.79741,1.594373252686694e-37
0.2000000019968104,4999999950079.7295,-36.56496,2.722952089684446e-37
0.2000000019968104,10000000000000.0,-36.35321,4.433941919873337e-37
0.2000000019968104,20000000199681.08,-36.11589,7.657905451177516e-37
0.2000000019968104,49999999500797.3,-35.76914,1.701609885754195e-36
0.2000000019968104,100000000000000.0,-35.48399,3.281028478734072e-36
0.2000000019968104,200000001996810.84,-35.18291,6.562812551208939e-36
0.2000000019968104,499999995007973.0,-34.77259,1.6881459842551814e-35
0.2000000019968104,1000000000000000.0,-34.46404,3.43526306500663e-35
0.2000000019968104,2000000019968108.0,-34.16503,6.83864405970184e-35
0.2999991332716148,49999999.5007974,-27.99641,1.0083005405163133e-28
0.2999991332716148,100000000.0,-27.97238,1.0656632766360247e-28
0.2999991332716148,200000001.9968108,-27.94513,1.1346711168489163e-28
0.2999991332716148,499999995.00797296,-27.90387,1.2477569570016618e-28
0.2999991332716148,1000000000.0,-27.86841,1.353910636101675e-28
0.2999991332716148,2000000019.968108,-27.82928,1.481562578465984e-28
0.2999991332716148,4999999950.07973,-27.77226,1.6894292146535188e-28
0.2999991332716148,10000000000.0,-27.7249,1.884082865659593e-28
0.2999991332716148,20000000199.681084,-27.67332,2.1216805738936077e-28
0.2999991332716148,49999999500.797295,-27.59755,2.526096865740553e-28
0.2999991332716148,100000000000.0,-27.53359,2.9269142562942327e-28
0.2999991332716148,200000001996.8108,-27.46295,3.443895777964294e-28
0.2999991332716148,499999995007.97296,-27.35687,4.396732057879994e-28
0.2999991332716148,1000000000000.0,-27.26284,5.459589627597451e-28
0.2999991332716148,2000000019968.1084,-27.14977,7.083208079248353e-28
0.2999991332716148,4999999950079.7295,-26.96037,1.0955444422492875e-27
0.2999991332716148,10000000000000.0,-26.78652,1.6348578614094172e-27
0.2999991332716148,20000000199681.08,-26.59027,2.5687982695523077e-27
0.2999991332716148,49999999500797.3,-26.29796,5.0354698504342204e-27
0.2999991332716148,100000000000000.0,-26.05311,8.848914522788694e-27
0.2999991332716148,200000001996810.84,-25.79271,1.6117215024459065e-26
0.2999991332716148,499999995007973.0,-25.43327,3.6874827723594943e-26
0.2999991332716148,1000000000000000.0,-25.15464,7.004223569776169e-26
0.2999991332716148,2000000019968108.0,-24.87493,1.3337363877461967e-25
0.4999999950079739,49999999.5007974,-20.07382,8.43684363216429e-21
0.4999999950079739,100000000.0,-20.05674,8.775260142816919e-21
0.4999999950079739,200000001.9968108,-20.03719,9.179309219545752e-21
0.4999999950079739,499999995.00797296,-20.0072,9.835580562269556e-21
0.4999999950079739,1000000000.0,-19.98115,1.0443594479469103e-20
0.4999999950079739,2000000019.968108,-19.95225,1.1162205146254707e-20
0.4999999950079739,4999999950.07973,-19.90986,1.2306654265367871e-20
0.4999999950079739,10000000000.0,-19.87442,1.3353035389107674e-20
0.4999999950079739,20000000199.681084,-19.83566,1.4599567823947532e-20
0.4999999950079739,49999999500.797295,-19.77859,1.6649837530215928e-20
0.4999999950079739,100000000000.0,-19.73045,1.8601587095808435e-20
0.4999999950079739,200000001996.8108,-19.67739,2.1018900775147574e-20
0.4999999950079739,499999995007.97296,-19.59788,2.5241781323250614e-20
0.4999999950079739,1000000000000.0,-19.52712,2.970845043498242e-20
0.4999999950079739,2000000019968.1084,-19.44198,3.614265065620935e-20
0.4999999950079739,4999999950079.7295,-19.3015,4.994591802082474e-20
0.4999999950079739,10000000000000.0,-19.17507,6.682362019377885e-20
0.4999999950079739,20000000199681.08,-19.03276,9.27342150015806e-20
0.4999999950079739,49999999500797.3,-18.81808,1.520267460322627e-19
0.4999999950079739,100000000000000.0,-18.63745,2.3043582598334852e-19
0.4999999950079739,200000001996810.84,-18.44509,3.5884756200482743e-19
0.4999999950079739,499999995007973.0,-18.1694,6.7701766405182505e-19
0.4999999950079739,1000000000000000.0,-17.93952,1.1494233093014357e-18
0.4999999950079739,2000000019968108.0,-17.69488,2.0189241359732417e-18
0.700003159130897,49999999.5007974,-16.63939,2.2940876133810112e-17
0.700003159130897,100000000.0,-16.62645,2.363469487971571e-17
0.700003159130897,200000001.9968108,-16.61152,2.446132624887066e-17
0.700003159130897,499999995.00797296,-16.5884,2.5798829360403722e-17
0.700003159130897,1000000000.0,-16.56813,2.703149092988136e-17
0.700003159130897,2000000019.968108,-16.5455,2.8477378001737427e-17
0.700003159130897,4999999950.07973,-16.51202,3.0759551585090857e-17
0.700003159130897,10000000000.0,-16.48377,3.2826909661788413e-17
0.700003159130897,20000000199.681084,-16.45262,3.5267932425601456e-17
0.700003159130897,49999999500.797295,-16.4063,3.923737995448593e-17
0.700003159130897,100000000000.0,-16.36673,4.2980355171855944e-17
0.700003159130897,200000001996.8108,-16.32247,4.759156649428472e-17
0.700003159130897,499999995007.97296,-16.25444,5.566215290525469e-17
0.700003159130897,1000000000000.0,-16.19228,6.422734947768815e-17
0.700003159130897,2000000019968.1084,-16.11699,7.638533717490666e-17
0.700003159130897,4999999950079.7295,-15.99548,1.0104620329530372e-16
0.700003159130897,10000000000000.0,-15.88961,1.2894069299262983e-16
0.700003159130897,20000000199681.08,-15.77255,1.6883014754068303e-16
0.700003159130897,49999999500797.3,-15.59913,2.5169234090449724e-16
0.700003159130897,100000000000000.0,-15.45699,3.491483548240005e-16
0.700003159130897,200000001996810.84,-15.30657,4.936623428682189e-16
0.700003159130897,499999995007973.0,-15.08271,8.265897203530477e-16
0.700003159130897,1000000000000000.0,-14.88651,1.2986436611095473e-15
0.700003159130897,2000000019968108.0,-14.67406,2.1180684930576738e-15
1.0,49999999.5007974,-14.05945,8.720672959655697e-15
1.0,100000000.0,-14.04939,8.925036481773946e-15
1.0,200000001.9968108,-14.03771,9.168325003703912e-15
1.0,499999995.00797296,-14.01949,9.561147101211431e-15
1.0,1000000000.0,-14.00342,9.921560843118938e-15
1.0,2000000019.968108,-13.98537,1.0342606461600391e-14
1.0,4999999950.07973,-13.9585,1.1002718452957332e-14
1.0,10000000000.0,-13.93566,1.1596848937333672e-14
1.0,20000000199.681084,-13.9103,1.2294192247093787e-14
1.0,49999999500.797295,-13.87223,1.3420540283734767e-14
1.0,100000000000.0,-13.83931,1.4477380871939126e-14
1.0,200000001996.8108,-13.80193,1.5778655710865173e-14
1.0,499999995007.97296,-13.74322,1.8062588999582808e-14
1.0,1000000000000.0,-13.68878,2.047481564181125e-14
1.0,2000000019968.1084,-13.62317,2.381387117989684e-14
1.0,4999999950079.7295,-13.5199,3.02064717004684e-14
1.0,10000000000000.0,-13.43209,3.6975154724408633e-14
1.0,20000000199681.08,-13.33619,4.611157963373321e-14
1.0,49999999500797.3,-13.19722,6.35009174577494e-14
1.0,100000000000000.0,-13.0863,8.197850612375767e-14
1.0,200000001996810.84,-12.96858,1.0750285545746493e-13
1.0,499999995007973.0,-12.78692,1.6333527948882193e-13
1.0,1000000000000000.0,-12.62424,2.375527159005884e-13
1.0,2000000019968108.0,-12.45197,3.532075676636762e-13
1.4999956513820392,49999999.5007974,-12.02119,9.523794152858945e-13
1.4999956513820392,100000000.0,-12.0138,9.68723867382764e-13
1.4999956513820392,200000001.9968108,-12.00516,9.88188965317058e-13
1.4999956513820392,499999995.00797296,-11.99155,1.0196473620460765e-12
1.4999956513820392,1000000000.0,-11.97943,1.0485037788040057e-12
1.4999956513820392,2000000019.968108,-11.96574,1.0820815694948578e-12
1.4999956513820392,4999999950.07973,-11.94516,1.1345927392520389e-12
1.4999956513820392,10000000000.0,-11.9275,1.1816803125447833e-12
1.4999956513820392,20000000199.681084,-11.90771,1.2367730125533585e-12
1.4999956513820392,49999999500.797295,-11.8776,1.325561860719861e-12
1.4999956513820392,100000000000.0,-11.85106,1.409094111427946e-12
1.4999956513820392,200000001996.8108,-11.82024,1.5127250546500541e-12
1.4999956513820392,499999995007.97296,-11.77052,1.696211487035737e-12
1.4999956513820392,1000000000000.0,-11.72373,1.889165474432905e-12
1.4999956513820392,2000000019968.1084,-11.66776,2.1490177371368964e-12
1.4999956513820392,4999999950079.7295,-11.5818,2.619389003721493e-12
1.4999956513820392,10000000000000.0,-11.51028,3.088303687550462e-12
1.4999956513820392,20000000199681.08,-11.43331,3.687143158285046e-12
1.4999956513820392,49999999500797.3,-11.32491,4.732493215152177e-12
1.4999956513820392,100000000000000.0,-11.24044,5.748572328213661e-12
1.4999956513820392,200000001996810.84,-11.14993,7.0805990095928505e-12
1.4999956513820392,499999995007973.0,-11.00707,9.838525146911634e-12
1.4999956513820392,1000000000000000.0,-10.88117,1.31471010203593e-11
1.4999956513820392,2000000019968108.0,-10.75574,1.7549308155727625e-11
2.0000000199681045,49999999.5007974,-10.97804,1.0518649890158391e-11
2.0000000199681045,100000000.0,-10.97219,1.066129596905328e-11
2.0000000199681045,200000001.9968108,-10.96532,1.0831285413233767e-11
2.0000000199681045,499999995.00797296,-10.95441,1.1106826812105794e-11
2.0000000199681045,1000000000.0,-10.94464,1.1359520509622424e-11
2.0000000199681045,2000000019.968108,-10.93353,1.1653865460060403e-11
2.0000000199681045,4999999950.07973,-10.91672,1.2113788866689647e-11
2.0000000199681045,10000000000.0,-10.90218,1.2526218990057928e-11
2.0000000199681045,20000000199.681084,-10.88579,1.3007984177851628e-11
2.0000000199681045,49999999500.797295,-10.86059,1.3785102510225836e-11
2.0000000199681045,100000000000.0,-10.83806,1.4519110148113672e-11
2.0000000199681045,200000001996.8108,-10.81154,1.5433342704388622e-11
2.0000000199681045,499999995007.97296,-10.76815,1.7054932307715504e-11
2.0000000199681045,1000000000000.0,-10.72715,1.8743470197305716e-11
2.0000000199681045,2000000019968.1084,-10.67834,2.097297310861599e-11
2.0000000199681045,4999999950079.7295,-10.60387,2.489602434545665e-11
2.0000000199681045,10000000000000.0,-10.5419,2.8714416797908054e-11
2.0000000199681045,20000000199681.08,-10.47518,3.348266363674488e-11
2.0000000199681045,49999999500797.3,-10.38213,4.1482985051381015e-11
2.0000000199681045,100000000000000.0,-10.30985,4.8994801219658086e-11
2.0000000199681045,200000001996810.84,-10.23135,5.870160827816675e-11
2.0000000199681045,499999995007973.0,-10.10712,7.814118626794466e-11
2.0000000199681045,1000000000000000.0,-10.00135,9.96896336476926e-11
2.0000000199681045,2000000019968108.0,-9.9018,1.2537184006801211e-10
2.9999913327161485,49999999.5007974,-9.90885,1.2335308061086506e-10
2.9999913327161485,100000000.0,-9.90461,1.2456326980308557e-10
2.9999913327161485,200000001.9968108,-9.8996,1.2600854590882393e-10
2.9999913327161485,499999995.00797296,-9.89157,1.2836008617833752e-10
2.9999913327161485,1000000000.0,-9.88431,1.3052388742268878e-10
2.9999913327161485,2000000019.968108,-9.87598,1.3305156890790938e-10
2.9999913327161485,4999999950.07973,-9.86326,1.3700613030845976e-10
2.9999913327161485,10000000000.0,-9.85217,1.4054972493448294e-10
2.9999913327161485,20000000199.681084,-9.83954,1.4469715759501535e-10
2.9999913327161485,49999999500.797295,-9.81988,1.513979518647872e-10
2.9999913327161485,100000000000.0,-9.80202,1.5775386196883446e-10
2.9999913327161485,200000001996.8108,-9.78067,1.6570285834997742e-10
2.9999913327161485,499999995007.97296,-9.7453,1.797628728208325e-10
2.9999913327161485,1000000000000.0,-9.7118,1.9417798944097463e-10
2.9999913327161485,2000000019968.1084,-9.67211,2.127600089903425e-10
2.9999913327161485,4999999950079.7295,-9.61193,2.4438244189086385e-10
2.9999913327161485,10000000000000.0,-9.5618,2.7428370042473765e-10
2.9999913327161485,20000000199681.08,-9.50786,3.1055605412221694e-10
2.9999913327161485,49999999500797.3,-9.43317,3.6883319444065165e-10
2.9999913327161485,100000000000000.0,-9.37468,4.2200733539566814e-10
2.9999913327161485,200000001996810.84,-9.30983,4.899705756559053e-10
2.9999913327161485,499999995007973.0,-9.20774,6.198120282095724e-10
2.9999913327161485,1000000000000000.0,-9.12512,7.496870345287016e-10
2.9999913327161485,2000000019968108.0,-9.05251,8.861148198768444e-10
4.999999950079738,49999999.5007974,-9.0077,9.824263447582708e-10
4.999999950079738,100000000.0,-9.00484,9.88917358171741e-10
4.999999950079738,200000001.9968108,-9.00145,9.96666819037749e-10
4.999999950079738,499999995.00797296,-8.99595,1.0093690872981616e-09
4.999999950079738,1000000000.0,-8.99092,1.0211275650329631e-09
4.999999950079738,2000000019.968108,-8.98509,1.0349276736421023e-09
4.999999950079738,4999999950.07973,-8.97609,1.0565985248029592e-09
4.999999950079738,10000000000.0,-8.96814,1.076118258169888e-09
4.999999950079738,20000000199.681084,-8.95902,1.098955229508605e-09
4.999999950079738,49999999500.797295,-8.94461,1.1360305224602844e-09
4.999999950079738,100000000000.0,-8.93135,1.1712510682549155e-09
4.999999950079738,200000001996.8108,-8.91533,1.215262228976906e-09
4.999999950079738,499999995007.97296,-8.8886,1.2924090783552398e-09
4.999999950079738,1000000000000.0,-8.86328,1.3699982108827034e-09
4.999999950079738,2000000019968.1084,-8.83336,1.4677091441833034e-09
4.999999950079738,4999999950079.7295,-8.78795,1.6294836230759286e-09
4.999999950079738,10000000000000.0,-8.74977,1.7792214265822987e-09
4.999999950079738,20000000199681.08,-8.7084,1.9570413414806792e-09
4.999999950079738,49999999500797.3,-8.65054,2.2359392516228703e-09
4.999999950079738,100000000000000.0,-8.60394,2.4892011903812692e-09
4.999999950079738,200000001996810.84,-8.55097,2.812095076335935e-09
4.999999950079738,499999995007973.0,-8.46909,3.3955489843448393e-09
4.999999950079738,1000000000000000.0,-8.40694,3.917960019869025e-09
4.999999950079738,2000000019968108.0,-8.3561,4.404534336784067e-09
7.000031591308969,49999999.5007974,-8.59466,2.542962758429894e-09
7.000031591308969,100000000.0,-8.59242,2.5561127110615606e-09
7.000031591308969,200000001.9968108,-8.58975,2.571875847477982e-09
7.000031591308969,499999995.00797296,-8.58541,2.5977060151493188e-09
7.000031591308969,1000000000.0,-8.58141,2.62174229296821e-09
7.000031591308969,2000000019.968108,-8.57675,2.650025176740331e-09
7.000031591308969,4999999950.07973,-8.5695,2.6946353323504753e-09
7.000031591308969,10000000000.0,-8.56306,2.7348908610696462e-09
7.000031591308969,20000000199.681084,-8.55562,2.782146532142321e-09
7.000031591308969,49999999500.797295,-8.54381,2.858840987507671e-09
7.000031591308969,100000000000.0,-8.53291,2.9315006849874373e-09
7.000031591308969,200000001996.8108,-8.51972,3.0218993830144283e-09
7.000031591308969,499999995007.97296,-8.49779,3.178410596912243e-09
7.000031591308969,1000000000000.0,-8.4771,3.333496473327569e-09
7.000031591308969,2000000019968.1084,-8.45266,3.526468427856788e-09
7.000031591308969,4999999950079.7295,-8.41539,3.842465705013002e-09
7.000031591308969,10000000000000.0,-8.38366,4.1337099478855206e-09
7.000031591308969,20000000199681.08,-8.34874,4.4798141789929565e-09
7.000031591308969,49999999500797.3,-8.29854,5.0287494722314305e-09
7.000031591308969,100000000000000.0,-8.25642,5.540896016149947e-09
7.000031591308969,200000001996810.84,-8.20733,6.203974441739679e-09
7.000031591308969,499999995007973.0,-8.13203,7.378532592711812e-09
7.000031591308969,1000000000000000.0,-8.07677,8.379729505599036e-09
7.000031591308969,2000000019968108.0,-8.0331,9.266164374937461e-09
10.0,49999999.5007974,-8.26495,5.433128790986458e-09
10.0,100000000.0,-8.26319,5.455191490683661e-09
10.0,200000001.9968108,-8.2611,5.4815073401765445e-09
10.0,499999995.00797296,-8.25766,5.525098183047228e-09
10.0,1000000000.0,-8.25448,5.565702646759852e-09
10.0,2000000019.968108,-8.25074,5.613839603782434e-09
10.0,4999999950.07973,-8.24487,5.690232345278128e-09
10.0,10000000000.0,-8.23964,5.759171348834504e-09
10.0,20000000199.681084,-8.23356,5.840365138926298e-09
10.0,49999999500.797295,-8.2239,5.971727748672404e-09
10.0,100000000000.0,-8.21497,6.095790040116663e-09
10.0,200000001996.8108,-8.20412,6.249999750398704e-09
10.0,499999995007.97296,-8.18562,6.521988069090412e-09
10.0,1000000000000.0,-8.16765,6.7975122669774105e-09
10.0,2000000019968.1084,-8.14624,7.1410158989373485e-09
10.0,4999999950079.7295,-8.11358,7.698746151493337e-09
10.0,10000000000000.0,-8.08571,8.208995167423832e-09
10.0,20000000199681.08,-8.05555,8.79933799732945e-09
10.0,49999999500797.3,-8.01318,9.7010780787083e-09
10.0,100000000000000.0,-7.97699,1.0544111748262729e-08
10.0,200000001996810.84,-7.93348,1.1655207238142056e-08
10.0,499999995007973.0,-7.86627,1.3605985381140072e-08
10.0,1000000000000000.0,-7.8179,1.5208976890520456e-08
10.0,2000000019968108.0,-7.78058,1.6573720095214458e-08
14.999956513820395,49999999.5007974,-7.99032,1.0225392798520424e-08
14.999956513820395,100000000.0,-7.98895,1.0257700155908453e-08
14.999956513820395,200000001.9968108,-7.9873,1.0296746007038329e-08
14.999956513820395,499999995.00797296,-7.9846,1.0360960070404836e-08
14.999956513820395,1000000000.0,-7.98207,1.0421494412116591e-08
14.999956513820395,2000000019.968108,-7.97908,1.0493491135977898e-08
14.999956513820395,4999999950.07973,-7.97436,1.0608158498864778e-08
14.999956513820395,10000000000.0,-7.97011,1.0712479405235756e-08
14.999956513820395,20000000199.681084,-7.96516,1.0835276541394485e-08
14.999956513820395,49999999500.797295,-7.95726,1.1034178366254368e-08
14.999956513820395,100000000000.0,-7.94994,1.1221734775883633e-08
14.999956513820395,200000001996.8108,-7.9411,1.1452492077078902e-08
14.999956513820395,499999995007.97296,-7.92618,1.1852773899798705e-08
14.999956513820395,1000000000000.0,-7.91177,1.2252649211208393e-08
14.999956513820395,2000000019968.1084,-7.89454,1.2748526762655112e-08
14.999956513820395,4999999950079.7295,-7.86783,1.3557199908085771e-08
14.999956513820395,10000000000000.0,-7.84455,1.4303752932986854e-08
14.999956513820395,20000000199681.08,-7.81875,1.5179239032493855e-08
14.999956513820395,49999999500797.3,-7.7811,1.655388752236245e-08
14.999956513820395,100000000000000.0,-7.74765,1.7879278940346894e-08
14.999956513820395,200000001996810.84,-7.70687,1.9639480693391337e-08
14.999956513820395,499999995007973.0,-7.64464,2.2665223188965692e-08
14.999956513820395,1000000000000000.0,-7.60102,2.5059938450933505e-08
14.999956513820395,2000000019968108.0,-7.56813,2.7031490929881362e-08
20.000000199681043,49999999.5007974,-7.84538,1.4276442483552224e-08
20.000000199681043,100000000.0,-7.8442,1.4315285042150741e-08
20.000000199681043,200000001.9968108,-7.84279,1.4361837218790433e-08
20.000000199681043,499999995.00797296,-7.84047,1.4438763402900562e-08
20.000000199681043,1000000000.0,-7.83828,1.4511757083637227e-08
20.000000199681043,2000000019.968108,-7.83569,1.459855935636214e-08
20.000000199681043,4999999950.07973,-7.83156,1.4738049132346392e-08
20.000000199681043,10000000000.0,-7.82783,1.4865174099970442e-08
20.000000199681043,20000000199.681084,-7.82347,1.5015161232310883e-08
20.000000199681043,49999999500.797295,-7.81649,1.5258435282486235e-08
20.000000199681043,100000000000.0,-7.81004,1.548673974199275e-08
20.000000199681043,200000001996.8108,-7.80229,1.5765581719256044e-08
20.000000199681043,499999995007.97296,-7.78931,1.6243888508273913e-08
20.000000199681043,1000000000000.0,-7.77684,1.6717063802660326e-08
20.000000199681043,2000000019968.1084,-7.76186,1.7303740760143256e-08
20.000000199681043,4999999950079.7295,-7.7383,1.8268378453085242e-08
20.000000199681043,10000000000000.0,-7.71738,1.9169906736613916e-08
20.000000199681043,20000000199681.08,-7.69373,2.0242772766432162e-08
20.000000199681043,49999999500797.3,-7.65824,2.1966456260733953e-08
20.000000199681043,100000000000000.0,-7.62599,2.3659741754272237e-08
20.000000199681043,200000001996810.84,-7.58635,2.592089542774904e-08
20.000000199681043,499999995007973.0,-7.526,2.9785164294291914e-08
20.000000199681043,1000000000000000.0,-7.484,3.2809529311311904e-08
20.000000199681043,2000000019968108.0,-7.45254,3.527442961723364e-08
29.999913327161483,49999999.5007974,-7.69534,2.016786845545558e-08
29.999913327161483,100000000.0,-7.69436,2.0213429309514817e-08
29.999913327161483,200000001.9968108,-7.69319,2.0267958202600973e-08
29.999913327161483,499999995.00797296,-7.69126,2.0358229223715883e-08
29.999913327161483,1000000000.0,-7.68943,2.0444194309268987e-08
29.999913327161483,2000000019.968108,-7.68724,2.054754782720456e-08
29.999913327161483,4999999950.07973,-7.68373,2.0714287516221756e-08
29.999913327161483,10000000000.0,-7.68055,2.0866518754096548e-08
29.999913327161483,20000000199.681084,-7.67681,2.104699025612012e-08
29.999913327161483,49999999500.797295,-7.67081,2.1339783056169105e-08
29.999913327161483,100000000000.0,-7.66528,2.1613246169564954e-08
29.999913327161483,200000001996.8108,-7.65867,2.1944717781335356e-08
29.999913327161483,499999995007.97296,-7.64774,2.2504014552544257e-08
29.999913327161483,1000000000000.0,-7.63731,2.3051012169145104e-08
29.999913327161483,2000000019968.1084,-7.62469,2.373066999748403e-08
29.999913327161483,4999999950079.7295,-7.60448,2.4861080510988106e-08
29.999913327161483,10000000000000.0,-7.58607,2.5937612635035413e-08
29.999913327161483,20000000199681.08,-7.56467,2.7247709472659277e-08
29.999913327161483,49999999500797.3,-7.53147,2.9412368601745858e-08
29.999913327161483,100000000000000.0,-7.50056,3.158202696455068e-08
29.999913327161483,200000001996810.84,-7.4622,3.4498483136275055e-08
29.999913327161483,499999995007973.0,-7.40358,3.948389606253074e-08
29.999913327161483,1000000000000000.0,-7.36275,4.3376049914882275e-08
29.999913327161483,2000000019968108.0,-7.33216,4.6541459685999924e-08
49.9999995007974,49999999.5007974,-7.57649,2.6516121479323305e-08
49.9999995007974,100000000.0,-7.57568,2.656562268426639e-08
49.9999995007974,200000001.9968108,-7.57471,2.6625023514249094e-08
49.9999995007974,499999995.00797296,-7.57311,2.6723294636786133e-08
49.9999995007974,1000000000.0,-7.57158,2.6817605635550223e-08
49.9999995007974,2000000019.968108,-7.56974,2.693146633215772e-08
49.9999995007974,4999999950.07973,-7.56676,2.7116897530430664e-08
49.9999995007974,10000000000.0,-7.56404,2.7287264462402214e-08
49.9999995007974,20000000199.681084,-7.56083,2.7489699978720997e-08
49.9999995007974,49999999500.797295,-7.55567,2.7818262441233593e-08
49.9999995007974,100000000000.0,-7.55092,2.8124188493835942e-08
49.9999995007974,200000001996.8108,-7.54527,2.849246346077056e-08
49.9999995007974,499999995007.97296,-7.53602,2.9105830776761057e-08
49.9999995007974,1000000000000.0,-7.52727,2.9698191271513063e-08
49.9999995007974,2000000019968.1084,-7.51664,3.0434067534512536e-08
49.9999995007974,4999999950079.7295,-7.49928,3.167524625985457e-08
49.9999995007974,10000000000000.0,-7.48309,3.287834891391481e-08
49.9999995007974,20000000199681.08,-7.46375,3.437557726853155e-08
49.9999995007974,49999999500797.3,-7.43273,3.692070625172863e-08
49.9999995007974,100000000000000.0,-7.40328,3.9511179994128043e-08
49.9999995007974,200000001996810.84,-7.36638,4.301500720688944e-08
49.9999995007974,499999995007973.0,-7.30929,4.9058018199789047e-08
49.9999995007974,1000000000000000.0,-7.26895,5.3833175668260095e-08
49.9999995007974,2000000019968108.0,-7.23842,5.775372492089022e-08
70.00031591308968,49999999.5007974,-7.53141,2.9416432351342757e-08
70.00031591308968,100000000.0,-7.53068,2.9465919633151822e-08
70.00031591308968,200000001.9968108,-7.5298,2.9525686217289688e-08
70.00031591308968,499999995.00797296,-7.52835,2.9624429802725675e-08
70.00031591308968,1000000000.0,-7.52697,2.9718713142453297e-08
70.00031591308968,2000000019.968108,-7.52529,2.9833897960660066e-08
70.00031591308968,4999999950.07973,-7.52256,3.00220262258838e-08
70.00031591308968,10000000000.0,-7.52005,3.0196040556249436e-08
70.00031591308968,20000000199.681084,-7.51709,3.0402549202800793e-08
70.00031591308968,49999999500.797295,-7.51231,3.073901876061259e-08
70.00031591308968,100000000000.0,-7.50791,3.1052030209327135e-08
70.00031591308968,200000001996.8108,-7.50268,3.1428235589202266e-08
70.00031591308968,499999995007.97296,-7.49416,3.2050883087978407e-08
70.00031591308968,1000000000000.0,-7.48612,3.2649760508537334e-08
70.00031591308968,2000000019968.1084,-7.47635,3.3392581914282336e-08
70.00031591308968,4999999950079.7295,-7.46027,3.4652135184917316e-08
70.00031591308968,10000000000000.0,-7.44513,3.5881451244496256e-08
70.00031591308968,20000000199681.08,-7.42681,3.742742941574824e-08
70.00031591308968,49999999500797.3,-7.39694,4.0092210323681445e-08
70.00031591308968,100000000000000.0,-7.36835,4.282032902253055e-08
70.00031591308968,200000001996810.84,-7.33234,4.6522173862098285e-08
70.00031591308968,499999995007973.0,-7.27602,5.2963905255028945e-08
70.00031591308968,1000000000000000.0,-7.23565,5.8123264699176916e-08
70.00031591308968,2000000019968108.0,-7.20473,6.241227307309954e-08
100.0,49999999.5007974,-7.50616,3.117740754343104e-08
100.0,100000000.0,-7.50548,3.12262620516317e-08
100.0,200000001.9968108,-7.50468,3.128383596329201e-08
100.0,499999995.00797296,-7.50336,3.1379065086796753e-08
100.0,1000000000.0,-7.50209,3.1470960654362537e-08
100.0,2000000019.968108,-7.50054,3.1583481404130044e-08
100.0,4999999950.07973,-7.49802,3.176727773560861e-08
100.0,10000000000.0,-7.49569,3.1938167924798766e-08
100.0,20000000199.681084,-7.49292,3.2142525713148864e-08
100.0,49999999500.797295,-7.48846,3.247431507399585e-08
100.0,100000000000.0,-7.48434,3.2783853473905213e-08
100.0,200000001996.8108,-7.47944,3.3155837312983445e-08
100.0,499999995007.97296,-7.47147,3.376991752689568e-08
100.0,1000000000000.0,-7.46397,3.4358168086185526e-08
100.0,2000000019968.1084,-7.45484,3.508811195248289e-08
100.0,4999999950079.7295,-7.43977,3.6327038986221276e-08
100.0,10000000000000.0,-7.4255,3.754049544720836e-08
100.0,20000000199681.08,-7.40807,3.9077790475958864e-08
100.0,49999999500797.3,-7.37927,4.1757068308447534e-08
100.0,100000000000000.0,-7.35152,4.4512296377808746e-08
100.0,200000001996810.84,-7.31641,4.8260298079629e-08
100.0,499999995007973.0,-7.26073,5.4861793357852384e-08
100.0,1000000000000000.0,-7.22002,6.025318378188794e-08
100.0,2000000019968108.0,-7.18832,6.481566780686795e-08
149.99956513820388,49999999.5007974,-7.49976,3.1640256823363174e-08
149.99956513820388,100000000.0,-7.49914,3.1685458798812615e-08
149.99956513820388,200000001.9968108,-7.49841,3.173876326517679e-08
149.99956513820388,499999995.00797296,-7.4972,3.182731482170779e-08
149.99956513820388,1000000000.0,-7.49603,3.1913173990904625e-08
149.99956513820388,2000000019.968108,-7.49461,3.2017690338975144e-08
149.99956513820388,4999999950.07973,-7.49227,3.2190668816942545e-08
149.99956513820388,10000000000.0,-7.4901,3.2351915531420954e-08
149.99956513820388,20000000199.681084,-7.48752,3.2544679577413326e-08
149.99956513820388,49999999500.797295,-7.48335,3.2858671453692215e-08
149.99956513820388,100000000000.0,-7.47947,3.315354706798435e-08
149.99956513820388,200000001996.8108,-7.47485,3.3508115210362616e-08
149.99956513820388,499999995007.97296,-7.46733,3.4093375361040015e-08
149.99956513820388,1000000000000.0,-7.46027,3.4652135184917316e-08
149.99956513820388,2000000019968.1084,-7.45168,3.534435006662126e-08
149.99956513820388,4999999950079.7295,-7.43745,3.652161719001637e-08
149.99956513820388,10000000000000.0,-7.42395,3.7674717110816226e-08
149.99956513820388,20000000199681.08,-7.40737,3.9140827220397576e-08
149.99956513820388,49999999500797.3,-7.37966,4.1719586951073666e-08
149.99956513820388,100000000000000.0,-7.35283,4.4378232385241136e-08
149.99956513820388,200000001996810.84,-7.31875,4.80009684908112e-08
149.99956513820388,499999995007973.0,-7.26369,5.4489145833523515e-08
149.99956513820388,1000000000000000.0,-7.22227,5.994183032460326e-08
149.99956513820388,2000000019968108.0,-7.18925,6.467701977143775e-08
200.00000199681045,49999999.5007974,-7.50662,3.1144402254368725e-08
200.00000199681045,100000000.0,-7.50603,3.1186741462750914e-08
200.00000199681045,200000001.9968108,-7.50534,3.123632983185037e-08
200.00000199681045,499999995.00797296,-7.50419,3.131915239294817e-08
200.00000199681045,1000000000.0,-7.5031,3.1397856482728214e-08
200.00000199681045,2000000019.968108,-7.50175,3.1495608253200634e-08
200.00000199681045,4999999950.07973,-7.49952,3.165774670763967e-08
200.00000199681045,10000000000.0,-7.49745,3.1808998818818395e-08
200.00000199681045,20000000199.681084,-7.49498,3.1990424276473665e-08
200.00000199681045,49999999500.797295,-7.49098,3.2286428027848636e-08
200.00000199681045,100000000000.0,-7.48726,3.256416900317249e-08
200.00000199681045,200000001996.8108,-7.48281,3.289955320354129e-08
200.00000199681045,499999995007.97296,-7.47556,3.345337971084992e-08
200.00000199681045,1000000000000.0,-7.46875,3.3982083289425596e-08
200.00000199681045,2000000019968.1084,-7.46046,3.4636978497533244e-08
200.00000199681045,4999999950079.7295,-7.44671,3.5751148664405326e-08
200.00000199681045,10000000000000.0,-7.43367,3.684088038787136e-08
200.00000199681045,20000000199681.08,-7.4176,3.8229621656591936e-08
200.00000199681045,49999999500797.3,-7.39059,4.0682721718720414e-08
200.00000199681045,100000000000000.0,-7.3644,4.3211565447029923e-08
200.00000199681045,200000001996810.84,-7.33107,4.6658416977042155e-08
200.00000199681045,499999995007973.0,-7.2765,5.2905399720958136e-08
200.00000199681045,1000000000000000.0,-7.23453,5.827335196005562e-08
200.00000199681045,2000000019968108.0,-7.20039,6.3039099395143e-08
299.999133271615,49999999.5007974,-7.52857,2.9609426793574558e-08
299.999133271615,100000000.0,-7.52802,2.964694857136928e-08
299.999133271615,200000001.9968108,-7.52737,2.9691353797485448e-08
299.999133271615,499999995.00797296,-7.52631,2.9763911189100323e-08
299.999133271615,1000000000.0,-7.52529,2.9833897960660066e-08
299.999133271615,2000000019.968108,-7.52404,2.991989051541681e-08
299.999133271615,4999999950.07973,-7.52195,3.006422409875522e-08
299.999133271615,10000000000.0,-7.52,3.0199517204020194e-08
299.999133271615,20000000199.681084,-7.51768,3.036127461604774e-08
299.999133271615,49999999500.797295,-7.5139,3.062668558003772e-08
299.999133271615,100000000000.0,-7.51038,3.087592661210178e-08
299.999133271615,200000001996.8108,-7.50616,3.117740754343104e-08
299.999133271615,499999995007.97296,-7.49926,3.1676704992439974e-08
299.999133271615,1000000000000.0,-7.49278,3.215288890948718e-08
299.999133271615,2000000019968.1084,-7.48488,3.2743115495230635e-08
299.999133271615,4999999950079.7295,-7.47173,3.3749706469138615e-08
299.999133271615,10000000000000.0,-7.45924,3.4734415892004185e-08
299.999133271615,20000000199681.08,-7.44381,3.599067567452143e-08
299.999133271615,49999999500797.3,-7.4177,3.822081997426824e-08
299.999133271615,100000000000000.0,-7.39235,4.0518186583028586e-08
299.999133271615,200000001996810.84,-7.36009,4.3642538127635154e-08
299.999133271615,499999995007973.0,-7.30635,4.9391248012008963e-08
299.999133271615,1000000000000000.0,-7.26365,5.4494164700444424e-08
299.999133271615,2000000019968108.0,-7.22783,5.9179324007243575e-08
499.999995007974,49999999.5007974,-7.57205,2.67885989192188e-08
499.999995007974,100000000.0,-7.57154,2.6820075742059752e-08
499.999995007974,200000001.9968108,-7.57095,2.6856536251604762e-08
499.999995007974,499999995.00797296,-7.56998,2.6916587565393433e-08
499.999995007974,1000000000.0,-7.56905,2.697428861593063e-08
499.999995007974,2000000019.968108,-7.5679,2.704581045217033e-08
499.999995007974,4999999950.07973,-7.56597,2.716626920297253e-08
499.999995007974,10000000000.0,-7.56416,2.7279725754155647e-08
499.999995007974,20000000199.681084,-7.562,2.7415741719278808e-08
499.999995007974,49999999500.797295,-7.55847,2.7639488393980018e-08
499.999995007974,100000000000.0,-7.55517,2.7850307842714985e-08
499.999995007974,200000001996.8108,-7.55121,2.8105414844800773e-08
499.999995007974,499999995007.97296,-7.54473,2.8527912908732228e-08
499.999995007974,1000000000000.0,-7.53864,2.8930770488766613e-08
499.999995007974,2000000019968.1084,-7.53121,2.9429982238804462e-08
499.999995007974,4999999950079.7295,-7.51878,3.028447156200063e-08
499.999995007974,10000000000000.0,-7.50691,3.1123612531761736e-08
499.999995007974,20000000199681.08,-7.49222,3.2194375117997924e-08
499.999995007974,49999999500797.3,-7.46713,3.4109079556362276e-08
499.999995007974,100000000000000.0,-7.44268,3.608444250899976e-08
499.999995007974,200000001996810.84,-7.4116,3.876144867002412e-08
499.999995007974,499999995007973.0,-7.3588,4.3772363793476606e-08
499.999995007974,1000000000000000.0,-7.31505,4.841166283889646e-08
499.999995007974,2000000019968108.0,-7.27677,5.287251876315088e-08
700.0031591308968,49999999.5007974,-7.6082,2.4649039456046586e-08
700.0031591308968,100000000.0,-7.60772,2.4676297641889893e-08
700.0031591308968,200000001.9968108,-7.60715,2.4708705891529456e-08
700.0031591308968,499999995.00797296,-7.60623,2.4761103757209916e-08
700.0031591308968,1000000000.0,-7.60535,2.481132742609506e-08
700.0031591308968,2000000019.968108,-7.60426,2.487367754709461e-08
700.0031591308968,4999999950.07973,-7.60243,2.4978709659409443e-08
700.0031591308968,10000000000.0,-7.6007,2.507841010033165e-08
700.0031591308968,20000000199.681084,-7.59863,2.519822792905172e-08
700.0031591308968,49999999500.797295,-7.59525,2.5395104249994833e-08
700.0031591308968,100000000000.0,-7.59209,2.5580557192865568e-08
700.0031591308968,200000001996.8108,-7.58829,2.580536462799855e-08
700.0031591308968,499999995007.97296,-7.58206,2.6178213178543173e-08
700.0031591308968,1000000000000.0,-7.5762,2.6533833523823413e-08
700.0031591308968,2000000019968.1084,-7.56907,2.6973046432635952e-08
700.0031591308968,4999999950079.7295,-7.5571,2.7726815976123933e-08
700.0031591308968,10000000000000.0,-7.54563,2.8468854971236626e-08
700.0031591308968,20000000199681.08,-7.53142,2.9415755020754658e-08
700.0031591308968,49999999500797.3,-7.50699,3.1117879878474386e-08
700.0031591308968,100000000000000.0,-7.48306,3.2880620148242286e-08
700.0031591308968,200000001996810.84,-7.45264,3.5266308314689e-08
700.0031591308968,499999995007973.0,-7.40035,3.977864633278824e-08
700.0031591308968,1000000000000000.0,-7.35581,4.407476445351349e-08
700.0031591308968,2000000019968108.0,-7.31566,4.8343712667049034e-08
1000.0,49999999.5007974,-7.65189,2.2289996485277992e-08
1000.0,100000000.0,-7.65142,2.23141321112966e-08
1000.0,200000001.9968108,-7.65088,2.2341894669145565e-08
1000.0,499999995.00797296,-7.65001,2.2386695907025984e-08
1000.0,1000000000.0,-7.64917,2.2430037517279965e-08
1000.0,2000000019.968108,-7.64814,2.2483297131357372e-08
1000.0,4999999950.07973,-7.6464,2.2573557110214476e-08
1000.0,10000000000.0,-7.64476,2.2658961421495372e-08
1000.0,20000000199.681084,-7.64277,2.2763026291258743e-08
1000.0,49999999500.797295,-7.63954,2.2932954004081236e-08
1000.0,100000000000.0,-7.63651,2.3093512835286676e-08
1000.0,200000001996.8108,-7.63286,2.3288418665938773e-08
1000.0,499999995007.97296,-7.62687,2.361184915201973e-08
1000.0,1000000000000.0,-7.62124,2.3919935266205803e-08
1000.0,2000000019968.1084,-7.61438,2.4300768042989552e-08
1000.0,4999999950079.7295,-7.60286,2.495399018900923e-08
1000.0,10000000000000.0,-7.59179,2.5598233720317808e-08
1000.0,20000000199681.08,-7.57805,2.6421045562827903e-08
1000.0,49999999500797.3,-7.55431,2.7905512308416533e-08
1000.0,100000000000000.0,-7.53097,2.944625034264728e-08
1000.0,200000001996810.84,-7.5013,3.152825975955189e-08
1000.0,499999995007973.0,-7.44979,3.5498499820475614e-08
1000.0,1000000000000000.0,-7.40464,3.938764364157416e-08
1000.0,2000000019968108.0,-7.36259,4.339203318627721e-08
1499.995651382039,49999999.5007974,-7.70708,1.962998645816066e-08
1499.995651382039,100000000.0,-7.70664,1.9649884410384313e-08
1499.995651382039,200000001.9968108,-7.70612,1.9673426177451133e-08
1499.995651382039,499999995.00797296,-7.7053,1.9710607052410323e-08
1499.995651382039,1000000000.0,-7.70451,1.9746494109028836e-08
1499.995651382039,2000000019.968108,-7.70354,1.9790647342448752e-08
1499.995651382039,4999999950.07973,-7.70189,1.9865980278501903e-08
1499.995651382039,10000000000.0,-7.70033,1.993746784615193e-08
1499.995651382039,20000000199.681084,-7.69844,2.0024422501002608e-08
1499.995651382039,49999999500.797295,-7.69535,2.0167404078469285e-08
1499.995651382039,100000000000.0,-7.69245,2.0302522478330063e-08
1499.995651382039,200000001996.8108,-7.68896,2.0466331299215407e-08
1499.995651382039,499999995007.97296,-7.68322,2.0738626973480783e-08
1499.995651382039,1000000000000.0,-7.67781,2.099858352180369e-08
1499.995651382039,2000000019968.1084,-7.67122,2.1319646529503564e-08
1499.995651382039,4999999950079.7295,-7.66012,2.1871572065804638e-08
1499.995651382039,10000000000000.0,-7.64942,2.2417129465366737e-08
1499.995651382039,20000000199681.08,-7.63615,2.3112663691779704e-08
1499.995651382039,49999999500797.3,-7.61319,2.4367445309299423e-08
1499.995651382039,100000000000000.0,-7.59055,2.5671426378735862e-08
1499.995651382039,200000001996810.84,-7.56185,2.7425212416445582e-08
1499.995651382039,499999995007973.0,-7.51171,3.0781515633475856e-08
1499.995651382039,1000000000000000.0,-7.46643,3.4164101227363776e-08
1499.995651382039,2000000019968108.0,-7.42259,3.779288099941342e-08
2000.000019968104,49999999.5007974,-7.74911,1.781927375949907e-08
2000.000019968104,100000000.0,-7.74868,1.7836925566160642e-08
2000.000019968104,200000001.9968108,-7.74818,1.7857472911350512e-08
2000.000019968104,499999995.00797296,-7.74738,1.7890397907822177e-08
2000.000019968104,1000000000.0,-7.74662,1.7921732881657137e-08
2000.000019968104,2000000019.968108,-7.74569,1.7960151674983236e-08
2000.000019968104,4999999950.07973,-7.74411,1.8025611224941792e-08
2000.000019968104,10000000000.0,-7.74259,1.808881012188772e-08
2000.000019968104,20000000199.681084,-7.74076,1.8165192310760535e-08
2000.000019968104,49999999500.797295,-7.73777,1.829068624502436e-08
2000.000019968104,100000000000.0,-7.73496,1.840941550643671e-08
2000.000019968104,200000001996.8108,-7.73157,1.8553677353854378e-08
2000.000019968104,499999995007.97296,-7.72599,1.8793600901703423e-08
2000.000019968104,1000000000000.0,-7.72073,1.9022605439079355e-08
2000.000019968104,2000000019968.1084,-7.71431,1.9305897674322136e-08
2000.000019968104,4999999950079.7295,-7.70349,1.9792925956091344e-08
2000.000019968104,10000000000000.0,-7.69303,2.027542656998826e-08
2000.000019968104,20000000199681.08,-7.68007,2.0889594032430066e-08
2000.000019968104,49999999500797.3,-7.65764,2.1996825014734812e-08
2000.000019968104,100000000000000.0,-7.63548,2.3148347856420787e-08
2000.000019968104,200000001996810.84,-7.60746,2.4691075076393703e-08
2000.000019968104,499999995007973.0,-7.55838,2.7645216792170974e-08
2000.000019968104,1000000000000000.0,-7.5132,3.0676089769179345e-08
2000.000019968104,2000000019968108.0,-7.46824,3.40220125152389e-08
2999.99133271615,49999999.5007974,-7.81151,1.5434408838756587e-08
2999.99133271615,100000000.0,-7.8111,1.5448986725154426e-08
2999.99133271615,200000001.9968108,-7.81062,1.5466071015680033e-08
2999.99133271615,499999995.00797296,-7.80986,1.5493159788836648e-08
2999.99133271615,1000000000.0,-7.80914,1.5518866601629968e-08
2999.99133271615,2000000019.968108,-7.80826,1.5550343971351262e-08
2999.99133271615,4999999950.07973,-7.80676,1.560414581568915e-08
2999.99133271615,10000000000.0,-7.80531,1.5656331200786276e-08
2999.99133271615,20000000199.681084,-7.80356,1.571954603906161e-08
2999.99133271615,49999999500.797295,-7.80069,1.5823771392296953e-08
2999.99133271615,100000000000.0,-7.798,1.59220872705117e-08
2999.99133271615,200000001996.8108,-7.79475,1.60416855860789e-08
2999.99133271615,499999995007.97296,-7.78938,1.6241270513777806e-08
2999.99133271615,1000000000000.0,-7.78431,1.6431983872258388e-08
2999.99133271615,2000000019968.1084,-7.77813,1.6667482200228836e-08
2999.99133271615,4999999950079.7295,-7.7677,1.7072613161061435e-08
2999.99133271615,10000000000000.0,-7.7576,1.7474308552673232e-08
2999.99133271615,20000000199681.08,-7.74506,1.7986224090941697e-08
2999.99133271615,49999999500797.3,-7.72337,1.890732110793098e-08
2999.99133271615,100000000000000.0,-7.70186,1.986735261920173e-08
2999.99133271615,200000001996810.84,-7.67471,2.1149007927565943e-08
2999.99133271615,499999995007973.0,-7.62703,2.36031518275244e-08
2999.99133271615,1000000000000000.0,-7.58208,2.6177007655033063e-08
2999.99133271615,2000000019968108.0,-7.53562,2.9132650586670313e-08
4999.99995007974,49999999.5007974,-7.89448,1.2750288158386108e-08
4999.99995007974,100000000.0,-7.8941,1.2761449317491611e-08
4999.99995007974,200000001.9968108,-7.89364,1.2774973267000672e-08
4999.99995007974,499999995.00797296,-7.89292,1.2796169966104716e-08
4999.99995007974,1000000000.0,-7.89224,1.2816221363568577e-08
4999.99995007974,2000000019.968108,-7.89141,1.2840738449382942e-08
4999.99995007974,4999999950.07973,-7.89001,1.2882198889925013e-08
4999.99995007974,10000000000.0,-7.88865,1.2922602928262944e-08
4999.99995007974,20000000199.681084,-7.88699,1.2972091399843576e-08
4999.99995007974,49999999500.797295,-7.88426,1.3053891540562508e-08
4999.99995007974,100000000000.0,-7.8817,1.3131066477410124e-08
4999.99995007974,200000001996.8108,-7.87861,1.3224827014008192e-08
4999.99995007974,499999995007.97296,-7.87349,1.3381660272107425e-08
4999.99995007974,1000000000000.0,-7.86865,1.3531626441310292e-08
4999.99995007974,2000000019968.1084,-7.86275,1.3716711363218073e-08
4999.99995007974,4999999950079.7295,-7.8528,1.4034598729211752e-08
4999.99995007974,10000000000000.0,-7.84314,1.4350267608118108e-08
4999.99995007974,20000000199681.08,-7.83112,1.4752988368200156e-08
4999.99995007974,49999999500797.3,-7.81037,1.547497656479918e-08
4999.99995007974,100000000000000.0,-7.7897,1.622930791114431e-08
4999.99995007974,200000001996810.84,-7.76357,1.7235742612890826e-08
4999.99995007974,499999995007973.0,-7.71767,1.9157110310463244e-08
4999.99995007974,1000000000000000.0,-7.67331,2.1217294279566773e-08
4999.99995007974,2000000019968108.0,-7.6253,2.3697361843832095e-08
7000.031591308969,49999999.5007974,-7.95121,1.1188967181095908e-08
7000.031591308969,100000000.0,-7.95084,1.1198503756036253e-08
7000.031591308969,200000001.9968108,-7.9504,1.1209855128753141e-08
7000.031591308969,499999995.00797296,-7.9497,1.1227937849509342e-08
7000.031591308969,1000000000.0,-7.94905,1.1244755064873892e-08
7000.031591308969,2000000019.968108,-7.94825,1.1265487758837572e-08
7000.031591308969,4999999950.07973,-7.9469,1.1300560897485351e-08
7000.031591308969,10000000000.0,-7.94559,1.1334699217800112e-08
7000.031591308969,20000000199.681084,-7.94399,1.1376534809613088e-08
7000.031591308969,49999999500.797295,-7.94135,1.1445901389829586e-08
7000.031591308969,100000000000.0,-7.93888,1.1511184107772232e-08
7000.031591308969,200000001996.8108,-7.93588,1.1590975824099464e-08
7000.031591308969,499999995007.97296,-7.93092,1.1724113118028869e-08
7000.031591308969,1000000000000.0,-7.92623,1.1851409377323801e-08
7000.031591308969,2000000019968.1084,-7.9205,1.2008810730146724e-08
7000.031591308969,4999999950079.7295,-7.91084,1.2278915197921311e-08
7000.031591308969,10000000000000.0,-7.90146,1.2547002947041162e-08
7000.031591308969,20000000199681.08,-7.88979,1.2888726262075088e-08
7000.031591308969,49999999500797.3,-7.86964,1.3500815428302724e-08
7000.031591308969,100000000000000.0,-7.84956,1.4139693644885956e-08
7000.031591308969,200000001996810.84,-7.82412,1.4992705145120007e-08
7000.031591308969,499999995007973.0,-7.77948,1.66157519437025e-08
7000.031591308969,1000000000000000.0,-7.73578,1.8374689119055713e-08
7000.031591308969,2000000019968108.0,-7.68713,2.0552752858859e-08
10000.0,49999999.5007974,-8.01229,9.72097888953203e-09
10000.0,100000000.0,-8.01193,9.729040247412618e-09
10000.0,200000001.9968108,-8.01151,9.738453614523496e-09
10000.0,499999995.00797296,-8.01083,9.753713618464141e-09
10000.0,1000000000.0,-8.01021,9.767647990930944e-09
10000.0,2000000019.968108,-8.00944,9.78498129959265e-09
10000.0,4999999950.07973,-8.00815,9.814089178441258e-09
10000.0,10000000000.0,-8.0069,9.84237708779116e-09
10000.0,20000000199.681084,-8.00536,9.877339922503998e-09
10000.0,49999999500.797295,-8.00281,9.935506229749208e-09
10000.0,100000000000.0,-8.00042,9.990333817376468e-09
10000.0,200000001996.8108,-7.99753,1.005703589059456e-08
10000.0,499999995007.97296,-7.99273,1.0168806890602798e-08
10000.0,1000000000000.0,-7.98819,1.0275666484418773e-08
10000.0,2000000019968.1084,-7.98265,1.0407585802598915e-08
10000.0,4999999950079.7295,-7.97331,1.0633837025031824e-08
10000.0,10000000000000.0,-7.96423,1.0858504108328091e-08
10000.0,20000000199681.08,-7.95292,1.1144998131366753e-08
10000.0,49999999500797.3,-7.93344,1.1656280771837052e-08
10000.0,100000000000000.0,-7.91401,1.2189615309752216e-08
10000.0,200000001996810.84,-7.88937,1.290119679450284e-08
10000.0,499999995007973.0,-7.84618,1.4250168511289491e-08
10000.0,1000000000000000.0,-7.80349,1.5722079934730466e-08
10000.0,2000000019968108.0,-7.75461,1.759502952778323e-08
